{'STAT2HEADER': 'STAT2HEADER', 'STAT2HEADER_ENVIRON': 'environ({\'SHELL\': \'/bin/bash\', \'GCC_RANLIB\': \'/home/catherine/miniforge3/envs/imp/bin/x86_64-conda-linux-gnu-gcc-ranlib\', \'HISTCONTROL\': \'ignoredups\', \'TERM_PROGRAM_VERSION\': \'3.5a\', \'CONDA_EXE\': \'/home/catherine/miniforge3/bin/conda\', \'_CE_M\': \'\', \'CTEST_INTERACTIVE_DEBUG_MODE\': \'1\', \'TMUX\': \'/tmp/tmux-11150/default,286172,0\', \'build_alias\': \'x86_64-conda-linux-gnu\', \'CMAKE_ARGS\': \'-DCMAKE_AR=/home/catherine/miniforge3/envs/imp/bin/x86_64-conda-linux-gnu-ar -DCMAKE_CXX_COMPILER_AR=/home/catherine/miniforge3/envs/imp/bin/x86_64-conda-linux-gnu-gcc-ar -DCMAKE_C_COMPILER_AR=/home/catherine/miniforge3/envs/imp/bin/x86_64-conda-linux-gnu-gcc-ar -DCMAKE_RANLIB=/home/catherine/miniforge3/envs/imp/bin/x86_64-conda-linux-gnu-ranlib -DCMAKE_CXX_COMPILER_RANLIB=/home/catherine/miniforge3/envs/imp/bin/x86_64-conda-linux-gnu-gcc-ranlib -DCMAKE_C_COMPILER_RANLIB=/home/catherine/miniforge3/envs/imp/bin/x86_64-conda-linux-gnu-gcc-ranlib -DCMAKE_LINKER=/home/catherine/miniforge3/envs/imp/bin/x86_64-conda-linux-gnu-ld -DCMAKE_STRIP=/home/catherine/miniforge3/envs/imp/bin/x86_64-conda-linux-gnu-strip -DCMAKE_BUILD_TYPE=Release\', \'HISTSIZE\': \'1000\', \'HOSTNAME\': \'daf.ucsf.edu\', \'GPROF\': \'/home/catherine/miniforge3/envs/imp/bin/x86_64-conda-linux-gnu-gprof\', \'BABEL_LIBDIR\': \'/usr/lib64/openbabel3\', \'CONDA_TOOLCHAIN_BUILD\': \'x86_64-conda-linux-gnu\', \'STRINGS\': \'/home/catherine/miniforge3/envs/imp/bin/x86_64-conda-linux-gnu-strings\', \'CPP\': \'/home/catherine/miniforge3/envs/imp/bin/x86_64-conda-linux-gnu-cpp\', \'GPG_TTY\': \'/dev/pts/3\', \'XML_CATALOG_FILES\': \'file:///home/catherine/miniforge3/etc/xml/catalog file:///etc/xml/catalog file:///home/catherine/miniforge3/envs/imp/etc/xml/catalog file:///etc/xml/catalog\', \'EDITOR\': \'/usr/bin/nano\', \'KRB5CCNAME\': \'FILE:/tmp/krb5cc_11150_zOEP5i\', \'PWD\': \'/home/catherine/imp/build/modules/pmi/benchmark\', \'IMP_DATA\': \'/home/catherine/imp/build/data\', \'GSETTINGS_SCHEMA_DIR\': \'/home/catherine/miniforge3/envs/imp/share/glib-2.0/schemas\', \'LOGNAME\': \'catherine\', \'XDG_SESSION_TYPE\': \'tty\', \'CONDA_PREFIX\': \'/home/catherine/miniforge3/envs/imp\', \'MODULESHOME\': \'/usr/share/Modules\', \'MAMBA_ROOT_PREFIX\': \'/home/catherine/miniforge3\', \'MANPATH\': \'/usr/share/man:\', \'GSETTINGS_SCHEMA_DIR_CONDA_BACKUP\': \'\', \'CXX\': \'/home/catherine/miniforge3/envs/imp/bin/x86_64-conda-linux-gnu-c++\', \'CXXFLAGS\': \'-fvisibility-inlines-hidden -fmessage-length=0 -march=nocona -mtune=haswell -ftree-vectorize -fPIC -fstack-protector-strong -fno-plt -O2 -ffunction-sections -pipe -isystem /home/catherine/miniforge3/envs/imp/include\', \'IMP_BIN_DIR\': \'/home/catherine/imp/build/bin\', \'CONDA_TOOLCHAIN_HOST\': \'x86_64-conda-linux-gnu\', \'DEBUG_CXXFLAGS\': \'-fvisibility-inlines-hidden -fmessage-length=0 -march=nocona -mtune=haswell -ftree-vectorize -fPIC -fstack-protector-all -fno-plt -Og -g -Wall -Wextra -fvar-tracking-assignments -ffunction-sections -pipe -isystem /home/catherine/miniforge3/envs/imp/include\', \'MOTD_SHOWN\': \'pam\', \'__MODULES_SHARE_MANPATH\': \':1\', \'LDFLAGS\': \'-Wl,-O2 -Wl,--sort-common -Wl,--as-needed -Wl,-z,relro -Wl,-z,now -Wl,--disable-new-dtags -Wl,--gc-sections -Wl,--allow-shlib-undefined -Wl,-rpath,/home/catherine/miniforge3/envs/imp/lib -Wl,-rpath-link,/home/catherine/miniforge3/envs/imp/lib -L/home/catherine/miniforge3/envs/imp/lib\', \'IMP_TMP_DIR\': \'/home/catherine/imp/build/tmp\', \'HOME\': \'/home/catherine\', \'LANG\': \'en_US.UTF-8\', \'MESON_ARGS\': \'-Dbuildtype=release\', \'HEX_VERSION\': \'6d\', \'LS_COLORS\': \'rs=0:di=01;34:ln=01;36:mh=00:pi=40;33:so=01;35:do=01;35:bd=40;33;01:cd=40;33;01:or=40;31;01:mi=01;37;41:su=37;41:sg=30;43:ca=00:tw=30;42:ow=34;42:st=37;44:ex=01;32:*.7z=01;31:*.ace=01;31:*.alz=01;31:*.apk=01;31:*.arc=01;31:*.arj=01;31:*.bz=01;31:*.bz2=01;31:*.cab=01;31:*.cpio=01;31:*.crate=01;31:*.deb=01;31:*.drpm=01;31:*.dwm=01;31:*.dz=01;31:*.ear=01;31:*.egg=01;31:*.esd=01;31:*.gz=01;31:*.jar=01;31:*.lha=01;31:*.lrz=01;31:*.lz=01;31:*.lz4=01;31:*.lzh=01;31:*.lzma=01;31:*.lzo=01;31:*.pyz=01;31:*.rar=01;31:*.rpm=01;31:*.rz=01;31:*.sar=01;31:*.swm=01;31:*.t7z=01;31:*.tar=01;31:*.taz=01;31:*.tbz=01;31:*.tbz2=01;31:*.tgz=01;31:*.tlz=01;31:*.txz=01;31:*.tz=01;31:*.tzo=01;31:*.tzst=01;31:*.udeb=01;31:*.war=01;31:*.whl=01;31:*.wim=01;31:*.xz=01;31:*.z=01;31:*.zip=01;31:*.zoo=01;31:*.zst=01;31:*.avif=01;35:*.jpg=01;35:*.jpeg=01;35:*.jxl=01;35:*.mjpg=01;35:*.mjpeg=01;35:*.gif=01;35:*.bmp=01;35:*.pbm=01;35:*.pgm=01;35:*.ppm=01;35:*.tga=01;35:*.xbm=01;35:*.xpm=01;35:*.tif=01;35:*.tiff=01;35:*.png=01;35:*.svg=01;35:*.svgz=01;35:*.mng=01;35:*.pcx=01;35:*.mov=01;35:*.mpg=01;35:*.mpeg=01;35:*.m2v=01;35:*.mkv=01;35:*.webm=01;35:*.webp=01;35:*.ogm=01;35:*.mp4=01;35:*.m4v=01;35:*.mp4v=01;35:*.vob=01;35:*.qt=01;35:*.nuv=01;35:*.wmv=01;35:*.asf=01;35:*.rm=01;35:*.rmvb=01;35:*.flc=01;35:*.avi=01;35:*.fli=01;35:*.flv=01;35:*.gl=01;35:*.dl=01;35:*.xcf=01;35:*.xwd=01;35:*.yuv=01;35:*.cgm=01;35:*.emf=01;35:*.ogv=01;35:*.ogx=01;35:*.aac=01;36:*.au=01;36:*.flac=01;36:*.m4a=01;36:*.mid=01;36:*.midi=01;36:*.mka=01;36:*.mp3=01;36:*.mpc=01;36:*.ogg=01;36:*.ra=01;36:*.wav=01;36:*.oga=01;36:*.opus=01;36:*.spx=01;36:*.xspf=01;36:*~=00;90:*#=00;90:*.bak=00;90:*.crdownload=00;90:*.dpkg-dist=00;90:*.dpkg-new=00;90:*.dpkg-old=00;90:*.dpkg-tmp=00;90:*.old=00;90:*.orig=00;90:*.part=00;90:*.rej=00;90:*.rpmnew=00;90:*.rpmorig=00;90:*.rpmsave=00;90:*.swp=00;90:*.tmp=00;90:*.ucf-dist=00;90:*.ucf-new=00;90:*.ucf-old=00;90:\', \'DEBUG_CFLAGS\': \'-march=nocona -mtune=haswell -ftree-vectorize -fPIC -fstack-protector-all -fno-plt -Og -g -Wall -Wextra -fvar-tracking-assignments -ffunction-sections -pipe -isystem /home/catherine/miniforge3/envs/imp/include\', \'LDFLAGS_LD\': \'-O2 --sort-common --as-needed -z relro -z now --disable-new-dtags --gc-sections --allow-shlib-undefined -rpath /home/catherine/miniforge3/envs/imp/lib -rpath-link /home/catherine/miniforge3/envs/imp/lib -L/home/catherine/miniforge3/envs/imp/lib\', \'CXX_FOR_BUILD\': \'/home/catherine/miniforge3/envs/imp/bin/x86_64-conda-linux-gnu-c++\', \'ELFEDIT\': \'/home/catherine/miniforge3/envs/imp/bin/x86_64-conda-linux-gnu-elfedit\', \'CONDA_PROMPT_MODIFIER\': \'(imp) \', \'CMAKE_PREFIX_PATH\': \'/home/catherine/miniforge3/envs/imp:/home/catherine/miniforge3/envs/imp/x86_64-conda-linux-gnu/sysroot/usr\', \'CPPFLAGS\': \'-DNDEBUG -D_FORTIFY_SOURCE=2 -O2 -isystem /home/catherine/miniforge3/envs/imp/include\', \'LD\': \'/home/catherine/miniforge3/envs/imp/bin/x86_64-conda-linux-gnu-ld\', \'SSH_CONNECTION\': \'10.61.131.65 56371 169.230.90.64 22\', \'CPP_FOR_BUILD\': \'/home/catherine/miniforge3/envs/imp/bin/x86_64-conda-linux-gnu-cpp\', \'READELF\': \'/home/catherine/miniforge3/envs/imp/bin/x86_64-conda-linux-gnu-readelf\', \'GXX\': \'/home/catherine/miniforge3/envs/imp/bin/x86_64-conda-linux-gnu-g++\', \'MOZ_GMP_PATH\': \'/usr/lib64/mozilla/plugins/gmp-gmpopenh264/system-installed\', \'GCC_AR\': \'/home/catherine/miniforge3/envs/imp/bin/x86_64-conda-linux-gnu-gcc-ar\', \'_CONDA_EXE\': \'/home/catherine/miniforge3/bin/conda\', \'XDG_SESSION_CLASS\': \'user\', \'_CONDA_ROOT\': \'/home/catherine/miniforge3\', \'ADDR2LINE\': \'/home/catherine/miniforge3/envs/imp/bin/x86_64-conda-linux-gnu-addr2line\', \'SELINUX_ROLE_REQUESTED\': \'\', \'PYTHONPATH\': \'/home/catherine/imp/build/lib:/home/catherine/imp/build/lib:\', \'MAMBA_EXE\': \'/home/catherine/miniforge3/bin/mamba\', \'TERM\': \'tmux-256color\', \'_CE_CONDA\': \'\', \'SIZE\': \'/home/catherine/miniforge3/envs/imp/bin/x86_64-conda-linux-gnu-size\', \'GCC_NM\': \'/home/catherine/miniforge3/envs/imp/bin/x86_64-conda-linux-gnu-gcc-nm\', \'HOST\': \'x86_64-conda-linux-gnu\', \'LESSOPEN\': \'||/usr/bin/lesspipe.sh %s\', \'CC_FOR_BUILD\': \'/home/catherine/miniforge3/envs/imp/bin/x86_64-conda-linux-gnu-cc\', \'USER\': \'catherine\', \'TMUX_PANE\': \'%1\', \'CONDA_SHLVL\': \'2\', \'MODULES_RUN_QUARANTINE\': \'LD_LIBRARY_PATH LD_PRELOAD\', \'AR\': \'/home/catherine/miniforge3/envs/imp/bin/x86_64-conda-linux-gnu-ar\', \'AS\': \'/home/catherine/miniforge3/envs/imp/bin/x86_64-conda-linux-gnu-as\', \'DEBUG_CPPFLAGS\': \'-D_DEBUG -D_FORTIFY_SOURCE=2 -Og -isystem /home/catherine/miniforge3/envs/imp/include\', \'SELINUX_USE_CURRENT_RANGE\': \'\', \'host_alias\': \'x86_64-conda-linux-gnu\', \'SHLVL\': \'2\', \'NM\': \'/home/catherine/miniforge3/envs/imp/bin/x86_64-conda-linux-gnu-nm\', \'GCC\': \'/home/catherine/miniforge3/envs/imp/bin/x86_64-conda-linux-gnu-gcc\', \'XDG_SESSION_ID\': \'279\', \'R3D_LIB\': \'/usr/share/Raster3D/materials\', \'CONDA_PYTHON_EXE\': \'/home/catherine/miniforge3/bin/python\', \'LD_LIBRARY_PATH\': \'/home/catherine/imp/build/lib:/home/catherine/imp/build/lib:\', \'XDG_RUNTIME_DIR\': \'/run/user/11150\', \'SSH_CLIENT\': \'10.61.131.65 56371 22\', \'CONDA_DEFAULT_ENV\': \'imp\', \'__MODULES_LMINIT\': \'module use --append /usr/share/Modules/modulefiles:module use --append /etc/modulefiles:module use --append /usr/share/modulefiles\', \'OBJCOPY\': \'/home/catherine/miniforge3/envs/imp/bin/x86_64-conda-linux-gnu-objcopy\', \'DEBUGINFOD_URLS\': \'ima:enforcing https://debuginfod.fedoraproject.org/ ima:ignore \', \'HEX_ROOT\': \'/usr/lib/hexdock-6.3\', \'DEBUGINFOD_IMA_CERT_PATH\': \'/etc/keys/ima:\', \'STRIP\': \'/home/catherine/miniforge3/envs/imp/bin/x86_64-conda-linux-gnu-strip\', \'OBJDUMP\': \'/home/catherine/miniforge3/envs/imp/bin/x86_64-conda-linux-gnu-objdump\', \'PATH\': \'/home/catherine/imp/build/bin:/home/catherine/imp/build/module_bin/EMageFit:/home/catherine/imp/build/module_bin/algebra:/home/catherine/imp/build/module_bin/atom:/home/catherine/imp/build/module_bin/benchmark:/home/catherine/imp/build/module_bin/cgal:/home/catherine/imp/build/module_bin/container:/home/catherine/imp/build/module_bin/core:/home/catherine/imp/build/module_bin/display:/home/catherine/imp/build/module_bin/domino:/home/catherine/imp/build/module_bin/em:/home/catherine/imp/build/module_bin/em2d:/home/catherine/imp/build/module_bin/example:/home/catherine/imp/build/module_bin/foxs:/home/catherine/imp/build/module_bin/gsl:/home/catherine/imp/build/module_bin/integrative_docking:/home/catherine/imp/build/module_bin/isd:/home/catherine/imp/build/module_bin/kernel:/home/catherine/imp/build/module_bin/kinematics:/home/catherine/imp/build/module_bin/kmeans:/home/catherine/imp/build/module_bin/misc:/home/catherine/imp/build/module_bin/mmcif:/home/catherine/imp/build/module_bin/modeller:/home/catherine/imp/build/module_bin/mpi:/home/catherine/imp/build/module_bin/multi_state:/home/catherine/imp/build/module_bin/multifit:/home/catherine/imp/build/module_bin/npc:/home/catherine/imp/build/module_bin/parallel:/home/catherine/imp/build/module_bin/pepdock:/home/catherine/imp/build/module_bin/pmi:/home/catherine/imp/build/module_bin/rmf:/home/catherine/imp/build/module_bin/rotamer:/home/catherine/imp/build/module_bin/saxs:/home/catherine/imp/build/module_bin/saxs_merge:/home/catherine/imp/build/module_bin/score_functor:/home/catherine/imp/build/module_bin/scratch:/home/catherine/imp/build/module_bin/spatiotemporal:/home/catherine/imp/build/module_bin/spb:/home/catherine/imp/build/module_bin/statistics:/home/catherine/imp/build/module_bin/symmetry:/home/catherine/imp/build/module_bin/test:/home/catherine/miniforge3/envs/imp/bin:/home/catherine/miniforge3/condabin:/home/catherine/.local/bin:/home/catherine/bin:/usr/share/Modules/bin:/usr/lib64/ccache:/usr/local/bin:/usr/bin\', \'SELINUX_LEVEL_REQUESTED\': \'\', \'BABEL_DATADIR\': \'/usr/share/openbabel\', \'MODULEPATH\': \'/salilab/diva1/home/modules:/usr/share/Modules/modulefiles:/etc/modulefiles:/usr/share/modulefiles\', \'CC\': \'/home/catherine/miniforge3/envs/imp/bin/x86_64-conda-linux-gnu-cc\', \'CFLAGS\': \'-march=nocona -mtune=haswell -ftree-vectorize -fPIC -fstack-protector-strong -fno-plt -O2 -ffunction-sections -pipe -isystem /home/catherine/miniforge3/envs/imp/include\', \'CXXFILT\': \'/home/catherine/miniforge3/envs/imp/bin/x86_64-conda-linux-gnu-c++filt\', \'DBUS_SESSION_BUS_ADDRESS\': \'unix:path=/run/user/11150/bus\', \'BUILD\': \'x86_64-conda-linux-gnu\', \'MAIL\': \'/var/spool/mail/catherine\', \'SSH_TTY\': \'/dev/pts/1\', \'CONDA_PREFIX_1\': \'/home/catherine/miniforge3\', \'CONDA_BUILD_CROSS_COMPILATION\': \'\', \'IMP_EXAMPLE_DATA\': \'/home/catherine/imp/build/doc/examples\', \'RANLIB\': \'/home/catherine/miniforge3/envs/imp/bin/x86_64-conda-linux-gnu-ranlib\', \'CONDA_BUILD_SYSROOT\': \'/home/catherine/miniforge3/envs/imp/x86_64-conda-linux-gnu/sysroot\', \'OLDPWD\': \'/home/catherine/imp\', \'MODULES_CMD\': \'/usr/share/Modules/libexec/modulecmd.tcl\', \'TERM_PROGRAM\': \'tmux\', \'BASH_FUNC_ml%%\': \'() {  module ml "$@"\\n}\', \'BASH_FUNC_module%%\': \'() {  local _mlredir=1;\\n if [ -n "${MODULES_REDIRECT_OUTPUT+x}" ]; then\\n if [ "$MODULES_REDIRECT_OUTPUT" = \\\'0\\\' ]; then\\n _mlredir=0;\\n else\\n if [ "$MODULES_REDIRECT_OUTPUT" = \\\'1\\\' ]; then\\n _mlredir=1;\\n fi;\\n fi;\\n fi;\\n case " $@ " in \\n *\\\' --no-redirect \\\'*)\\n _mlredir=0\\n ;;\\n *\\\' --redirect \\\'*)\\n _mlredir=1\\n ;;\\n esac;\\n if [ $_mlredir -eq 0 ]; then\\n _module_raw "$@";\\n else\\n _module_raw "$@" 2>&1;\\n fi\\n}\', \'BASH_FUNC__module_raw%%\': \'() {  eval "$(/usr/bin/tclsh \\\'/usr/share/Modules/libexec/modulecmd.tcl\\\' bash "$@")";\\n _mlstatus=$?;\\n return $_mlstatus\\n}\'})', 'STAT2HEADER_IMP_VERSIONS': "{'IMP_VERSION': 'develop-31a501ea3f', 'PMI_VERSION': 'develop-31a501ea3f'}", 0: 'ReplicaExchange_SwapSuccessRatio', 1: 'ReplicaExchange_MinTempFrequency', 2: 'ReplicaExchange_MaxTempFrequency', 3: 'ReplicaExchange_CurrentTemp', 4: 'score'} 
{0: '0', 1: '0', 2: '0', 3: '1.0', 4: 0.0257269540240887} 
{0: '0.0', 1: '1.0', 2: '0.0', 3: '1.0', 4: 0.02733560352809563} 
{0: '0.0', 1: '1.0', 2: '0.0', 3: '1.0', 4: 1.8818447994458603} 
{0: '0.0', 1: '1.0', 2: '0.0', 3: '1.0', 4: 0.9029264616501712} 
{0: '0.0', 1: '1.0', 2: '0.0', 3: '1.0', 4: 1.9976713023408932} 
{0: '0.0', 1: '1.0', 2: '0.0', 3: '1.0', 4: 1.3641766101480033} 
{0: '0.0', 1: '1.0', 2: '0.0', 3: '1.0', 4: 0.18671149721104635} 
{0: '0.0', 1: '1.0', 2: '0.0', 3: '1.0', 4: 0.03961776519535743} 
{0: '0.0', 1: '1.0', 2: '0.0', 3: '1.0', 4: 2.199429188580451} 
{0: '0.0', 1: '1.0', 2: '0.0', 3: '1.0', 4: 0.4171434779737103} 
{0: '0.0', 1: '1.0', 2: '0.0', 3: '1.0', 4: 0.40643778943920505} 
{0: '0.0', 1: '1.0', 2: '0.0', 3: '1.0', 4: 0.09040214848842583} 
{0: '0.0', 1: '1.0', 2: '0.0', 3: '1.0', 4: 0.7907647840522466} 
{0: '0.0', 1: '1.0', 2: '0.0', 3: '1.0', 4: 0.06778655762347918} 
{0: '0.0', 1: '1.0', 2: '0.0', 3: '1.0', 4: 0.0036469277264756872} 
{0: '0.0', 1: '1.0', 2: '0.0', 3: '1.0', 4: 0.07978451185932266} 
{0: '0.0', 1: '1.0', 2: '0.0', 3: '1.0', 4: 0.3341033847978343} 
{0: '0.0', 1: '1.0', 2: '0.0', 3: '1.0', 4: 0.9774034945476887} 
{0: '0.0', 1: '1.0', 2: '0.0', 3: '1.0', 4: 1.2515996787719716} 
{0: '0.0', 1: '1.0', 2: '0.0', 3: '1.0', 4: 0.6809098775556331} 
{0: '0.0', 1: '1.0', 2: '0.0', 3: '1.0', 4: 1.8832550249462987} 
{0: '0.0', 1: '1.0', 2: '0.0', 3: '1.0', 4: 0.617709119584418} 
{0: '0.0', 1: '1.0', 2: '0.0', 3: '1.0', 4: 0.4512164715420949} 
{0: '0.0', 1: '1.0', 2: '0.0', 3: '1.0', 4: 0.006513795799720008} 
{0: '0.0', 1: '1.0', 2: '0.0', 3: '1.0', 4: 1.2454741589781315} 
{0: '0.0', 1: '1.0', 2: '0.0', 3: '1.0', 4: 0.9110203535540186} 
{0: '0.0', 1: '1.0', 2: '0.0', 3: '1.0', 4: 0.23583976765428163} 
{0: '0.0', 1: '1.0', 2: '0.0', 3: '1.0', 4: 0.3606261430608611} 
{0: '0.0', 1: '1.0', 2: '0.0', 3: '1.0', 4: 0.0006968353661982908} 
{0: '0.0', 1: '1.0', 2: '0.0', 3: '1.0', 4: 0.5780823987480813} 
{0: '0.0', 1: '1.0', 2: '0.0', 3: '1.0', 4: 3.392974344251157} 
{0: '0.0', 1: '1.0', 2: '0.0', 3: '1.0', 4: 1.574813215036534} 
{0: '0.0', 1: '1.0', 2: '0.0', 3: '1.0', 4: 0.9270989923308324} 
{0: '0.0', 1: '1.0', 2: '0.0', 3: '1.0', 4: 0.020593985655137616} 
{0: '0.0', 1: '1.0', 2: '0.0', 3: '1.0', 4: 0.22305420704431306} 
{0: '0.0', 1: '1.0', 2: '0.0', 3: '1.0', 4: 0.08096687678160679} 
{0: '0.0', 1: '1.0', 2: '0.0', 3: '1.0', 4: 0.5473972562407704} 
{0: '0.0', 1: '1.0', 2: '0.0', 3: '1.0', 4: 0.03996464810766844} 
{0: '0.0', 1: '1.0', 2: '0.0', 3: '1.0', 4: 0.439139821923972} 
{0: '0.0', 1: '1.0', 2: '0.0', 3: '1.0', 4: 0.0013227091860954256} 
{0: '0.0', 1: '1.0', 2: '0.0', 3: '1.0', 4: 1.4879077994709102} 
{0: '0.0', 1: '1.0', 2: '0.0', 3: '1.0', 4: 1.3638382647443534} 
{0: '0.0', 1: '1.0', 2: '0.0', 3: '1.0', 4: 0.08879782749849278} 
{0: '0.0', 1: '1.0', 2: '0.0', 3: '1.0', 4: 0.8795868538693644} 
{0: '0.0', 1: '1.0', 2: '0.0', 3: '1.0', 4: 0.6552134264988357} 
{0: '0.0', 1: '1.0', 2: '0.0', 3: '1.0', 4: 0.6251003858802899} 
{0: '0.0', 1: '1.0', 2: '0.0', 3: '1.0', 4: 0.35000785685736274} 
{0: '0.0', 1: '1.0', 2: '0.0', 3: '1.0', 4: 0.1515354718407332} 
{0: '0.0', 1: '1.0', 2: '0.0', 3: '1.0', 4: 1.313265336013606} 
{0: '0.0', 1: '1.0', 2: '0.0', 3: '1.0', 4: 0.008356195195401546} 
{0: '0.0', 1: '1.0', 2: '0.0', 3: '1.0', 4: 0.13060113437864862} 
{0: '0.0', 1: '1.0', 2: '0.0', 3: '1.0', 4: 0.09989887274797218} 
{0: '0.0', 1: '1.0', 2: '0.0', 3: '1.0', 4: 0.004678618191981876} 
{0: '0.0', 1: '1.0', 2: '0.0', 3: '1.0', 4: 1.1280939718975391} 
{0: '0.0', 1: '1.0', 2: '0.0', 3: '1.0', 4: 0.19277644602667127} 
{0: '0.0', 1: '1.0', 2: '0.0', 3: '1.0', 4: 4.016558072743361} 
{0: '0.0', 1: '1.0', 2: '0.0', 3: '1.0', 4: 2.410571257359029} 
{0: '0.0', 1: '1.0', 2: '0.0', 3: '1.0', 4: 0.10559164567153445} 
{0: '0.0', 1: '1.0', 2: '0.0', 3: '1.0', 4: 0.09202169000143325} 
{0: '0.0', 1: '1.0', 2: '0.0', 3: '1.0', 4: 0.5420709017513415} 
{0: '0.0', 1: '1.0', 2: '0.0', 3: '1.0', 4: 0.024806211868388644} 
{0: '0.0', 1: '1.0', 2: '0.0', 3: '1.0', 4: 0.022585839765075805} 
{0: '0.0', 1: '1.0', 2: '0.0', 3: '1.0', 4: 0.6819585446608735} 
{0: '0.0', 1: '1.0', 2: '0.0', 3: '1.0', 4: 0.6179236763484002} 
{0: '0.0', 1: '1.0', 2: '0.0', 3: '1.0', 4: 0.118005220771166} 
{0: '0.0', 1: '1.0', 2: '0.0', 3: '1.0', 4: 0.3804615521980803} 
{0: '0.0', 1: '1.0', 2: '0.0', 3: '1.0', 4: 0.22705143490945046} 
{0: '0.0', 1: '1.0', 2: '0.0', 3: '1.0', 4: 0.0020318576675604906} 
{0: '0.0', 1: '1.0', 2: '0.0', 3: '1.0', 4: 0.5555507407033234} 
{0: '0.0', 1: '1.0', 2: '0.0', 3: '1.0', 4: 0.1753376688020328} 
{0: '0.0', 1: '1.0', 2: '0.0', 3: '1.0', 4: 0.22334047861670633} 
{0: '0.0', 1: '1.0', 2: '0.0', 3: '1.0', 4: 1.0079948723156052e-05} 
{0: '0.0', 1: '1.0', 2: '0.0', 3: '1.0', 4: 0.16354024815300833} 
{0: '0.0', 1: '1.0', 2: '0.0', 3: '1.0', 4: 1.5222857910580923} 
{0: '0.0', 1: '1.0', 2: '0.0', 3: '1.0', 4: 0.15855645415385775} 
{0: '0.0', 1: '1.0', 2: '0.0', 3: '1.0', 4: 0.12361256520295429} 
{0: '0.0', 1: '1.0', 2: '0.0', 3: '1.0', 4: 3.7012363401527157e-06} 
{0: '0.0', 1: '1.0', 2: '0.0', 3: '1.0', 4: 0.16450917888791763} 
{0: '0.0', 1: '1.0', 2: '0.0', 3: '1.0', 4: 1.250787033373269} 
{0: '0.0', 1: '1.0', 2: '0.0', 3: '1.0', 4: 1.5503533538410856} 
{0: '0.0', 1: '1.0', 2: '0.0', 3: '1.0', 4: 1.2795002643283164} 
{0: '0.0', 1: '1.0', 2: '0.0', 3: '1.0', 4: 1.2079847286313967} 
{0: '0.0', 1: '1.0', 2: '0.0', 3: '1.0', 4: 0.25521190058914994} 
{0: '0.0', 1: '1.0', 2: '0.0', 3: '1.0', 4: 0.28500059446550396} 
{0: '0.0', 1: '1.0', 2: '0.0', 3: '1.0', 4: 0.24238877195088646} 
{0: '0.0', 1: '1.0', 2: '0.0', 3: '1.0', 4: 0.6102138485871471} 
{0: '0.0', 1: '1.0', 2: '0.0', 3: '1.0', 4: 0.7051293258147353} 
{0: '0.0', 1: '1.0', 2: '0.0', 3: '1.0', 4: 0.4331451412127004} 
{0: '0.0', 1: '1.0', 2: '0.0', 3: '1.0', 4: 0.2032738661275845} 
{0: '0.0', 1: '1.0', 2: '0.0', 3: '1.0', 4: 2.0057033965630623e-05} 
{0: '0.0', 1: '1.0', 2: '0.0', 3: '1.0', 4: 0.28180575857857965} 
{0: '0.0', 1: '1.0', 2: '0.0', 3: '1.0', 4: 0.11159423326144897} 
{0: '0.0', 1: '1.0', 2: '0.0', 3: '1.0', 4: 1.5723053575958432} 
{0: '0.0', 1: '1.0', 2: '0.0', 3: '1.0', 4: 0.02848244743753876} 
{0: '0.0', 1: '1.0', 2: '0.0', 3: '1.0', 4: 0.015534059027627629} 
{0: '0.0', 1: '1.0', 2: '0.0', 3: '1.0', 4: 1.8756279076325058} 
{0: '0.0', 1: '1.0', 2: '0.0', 3: '1.0', 4: 0.03344101200057419} 
{0: '0.0', 1: '1.0', 2: '0.0', 3: '1.0', 4: 0.1422881665141114} 
{0: '0.0', 1: '1.0', 2: '0.0', 3: '1.0', 4: 0.1125200403959082} 
{0: '0.0', 1: '1.0', 2: '0.0', 3: '1.0', 4: 0.030981296424548655} 
{0: '0.0', 1: '1.0', 2: '0.0', 3: '1.0', 4: 0.7008838341787261} 
{0: '0.0', 1: '1.0', 2: '0.0', 3: '1.0', 4: 0.13276382865305375} 
{0: '0.0', 1: '1.0', 2: '0.0', 3: '1.0', 4: 0.7435473897154607} 
{0: '0.0', 1: '1.0', 2: '0.0', 3: '1.0', 4: 0.016737893653311554} 
{0: '0.0', 1: '1.0', 2: '0.0', 3: '1.0', 4: 0.08548440845381342} 
{0: '0.0', 1: '1.0', 2: '0.0', 3: '1.0', 4: 0.3526373954511556} 
{0: '0.0', 1: '1.0', 2: '0.0', 3: '1.0', 4: 0.807396231068729} 
{0: '0.0', 1: '1.0', 2: '0.0', 3: '1.0', 4: 1.0641212138271288} 
{0: '0.0', 1: '1.0', 2: '0.0', 3: '1.0', 4: 0.4404677928984979} 
{0: '0.0', 1: '1.0', 2: '0.0', 3: '1.0', 4: 0.19988570505845826} 
{0: '0.0', 1: '1.0', 2: '0.0', 3: '1.0', 4: 1.2636383713389958} 
{0: '0.0', 1: '1.0', 2: '0.0', 3: '1.0', 4: 0.00865119596391523} 
{0: '0.0', 1: '1.0', 2: '0.0', 3: '1.0', 4: 0.0016157879239397197} 
{0: '0.0', 1: '1.0', 2: '0.0', 3: '1.0', 4: 0.10826498873982793} 
{0: '0.0', 1: '1.0', 2: '0.0', 3: '1.0', 4: 0.008193804459177867} 
{0: '0.0', 1: '1.0', 2: '0.0', 3: '1.0', 4: 0.2670292830619648} 
{0: '0.0', 1: '1.0', 2: '0.0', 3: '1.0', 4: 0.6558975493987387} 
{0: '0.0', 1: '1.0', 2: '0.0', 3: '1.0', 4: 0.7754406439846562} 
{0: '0.0', 1: '1.0', 2: '0.0', 3: '1.0', 4: 0.10049913547097122} 
{0: '0.0', 1: '1.0', 2: '0.0', 3: '1.0', 4: 0.24273693266117713} 
{0: '0.0', 1: '1.0', 2: '0.0', 3: '1.0', 4: 3.9420154654115245} 
{0: '0.0', 1: '1.0', 2: '0.0', 3: '1.0', 4: 0.015492187270386967} 
{0: '0.0', 1: '1.0', 2: '0.0', 3: '1.0', 4: 0.1965062659090764} 
{0: '0.0', 1: '1.0', 2: '0.0', 3: '1.0', 4: 0.1083770141850746} 
{0: '0.0', 1: '1.0', 2: '0.0', 3: '1.0', 4: 0.5977707084404633} 
{0: '0.0', 1: '1.0', 2: '0.0', 3: '1.0', 4: 0.0001264925237250417} 
{0: '0.0', 1: '1.0', 2: '0.0', 3: '1.0', 4: 0.00020669446059687222} 
{0: '0.0', 1: '1.0', 2: '0.0', 3: '1.0', 4: 0.1743153438219408} 
{0: '0.0', 1: '1.0', 2: '0.0', 3: '1.0', 4: 0.040969688957978194} 
{0: '0.0', 1: '1.0', 2: '0.0', 3: '1.0', 4: 0.15269990927254865} 
{0: '0.0', 1: '1.0', 2: '0.0', 3: '1.0', 4: 0.1296928944568189} 
{0: '0.0', 1: '1.0', 2: '0.0', 3: '1.0', 4: 0.12474877276825577} 
{0: '0.0', 1: '1.0', 2: '0.0', 3: '1.0', 4: 0.09328332352648194} 
{0: '0.0', 1: '1.0', 2: '0.0', 3: '1.0', 4: 0.4599704701963584} 
{0: '0.0', 1: '1.0', 2: '0.0', 3: '1.0', 4: 0.05853449946899977} 
{0: '0.0', 1: '1.0', 2: '0.0', 3: '1.0', 4: 0.016660187554605153} 
{0: '0.0', 1: '1.0', 2: '0.0', 3: '1.0', 4: 0.5398120257272493} 
{0: '0.0', 1: '1.0', 2: '0.0', 3: '1.0', 4: 0.01641280772835447} 
{0: '0.0', 1: '1.0', 2: '0.0', 3: '1.0', 4: 0.1395408278435228} 
{0: '0.0', 1: '1.0', 2: '0.0', 3: '1.0', 4: 0.06305078204555814} 
{0: '0.0', 1: '1.0', 2: '0.0', 3: '1.0', 4: 0.2755759799546344} 
{0: '0.0', 1: '1.0', 2: '0.0', 3: '1.0', 4: 0.011824027766225079} 
{0: '0.0', 1: '1.0', 2: '0.0', 3: '1.0', 4: 0.15970515039784378} 
{0: '0.0', 1: '1.0', 2: '0.0', 3: '1.0', 4: 0.0693686646522653} 
{0: '0.0', 1: '1.0', 2: '0.0', 3: '1.0', 4: 0.07723112701934189} 
{0: '0.0', 1: '1.0', 2: '0.0', 3: '1.0', 4: 2.1972999561040716} 
{0: '0.0', 1: '1.0', 2: '0.0', 3: '1.0', 4: 0.7406891321695558} 
{0: '0.0', 1: '1.0', 2: '0.0', 3: '1.0', 4: 0.027286355298065838} 
{0: '0.0', 1: '1.0', 2: '0.0', 3: '1.0', 4: 0.016578884852422288} 
{0: '0.0', 1: '1.0', 2: '0.0', 3: '1.0', 4: 0.0037231856437928124} 
{0: '0.0', 1: '1.0', 2: '0.0', 3: '1.0', 4: 0.0441870257073263} 
{0: '0.0', 1: '1.0', 2: '0.0', 3: '1.0', 4: 0.5752054057489264} 
{0: '0.0', 1: '1.0', 2: '0.0', 3: '1.0', 4: 0.0022744908466113397} 
{0: '0.0', 1: '1.0', 2: '0.0', 3: '1.0', 4: 0.0028778678303189205} 
{0: '0.0', 1: '1.0', 2: '0.0', 3: '1.0', 4: 0.22063658648662568} 
{0: '0.0', 1: '1.0', 2: '0.0', 3: '1.0', 4: 1.3088641231714886} 
{0: '0.0', 1: '1.0', 2: '0.0', 3: '1.0', 4: 0.5055570572085067} 
{0: '0.0', 1: '1.0', 2: '0.0', 3: '1.0', 4: 0.9071776966648994} 
{0: '0.0', 1: '1.0', 2: '0.0', 3: '1.0', 4: 0.7825424351112451} 
{0: '0.0', 1: '1.0', 2: '0.0', 3: '1.0', 4: 0.0064233995099497836} 
{0: '0.0', 1: '1.0', 2: '0.0', 3: '1.0', 4: 0.5933654518983834} 
{0: '0.0', 1: '1.0', 2: '0.0', 3: '1.0', 4: 0.02258819774076776} 
{0: '0.0', 1: '1.0', 2: '0.0', 3: '1.0', 4: 0.27961366705894863} 
{0: '0.0', 1: '1.0', 2: '0.0', 3: '1.0', 4: 0.2203356424860108} 
{0: '0.0', 1: '1.0', 2: '0.0', 3: '1.0', 4: 0.025180950511537806} 
{0: '0.0', 1: '1.0', 2: '0.0', 3: '1.0', 4: 1.1607876337271597} 
{0: '0.0', 1: '1.0', 2: '0.0', 3: '1.0', 4: 0.25078540291317375} 
{0: '0.0', 1: '1.0', 2: '0.0', 3: '1.0', 4: 0.0832541162389323} 
{0: '0.0', 1: '1.0', 2: '0.0', 3: '1.0', 4: 3.3486671401272803} 
{0: '0.0', 1: '1.0', 2: '0.0', 3: '1.0', 4: 0.2223755718220312} 
{0: '0.0', 1: '1.0', 2: '0.0', 3: '1.0', 4: 0.17365310600592967} 
{0: '0.0', 1: '1.0', 2: '0.0', 3: '1.0', 4: 0.10779107469362698} 
{0: '0.0', 1: '1.0', 2: '0.0', 3: '1.0', 4: 0.9547830041815766} 
{0: '0.0', 1: '1.0', 2: '0.0', 3: '1.0', 4: 0.01398236715720101} 
{0: '0.0', 1: '1.0', 2: '0.0', 3: '1.0', 4: 3.6635688888561495e-05} 
{0: '0.0', 1: '1.0', 2: '0.0', 3: '1.0', 4: 0.03746310092153207} 
{0: '0.0', 1: '1.0', 2: '0.0', 3: '1.0', 4: 1.344771014408917} 
{0: '0.0', 1: '1.0', 2: '0.0', 3: '1.0', 4: 0.77035035857514} 
{0: '0.0', 1: '1.0', 2: '0.0', 3: '1.0', 4: 0.1718232256424861} 
{0: '0.0', 1: '1.0', 2: '0.0', 3: '1.0', 4: 0.006321715061653827} 
{0: '0.0', 1: '1.0', 2: '0.0', 3: '1.0', 4: 0.32255000892223584} 
{0: '0.0', 1: '1.0', 2: '0.0', 3: '1.0', 4: 0.995368850905501} 
{0: '0.0', 1: '1.0', 2: '0.0', 3: '1.0', 4: 1.5539214663076843e-05} 
{0: '0.0', 1: '1.0', 2: '0.0', 3: '1.0', 4: 0.05102729717119614} 
{0: '0.0', 1: '1.0', 2: '0.0', 3: '1.0', 4: 0.8376680745577777} 
{0: '0.0', 1: '1.0', 2: '0.0', 3: '1.0', 4: 0.18550329416618663} 
{0: '0.0', 1: '1.0', 2: '0.0', 3: '1.0', 4: 0.06761734602761167} 
{0: '0.0', 1: '1.0', 2: '0.0', 3: '1.0', 4: 0.0014313129285838514} 
{0: '0.0', 1: '1.0', 2: '0.0', 3: '1.0', 4: 0.54040652660014} 
{0: '0.0', 1: '1.0', 2: '0.0', 3: '1.0', 4: 0.27206474185047186} 
{0: '0.0', 1: '1.0', 2: '0.0', 3: '1.0', 4: 0.01223664028895739} 
{0: '0.0', 1: '1.0', 2: '0.0', 3: '1.0', 4: 0.3072655664714754} 
{0: '0.0', 1: '1.0', 2: '0.0', 3: '1.0', 4: 0.6682652746636476} 
{0: '0.0', 1: '1.0', 2: '0.0', 3: '1.0', 4: 0.32055663537626156} 
{0: '0.0', 1: '1.0', 2: '0.0', 3: '1.0', 4: 1.7164603162507253} 
{0: '0.0', 1: '1.0', 2: '0.0', 3: '1.0', 4: 0.007290396292334611} 
{0: '0.0', 1: '1.0', 2: '0.0', 3: '1.0', 4: 2.1464689080127813e-06} 
{0: '0.0', 1: '1.0', 2: '0.0', 3: '1.0', 4: 0.1950754227875127} 
{0: '0.0', 1: '1.0', 2: '0.0', 3: '1.0', 4: 0.36726555903999347} 
{0: '0.0', 1: '1.0', 2: '0.0', 3: '1.0', 4: 0.007973267762788212} 
{0: '0.0', 1: '1.0', 2: '0.0', 3: '1.0', 4: 0.3565299903676683} 
{0: '0.0', 1: '1.0', 2: '0.0', 3: '1.0', 4: 5.262312278274922} 
{0: '0.0', 1: '1.0', 2: '0.0', 3: '1.0', 4: 0.18194765713887723} 
{0: '0.0', 1: '1.0', 2: '0.0', 3: '1.0', 4: 0.09163306651836789} 
{0: '0.0', 1: '1.0', 2: '0.0', 3: '1.0', 4: 0.42619785783273983} 
{0: '0.0', 1: '1.0', 2: '0.0', 3: '1.0', 4: 0.06037332306605566} 
{0: '0.0', 1: '1.0', 2: '0.0', 3: '1.0', 4: 2.416251543753274} 
{0: '0.0', 1: '1.0', 2: '0.0', 3: '1.0', 4: 0.989751719906658} 
{0: '0.0', 1: '1.0', 2: '0.0', 3: '1.0', 4: 0.32434073658384144} 
{0: '0.0', 1: '1.0', 2: '0.0', 3: '1.0', 4: 1.1256000777918211} 
{0: '0.0', 1: '1.0', 2: '0.0', 3: '1.0', 4: 0.0013021115154343641} 
{0: '0.0', 1: '1.0', 2: '0.0', 3: '1.0', 4: 6.858111306240323e-05} 
{0: '0.0', 1: '1.0', 2: '0.0', 3: '1.0', 4: 1.5273397862251095} 
{0: '0.0', 1: '1.0', 2: '0.0', 3: '1.0', 4: 0.1380875320630597} 
{0: '0.0', 1: '1.0', 2: '0.0', 3: '1.0', 4: 1.2118072407913039} 
{0: '0.0', 1: '1.0', 2: '0.0', 3: '1.0', 4: 0.03946503446857243} 
{0: '0.0', 1: '1.0', 2: '0.0', 3: '1.0', 4: 0.005190827619800988} 
{0: '0.0', 1: '1.0', 2: '0.0', 3: '1.0', 4: 0.29814222805527835} 
{0: '0.0', 1: '1.0', 2: '0.0', 3: '1.0', 4: 0.0530796930016234} 
{0: '0.0', 1: '1.0', 2: '0.0', 3: '1.0', 4: 0.23164822894733708} 
{0: '0.0', 1: '1.0', 2: '0.0', 3: '1.0', 4: 0.19277205295329597} 
{0: '0.0', 1: '1.0', 2: '0.0', 3: '1.0', 4: 1.4660764667100328} 
{0: '0.0', 1: '1.0', 2: '0.0', 3: '1.0', 4: 1.9536014563828592} 
{0: '0.0', 1: '1.0', 2: '0.0', 3: '1.0', 4: 0.27803334484566644} 
{0: '0.0', 1: '1.0', 2: '0.0', 3: '1.0', 4: 0.14913499470245054} 
{0: '0.0', 1: '1.0', 2: '0.0', 3: '1.0', 4: 2.574076092608502} 
{0: '0.0', 1: '1.0', 2: '0.0', 3: '1.0', 4: 0.022640048118976006} 
{0: '0.0', 1: '1.0', 2: '0.0', 3: '1.0', 4: 0.39970568924390787} 
{0: '0.0', 1: '1.0', 2: '0.0', 3: '1.0', 4: 0.043008930577642816} 
{0: '0.0', 1: '1.0', 2: '0.0', 3: '1.0', 4: 0.634202808541488} 
{0: '0.0', 1: '1.0', 2: '0.0', 3: '1.0', 4: 0.3617815227851577} 
{0: '0.0', 1: '1.0', 2: '0.0', 3: '1.0', 4: 0.5924943588814736} 
{0: '0.0', 1: '1.0', 2: '0.0', 3: '1.0', 4: 0.5553650844039109} 
{0: '0.0', 1: '1.0', 2: '0.0', 3: '1.0', 4: 3.602226250059242} 
{0: '0.0', 1: '1.0', 2: '0.0', 3: '1.0', 4: 0.022198972829441867} 
{0: '0.0', 1: '1.0', 2: '0.0', 3: '1.0', 4: 0.004927800059112217} 
{0: '0.0', 1: '1.0', 2: '0.0', 3: '1.0', 4: 0.1056353955519559} 
{0: '0.0', 1: '1.0', 2: '0.0', 3: '1.0', 4: 2.702831711109637} 
{0: '0.0', 1: '1.0', 2: '0.0', 3: '1.0', 4: 0.916144130897628} 
{0: '0.0', 1: '1.0', 2: '0.0', 3: '1.0', 4: 0.026125142412398595} 
{0: '0.0', 1: '1.0', 2: '0.0', 3: '1.0', 4: 0.34464959649525184} 
{0: '0.0', 1: '1.0', 2: '0.0', 3: '1.0', 4: 0.5310253904787643} 
{0: '0.0', 1: '1.0', 2: '0.0', 3: '1.0', 4: 0.046828077398922655} 
{0: '0.0', 1: '1.0', 2: '0.0', 3: '1.0', 4: 0.6207244025463885} 
{0: '0.0', 1: '1.0', 2: '0.0', 3: '1.0', 4: 0.4308556070075407} 
{0: '0.0', 1: '1.0', 2: '0.0', 3: '1.0', 4: 0.05664662228096641} 
{0: '0.0', 1: '1.0', 2: '0.0', 3: '1.0', 4: 0.631338334612619} 
{0: '0.0', 1: '1.0', 2: '0.0', 3: '1.0', 4: 0.07259601415874842} 
{0: '0.0', 1: '1.0', 2: '0.0', 3: '1.0', 4: 0.5382221155366633} 
{0: '0.0', 1: '1.0', 2: '0.0', 3: '1.0', 4: 0.06364483600214979} 
{0: '0.0', 1: '1.0', 2: '0.0', 3: '1.0', 4: 0.22025431686590866} 
{0: '0.0', 1: '1.0', 2: '0.0', 3: '1.0', 4: 0.012410244198652848} 
{0: '0.0', 1: '1.0', 2: '0.0', 3: '1.0', 4: 0.5611432419119712} 
{0: '0.0', 1: '1.0', 2: '0.0', 3: '1.0', 4: 1.0130304799165177} 
{0: '0.0', 1: '1.0', 2: '0.0', 3: '1.0', 4: 0.9846688323842748} 
{0: '0.0', 1: '1.0', 2: '0.0', 3: '1.0', 4: 1.4326806894998196} 
{0: '0.0', 1: '1.0', 2: '0.0', 3: '1.0', 4: 0.04379371722916393} 
{0: '0.0', 1: '1.0', 2: '0.0', 3: '1.0', 4: 2.0254173731944567} 
{0: '0.0', 1: '1.0', 2: '0.0', 3: '1.0', 4: 0.5881089207754504} 
{0: '0.0', 1: '1.0', 2: '0.0', 3: '1.0', 4: 0.21150400155235533} 
{0: '0.0', 1: '1.0', 2: '0.0', 3: '1.0', 4: 0.3670799136882607} 
{0: '0.0', 1: '1.0', 2: '0.0', 3: '1.0', 4: 0.09235643979724506} 
{0: '0.0', 1: '1.0', 2: '0.0', 3: '1.0', 4: 0.02613965571512336} 
{0: '0.0', 1: '1.0', 2: '0.0', 3: '1.0', 4: 0.5117747071967983} 
{0: '0.0', 1: '1.0', 2: '0.0', 3: '1.0', 4: 0.1158704292096441} 
{0: '0.0', 1: '1.0', 2: '0.0', 3: '1.0', 4: 0.7143902337159713} 
{0: '0.0', 1: '1.0', 2: '0.0', 3: '1.0', 4: 0.013477462054140323} 
{0: '0.0', 1: '1.0', 2: '0.0', 3: '1.0', 4: 2.4826173924824903e-05} 
{0: '0.0', 1: '1.0', 2: '0.0', 3: '1.0', 4: 1.429081209381905} 
{0: '0.0', 1: '1.0', 2: '0.0', 3: '1.0', 4: 0.39163243852952917} 
{0: '0.0', 1: '1.0', 2: '0.0', 3: '1.0', 4: 0.09526060318989123} 
{0: '0.0', 1: '1.0', 2: '0.0', 3: '1.0', 4: 0.30234743633685635} 
{0: '0.0', 1: '1.0', 2: '0.0', 3: '1.0', 4: 0.09993027095948222} 
{0: '0.0', 1: '1.0', 2: '0.0', 3: '1.0', 4: 0.0072510138168757265} 
{0: '0.0', 1: '1.0', 2: '0.0', 3: '1.0', 4: 0.44225606814401935} 
{0: '0.0', 1: '1.0', 2: '0.0', 3: '1.0', 4: 0.20014824093804967} 
{0: '0.0', 1: '1.0', 2: '0.0', 3: '1.0', 4: 0.25379716590762785} 
{0: '0.0', 1: '1.0', 2: '0.0', 3: '1.0', 4: 0.6238741060490496} 
{0: '0.0', 1: '1.0', 2: '0.0', 3: '1.0', 4: 3.5508104686439625} 
{0: '0.0', 1: '1.0', 2: '0.0', 3: '1.0', 4: 0.6394753794031272} 
{0: '0.0', 1: '1.0', 2: '0.0', 3: '1.0', 4: 0.0071698366416472975} 
{0: '0.0', 1: '1.0', 2: '0.0', 3: '1.0', 4: 0.11141041309819738} 
{0: '0.0', 1: '1.0', 2: '0.0', 3: '1.0', 4: 1.5616087172540283} 
{0: '0.0', 1: '1.0', 2: '0.0', 3: '1.0', 4: 0.013161020479878716} 
{0: '0.0', 1: '1.0', 2: '0.0', 3: '1.0', 4: 0.178215228949239} 
{0: '0.0', 1: '1.0', 2: '0.0', 3: '1.0', 4: 0.3482202617835648} 
{0: '0.0', 1: '1.0', 2: '0.0', 3: '1.0', 4: 0.22536082265120233} 
{0: '0.0', 1: '1.0', 2: '0.0', 3: '1.0', 4: 1.1402044732495722} 
{0: '0.0', 1: '1.0', 2: '0.0', 3: '1.0', 4: 0.04022330963604137} 
{0: '0.0', 1: '1.0', 2: '0.0', 3: '1.0', 4: 0.00012456647009868307} 
{0: '0.0', 1: '1.0', 2: '0.0', 3: '1.0', 4: 0.06637974060841642} 
{0: '0.0', 1: '1.0', 2: '0.0', 3: '1.0', 4: 1.5204861801473257} 
{0: '0.0', 1: '1.0', 2: '0.0', 3: '1.0', 4: 1.2238741023427533} 
{0: '0.0', 1: '1.0', 2: '0.0', 3: '1.0', 4: 0.1366516169208292} 
{0: '0.0', 1: '1.0', 2: '0.0', 3: '1.0', 4: 1.0154184968780995} 
{0: '0.0', 1: '1.0', 2: '0.0', 3: '1.0', 4: 0.01159900363358309} 
{0: '0.0', 1: '1.0', 2: '0.0', 3: '1.0', 4: 0.048799301208133535} 
{0: '0.0', 1: '1.0', 2: '0.0', 3: '1.0', 4: 0.24473094334122844} 
{0: '0.0', 1: '1.0', 2: '0.0', 3: '1.0', 4: 0.9247058092754598} 
{0: '0.0', 1: '1.0', 2: '0.0', 3: '1.0', 4: 0.7964571841725473} 
{0: '0.0', 1: '1.0', 2: '0.0', 3: '1.0', 4: 0.0010310318906065232} 
{0: '0.0', 1: '1.0', 2: '0.0', 3: '1.0', 4: 0.20956385422525878} 
{0: '0.0', 1: '1.0', 2: '0.0', 3: '1.0', 4: 2.0357626323811795} 
{0: '0.0', 1: '1.0', 2: '0.0', 3: '1.0', 4: 0.7637046934103376} 
{0: '0.0', 1: '1.0', 2: '0.0', 3: '1.0', 4: 0.6059598267189265} 
{0: '0.0', 1: '1.0', 2: '0.0', 3: '1.0', 4: 1.7049565523650916} 
{0: '0.0', 1: '1.0', 2: '0.0', 3: '1.0', 4: 0.10666057043121852} 
{0: '0.0', 1: '1.0', 2: '0.0', 3: '1.0', 4: 0.04136804509101925} 
{0: '0.0', 1: '1.0', 2: '0.0', 3: '1.0', 4: 0.002090254780944864} 
{0: '0.0', 1: '1.0', 2: '0.0', 3: '1.0', 4: 0.7638052073828643} 
{0: '0.0', 1: '1.0', 2: '0.0', 3: '1.0', 4: 0.039113587072946404} 
{0: '0.0', 1: '1.0', 2: '0.0', 3: '1.0', 4: 0.06482679312626463} 
{0: '0.0', 1: '1.0', 2: '0.0', 3: '1.0', 4: 1.4609985076703216} 
{0: '0.0', 1: '1.0', 2: '0.0', 3: '1.0', 4: 0.016684312076233172} 
{0: '0.0', 1: '1.0', 2: '0.0', 3: '1.0', 4: 0.29265923048525055} 
{0: '0.0', 1: '1.0', 2: '0.0', 3: '1.0', 4: 1.2768154873340294} 
{0: '0.0', 1: '1.0', 2: '0.0', 3: '1.0', 4: 0.057798584240560745} 
{0: '0.0', 1: '1.0', 2: '0.0', 3: '1.0', 4: 0.0002980180433466049} 
{0: '0.0', 1: '1.0', 2: '0.0', 3: '1.0', 4: 1.040918806643234} 
{0: '0.0', 1: '1.0', 2: '0.0', 3: '1.0', 4: 0.06609272727686957} 
{0: '0.0', 1: '1.0', 2: '0.0', 3: '1.0', 4: 0.4541889721800898} 
{0: '0.0', 1: '1.0', 2: '0.0', 3: '1.0', 4: 0.017838169390089594} 
{0: '0.0', 1: '1.0', 2: '0.0', 3: '1.0', 4: 0.06874127540435429} 
{0: '0.0', 1: '1.0', 2: '0.0', 3: '1.0', 4: 0.013702803214923079} 
{0: '0.0', 1: '1.0', 2: '0.0', 3: '1.0', 4: 0.3146782931177251} 
{0: '0.0', 1: '1.0', 2: '0.0', 3: '1.0', 4: 0.27944451291860434} 
{0: '0.0', 1: '1.0', 2: '0.0', 3: '1.0', 4: 0.1612966224471073} 
{0: '0.0', 1: '1.0', 2: '0.0', 3: '1.0', 4: 0.5440276832919477} 
{0: '0.0', 1: '1.0', 2: '0.0', 3: '1.0', 4: 0.0915081276793938} 
{0: '0.0', 1: '1.0', 2: '0.0', 3: '1.0', 4: 0.3591524698713433} 
{0: '0.0', 1: '1.0', 2: '0.0', 3: '1.0', 4: 0.04651221699217695} 
{0: '0.0', 1: '1.0', 2: '0.0', 3: '1.0', 4: 0.20952823901526074} 
{0: '0.0', 1: '1.0', 2: '0.0', 3: '1.0', 4: 0.43562678861195275} 
{0: '0.0', 1: '1.0', 2: '0.0', 3: '1.0', 4: 1.603931547350496} 
{0: '0.0', 1: '1.0', 2: '0.0', 3: '1.0', 4: 0.0002444959121568561} 
{0: '0.0', 1: '1.0', 2: '0.0', 3: '1.0', 4: 1.6850654904949216} 
{0: '0.0', 1: '1.0', 2: '0.0', 3: '1.0', 4: 0.3755734688178223} 
{0: '0.0', 1: '1.0', 2: '0.0', 3: '1.0', 4: 0.041849477783362836} 
{0: '0.0', 1: '1.0', 2: '0.0', 3: '1.0', 4: 0.6011175887647984} 
{0: '0.0', 1: '1.0', 2: '0.0', 3: '1.0', 4: 0.00647021501459037} 
{0: '0.0', 1: '1.0', 2: '0.0', 3: '1.0', 4: 0.1192887697413853} 
{0: '0.0', 1: '1.0', 2: '0.0', 3: '1.0', 4: 0.5430070135636006} 
{0: '0.0', 1: '1.0', 2: '0.0', 3: '1.0', 4: 0.05439200205325507} 
{0: '0.0', 1: '1.0', 2: '0.0', 3: '1.0', 4: 0.19714610098773283} 
{0: '0.0', 1: '1.0', 2: '0.0', 3: '1.0', 4: 0.011539948987841135} 
{0: '0.0', 1: '1.0', 2: '0.0', 3: '1.0', 4: 1.8357293906688723} 
{0: '0.0', 1: '1.0', 2: '0.0', 3: '1.0', 4: 1.1587426306381206} 
{0: '0.0', 1: '1.0', 2: '0.0', 3: '1.0', 4: 1.5356614804178943} 
{0: '0.0', 1: '1.0', 2: '0.0', 3: '1.0', 4: 0.3278172243517402} 
{0: '0.0', 1: '1.0', 2: '0.0', 3: '1.0', 4: 0.6005439293530486} 
{0: '0.0', 1: '1.0', 2: '0.0', 3: '1.0', 4: 0.07314384148958876} 
{0: '0.0', 1: '1.0', 2: '0.0', 3: '1.0', 4: 0.9424665250515991} 
{0: '0.0', 1: '1.0', 2: '0.0', 3: '1.0', 4: 0.3885855177021213} 
{0: '0.0', 1: '1.0', 2: '0.0', 3: '1.0', 4: 0.09750446572360381} 
{0: '0.0', 1: '1.0', 2: '0.0', 3: '1.0', 4: 0.2793903878080798} 
{0: '0.0', 1: '1.0', 2: '0.0', 3: '1.0', 4: 0.18427525913149267} 
{0: '0.0', 1: '1.0', 2: '0.0', 3: '1.0', 4: 0.012497847841519805} 
{0: '0.0', 1: '1.0', 2: '0.0', 3: '1.0', 4: 0.8890204402021706} 
{0: '0.0', 1: '1.0', 2: '0.0', 3: '1.0', 4: 0.520153985494319} 
{0: '0.0', 1: '1.0', 2: '0.0', 3: '1.0', 4: 1.5088562226379387} 
{0: '0.0', 1: '1.0', 2: '0.0', 3: '1.0', 4: 0.18962921611784944} 
{0: '0.0', 1: '1.0', 2: '0.0', 3: '1.0', 4: 0.33691177371556136} 
{0: '0.0', 1: '1.0', 2: '0.0', 3: '1.0', 4: 0.07041102222377853} 
{0: '0.0', 1: '1.0', 2: '0.0', 3: '1.0', 4: 0.00033085238553391905} 
{0: '0.0', 1: '1.0', 2: '0.0', 3: '1.0', 4: 0.19579718992843173} 
{0: '0.0', 1: '1.0', 2: '0.0', 3: '1.0', 4: 1.0817524377401797} 
{0: '0.0', 1: '1.0', 2: '0.0', 3: '1.0', 4: 0.0016761728016549556} 
{0: '0.0', 1: '1.0', 2: '0.0', 3: '1.0', 4: 1.6576531116205264} 
{0: '0.0', 1: '1.0', 2: '0.0', 3: '1.0', 4: 0.30186558914622535} 
{0: '0.0', 1: '1.0', 2: '0.0', 3: '1.0', 4: 0.29029875986179393} 
{0: '0.0', 1: '1.0', 2: '0.0', 3: '1.0', 4: 0.2471188824143064} 
{0: '0.0', 1: '1.0', 2: '0.0', 3: '1.0', 4: 0.452228143116906} 
{0: '0.0', 1: '1.0', 2: '0.0', 3: '1.0', 4: 0.7630858303359017} 
{0: '0.0', 1: '1.0', 2: '0.0', 3: '1.0', 4: 0.03990698275213406} 
{0: '0.0', 1: '1.0', 2: '0.0', 3: '1.0', 4: 0.21894628233487476} 
{0: '0.0', 1: '1.0', 2: '0.0', 3: '1.0', 4: 0.4719148666006945} 
{0: '0.0', 1: '1.0', 2: '0.0', 3: '1.0', 4: 0.7881077499345988} 
{0: '0.0', 1: '1.0', 2: '0.0', 3: '1.0', 4: 0.08645348943154924} 
{0: '0.0', 1: '1.0', 2: '0.0', 3: '1.0', 4: 0.33327409555879384} 
{0: '0.0', 1: '1.0', 2: '0.0', 3: '1.0', 4: 0.942451356975906} 
{0: '0.0', 1: '1.0', 2: '0.0', 3: '1.0', 4: 0.15476301166144754} 
{0: '0.0', 1: '1.0', 2: '0.0', 3: '1.0', 4: 1.9515177039169807} 
{0: '0.0', 1: '1.0', 2: '0.0', 3: '1.0', 4: 0.40373401805725534} 
{0: '0.0', 1: '1.0', 2: '0.0', 3: '1.0', 4: 0.015877244838258857} 
{0: '0.0', 1: '1.0', 2: '0.0', 3: '1.0', 4: 0.717416900380424} 
{0: '0.0', 1: '1.0', 2: '0.0', 3: '1.0', 4: 0.003761731966660869} 
{0: '0.0', 1: '1.0', 2: '0.0', 3: '1.0', 4: 0.05418306810410283} 
{0: '0.0', 1: '1.0', 2: '0.0', 3: '1.0', 4: 0.007009291793299121} 
{0: '0.0', 1: '1.0', 2: '0.0', 3: '1.0', 4: 0.9297827148787031} 
{0: '0.0', 1: '1.0', 2: '0.0', 3: '1.0', 4: 0.053346306491123374} 
{0: '0.0', 1: '1.0', 2: '0.0', 3: '1.0', 4: 1.5788818814506524} 
{0: '0.0', 1: '1.0', 2: '0.0', 3: '1.0', 4: 0.06081184295521604} 
{0: '0.0', 1: '1.0', 2: '0.0', 3: '1.0', 4: 0.28360369768779} 
{0: '0.0', 1: '1.0', 2: '0.0', 3: '1.0', 4: 0.15459052897040207} 
{0: '0.0', 1: '1.0', 2: '0.0', 3: '1.0', 4: 0.13707313369817561} 
{0: '0.0', 1: '1.0', 2: '0.0', 3: '1.0', 4: 0.36980486545695707} 
{0: '0.0', 1: '1.0', 2: '0.0', 3: '1.0', 4: 0.11376379106877967} 
{0: '0.0', 1: '1.0', 2: '0.0', 3: '1.0', 4: 0.4344946138381229} 
{0: '0.0', 1: '1.0', 2: '0.0', 3: '1.0', 4: 0.00026544927214287254} 
{0: '0.0', 1: '1.0', 2: '0.0', 3: '1.0', 4: 0.2364165666045734} 
{0: '0.0', 1: '1.0', 2: '0.0', 3: '1.0', 4: 0.0035946333745356072} 
{0: '0.0', 1: '1.0', 2: '0.0', 3: '1.0', 4: 0.0004700685563926523} 
{0: '0.0', 1: '1.0', 2: '0.0', 3: '1.0', 4: 0.02439934935764798} 
{0: '0.0', 1: '1.0', 2: '0.0', 3: '1.0', 4: 0.06244379742145018} 
{0: '0.0', 1: '1.0', 2: '0.0', 3: '1.0', 4: 0.013167145152958479} 
{0: '0.0', 1: '1.0', 2: '0.0', 3: '1.0', 4: 0.04384602575038609} 
{0: '0.0', 1: '1.0', 2: '0.0', 3: '1.0', 4: 0.0070230280862596675} 
{0: '0.0', 1: '1.0', 2: '0.0', 3: '1.0', 4: 0.004640800576815631} 
{0: '0.0', 1: '1.0', 2: '0.0', 3: '1.0', 4: 1.3286619313230892} 
{0: '0.0', 1: '1.0', 2: '0.0', 3: '1.0', 4: 0.07128235759266177} 
{0: '0.0', 1: '1.0', 2: '0.0', 3: '1.0', 4: 0.7843281982867583} 
{0: '0.0', 1: '1.0', 2: '0.0', 3: '1.0', 4: 0.9159630432453143} 
{0: '0.0', 1: '1.0', 2: '0.0', 3: '1.0', 4: 0.05363459698299705} 
{0: '0.0', 1: '1.0', 2: '0.0', 3: '1.0', 4: 2.1760210484522906} 
{0: '0.0', 1: '1.0', 2: '0.0', 3: '1.0', 4: 0.4936397723068055} 
{0: '0.0', 1: '1.0', 2: '0.0', 3: '1.0', 4: 0.09847238356939392} 
{0: '0.0', 1: '1.0', 2: '0.0', 3: '1.0', 4: 0.49258517796155865} 
{0: '0.0', 1: '1.0', 2: '0.0', 3: '1.0', 4: 0.6240550561652923} 
{0: '0.0', 1: '1.0', 2: '0.0', 3: '1.0', 4: 1.219126393050043} 
{0: '0.0', 1: '1.0', 2: '0.0', 3: '1.0', 4: 0.5121350077491591} 
{0: '0.0', 1: '1.0', 2: '0.0', 3: '1.0', 4: 0.7456361802394867} 
{0: '0.0', 1: '1.0', 2: '0.0', 3: '1.0', 4: 0.12749314819672933} 
{0: '0.0', 1: '1.0', 2: '0.0', 3: '1.0', 4: 0.02348672727777331} 
{0: '0.0', 1: '1.0', 2: '0.0', 3: '1.0', 4: 0.5027518786927719} 
{0: '0.0', 1: '1.0', 2: '0.0', 3: '1.0', 4: 0.3147584342651664} 
{0: '0.0', 1: '1.0', 2: '0.0', 3: '1.0', 4: 0.3360516850324419} 
{0: '0.0', 1: '1.0', 2: '0.0', 3: '1.0', 4: 0.27785047025653037} 
{0: '0.0', 1: '1.0', 2: '0.0', 3: '1.0', 4: 0.2095906004160117} 
{0: '0.0', 1: '1.0', 2: '0.0', 3: '1.0', 4: 0.13738681138290967} 
{0: '0.0', 1: '1.0', 2: '0.0', 3: '1.0', 4: 0.14084804137631748} 
{0: '0.0', 1: '1.0', 2: '0.0', 3: '1.0', 4: 0.9745469825101253} 
{0: '0.0', 1: '1.0', 2: '0.0', 3: '1.0', 4: 0.5186469565434724} 
{0: '0.0', 1: '1.0', 2: '0.0', 3: '1.0', 4: 0.06250920210101035} 
{0: '0.0', 1: '1.0', 2: '0.0', 3: '1.0', 4: 0.07261924716115283} 
{0: '0.0', 1: '1.0', 2: '0.0', 3: '1.0', 4: 0.03147622463023376} 
{0: '0.0', 1: '1.0', 2: '0.0', 3: '1.0', 4: 0.09010784708102287} 
{0: '0.0', 1: '1.0', 2: '0.0', 3: '1.0', 4: 0.03365603267028227} 
{0: '0.0', 1: '1.0', 2: '0.0', 3: '1.0', 4: 0.20927401902898976} 
{0: '0.0', 1: '1.0', 2: '0.0', 3: '1.0', 4: 0.251746057258578} 
{0: '0.0', 1: '1.0', 2: '0.0', 3: '1.0', 4: 0.8634052403957154} 
{0: '0.0', 1: '1.0', 2: '0.0', 3: '1.0', 4: 0.15105174241978692} 
{0: '0.0', 1: '1.0', 2: '0.0', 3: '1.0', 4: 0.004182084194228791} 
{0: '0.0', 1: '1.0', 2: '0.0', 3: '1.0', 4: 0.5351265405238733} 
{0: '0.0', 1: '1.0', 2: '0.0', 3: '1.0', 4: 0.14047825916200662} 
{0: '0.0', 1: '1.0', 2: '0.0', 3: '1.0', 4: 1.6153385742283604} 
{0: '0.0', 1: '1.0', 2: '0.0', 3: '1.0', 4: 0.08386264832428084} 
{0: '0.0', 1: '1.0', 2: '0.0', 3: '1.0', 4: 0.38611079045913066} 
{0: '0.0', 1: '1.0', 2: '0.0', 3: '1.0', 4: 0.38183323510863276} 
{0: '0.0', 1: '1.0', 2: '0.0', 3: '1.0', 4: 0.2596989043892675} 
{0: '0.0', 1: '1.0', 2: '0.0', 3: '1.0', 4: 0.04849532913968919} 
{0: '0.0', 1: '1.0', 2: '0.0', 3: '1.0', 4: 0.30222724545553514} 
{0: '0.0', 1: '1.0', 2: '0.0', 3: '1.0', 4: 0.09412396469444685} 
{0: '0.0', 1: '1.0', 2: '0.0', 3: '1.0', 4: 0.0003944666107534172} 
{0: '0.0', 1: '1.0', 2: '0.0', 3: '1.0', 4: 1.050095815955509} 
{0: '0.0', 1: '1.0', 2: '0.0', 3: '1.0', 4: 0.37389621572027076} 
{0: '0.0', 1: '1.0', 2: '0.0', 3: '1.0', 4: 0.6509587013698661} 
{0: '0.0', 1: '1.0', 2: '0.0', 3: '1.0', 4: 0.07458050537670988} 
{0: '0.0', 1: '1.0', 2: '0.0', 3: '1.0', 4: 0.042064909866113484} 
{0: '0.0', 1: '1.0', 2: '0.0', 3: '1.0', 4: 0.02268771070175567} 
{0: '0.0', 1: '1.0', 2: '0.0', 3: '1.0', 4: 0.201397554244083} 
{0: '0.0', 1: '1.0', 2: '0.0', 3: '1.0', 4: 0.1519500915208331} 
{0: '0.0', 1: '1.0', 2: '0.0', 3: '1.0', 4: 1.1176528567842208} 
{0: '0.0', 1: '1.0', 2: '0.0', 3: '1.0', 4: 0.030623537907022547} 
{0: '0.0', 1: '1.0', 2: '0.0', 3: '1.0', 4: 0.779918653504907} 
{0: '0.0', 1: '1.0', 2: '0.0', 3: '1.0', 4: 6.027098195919118e-07} 
{0: '0.0', 1: '1.0', 2: '0.0', 3: '1.0', 4: 0.18677727996847476} 
{0: '0.0', 1: '1.0', 2: '0.0', 3: '1.0', 4: 0.12699534635984755} 
{0: '0.0', 1: '1.0', 2: '0.0', 3: '1.0', 4: 0.03177416091182324} 
{0: '0.0', 1: '1.0', 2: '0.0', 3: '1.0', 4: 0.43175030272981724} 
{0: '0.0', 1: '1.0', 2: '0.0', 3: '1.0', 4: 0.6846185570198173} 
{0: '0.0', 1: '1.0', 2: '0.0', 3: '1.0', 4: 7.998496377257616e-05} 
{0: '0.0', 1: '1.0', 2: '0.0', 3: '1.0', 4: 2.1345190463634776} 
{0: '0.0', 1: '1.0', 2: '0.0', 3: '1.0', 4: 0.00038847436902658585} 
{0: '0.0', 1: '1.0', 2: '0.0', 3: '1.0', 4: 0.09091709692692274} 
{0: '0.0', 1: '1.0', 2: '0.0', 3: '1.0', 4: 0.004479706514580804} 
{0: '0.0', 1: '1.0', 2: '0.0', 3: '1.0', 4: 0.035161405999257114} 
{0: '0.0', 1: '1.0', 2: '0.0', 3: '1.0', 4: 0.041476934248441656} 
{0: '0.0', 1: '1.0', 2: '0.0', 3: '1.0', 4: 0.013521865854990949} 
{0: '0.0', 1: '1.0', 2: '0.0', 3: '1.0', 4: 0.3046255547424294} 
{0: '0.0', 1: '1.0', 2: '0.0', 3: '1.0', 4: 0.49472821014952084} 
{0: '0.0', 1: '1.0', 2: '0.0', 3: '1.0', 4: 0.5113020355482039} 
{0: '0.0', 1: '1.0', 2: '0.0', 3: '1.0', 4: 0.3688117043382373} 
{0: '0.0', 1: '1.0', 2: '0.0', 3: '1.0', 4: 0.0013689074422327308} 
{0: '0.0', 1: '1.0', 2: '0.0', 3: '1.0', 4: 0.17067961101167498} 
{0: '0.0', 1: '1.0', 2: '0.0', 3: '1.0', 4: 5.547590924528991e-05} 
{0: '0.0', 1: '1.0', 2: '0.0', 3: '1.0', 4: 0.015694238522565036} 
{0: '0.0', 1: '1.0', 2: '0.0', 3: '1.0', 4: 0.19077624440334875} 
{0: '0.0', 1: '1.0', 2: '0.0', 3: '1.0', 4: 2.28374629393419} 
{0: '0.0', 1: '1.0', 2: '0.0', 3: '1.0', 4: 0.9420439240206396} 
{0: '0.0', 1: '1.0', 2: '0.0', 3: '1.0', 4: 0.7752188328302498} 
{0: '0.0', 1: '1.0', 2: '0.0', 3: '1.0', 4: 0.937377867743974} 
{0: '0.0', 1: '1.0', 2: '0.0', 3: '1.0', 4: 0.0060910384338160655} 
{0: '0.0', 1: '1.0', 2: '0.0', 3: '1.0', 4: 0.13606065548000845} 
{0: '0.0', 1: '1.0', 2: '0.0', 3: '1.0', 4: 0.24140297542148142} 
{0: '0.0', 1: '1.0', 2: '0.0', 3: '1.0', 4: 0.672603652906479} 
{0: '0.0', 1: '1.0', 2: '0.0', 3: '1.0', 4: 0.03868173123270935} 
{0: '0.0', 1: '1.0', 2: '0.0', 3: '1.0', 4: 0.14810175299356468} 
{0: '0.0', 1: '1.0', 2: '0.0', 3: '1.0', 4: 0.3418243258147116} 
{0: '0.0', 1: '1.0', 2: '0.0', 3: '1.0', 4: 0.15425236672903025} 
{0: '0.0', 1: '1.0', 2: '0.0', 3: '1.0', 4: 0.10134540612107863} 
{0: '0.0', 1: '1.0', 2: '0.0', 3: '1.0', 4: 0.0628297569793649} 
{0: '0.0', 1: '1.0', 2: '0.0', 3: '1.0', 4: 2.1099097449409965} 
{0: '0.0', 1: '1.0', 2: '0.0', 3: '1.0', 4: 0.12008017961634243} 
{0: '0.0', 1: '1.0', 2: '0.0', 3: '1.0', 4: 0.15600191856605944} 
{0: '0.0', 1: '1.0', 2: '0.0', 3: '1.0', 4: 0.10272802448315842} 
{0: '0.0', 1: '1.0', 2: '0.0', 3: '1.0', 4: 0.4174546662306838} 
{0: '0.0', 1: '1.0', 2: '0.0', 3: '1.0', 4: 0.21465611339058313} 
{0: '0.0', 1: '1.0', 2: '0.0', 3: '1.0', 4: 0.16923932850480747} 
{0: '0.0', 1: '1.0', 2: '0.0', 3: '1.0', 4: 0.0015623309773687127} 
{0: '0.0', 1: '1.0', 2: '0.0', 3: '1.0', 4: 0.13007985112472176} 
{0: '0.0', 1: '1.0', 2: '0.0', 3: '1.0', 4: 0.21945390595549907} 
{0: '0.0', 1: '1.0', 2: '0.0', 3: '1.0', 4: 0.0017844473963749528} 
{0: '0.0', 1: '1.0', 2: '0.0', 3: '1.0', 4: 0.9781618835050679} 
{0: '0.0', 1: '1.0', 2: '0.0', 3: '1.0', 4: 0.35285725875277596} 
{0: '0.0', 1: '1.0', 2: '0.0', 3: '1.0', 4: 1.0350392307169078} 
{0: '0.0', 1: '1.0', 2: '0.0', 3: '1.0', 4: 0.6908319089761845} 
{0: '0.0', 1: '1.0', 2: '0.0', 3: '1.0', 4: 0.9352329407819824} 
{0: '0.0', 1: '1.0', 2: '0.0', 3: '1.0', 4: 0.3100048909743549} 
{0: '0.0', 1: '1.0', 2: '0.0', 3: '1.0', 4: 0.017482947143955527} 
{0: '0.0', 1: '1.0', 2: '0.0', 3: '1.0', 4: 0.0020891930305873786} 
{0: '0.0', 1: '1.0', 2: '0.0', 3: '1.0', 4: 1.100461027442309} 
{0: '0.0', 1: '1.0', 2: '0.0', 3: '1.0', 4: 1.2670362650268612} 
{0: '0.0', 1: '1.0', 2: '0.0', 3: '1.0', 4: 0.2135779498168653} 
{0: '0.0', 1: '1.0', 2: '0.0', 3: '1.0', 4: 0.9463588085635884} 
{0: '0.0', 1: '1.0', 2: '0.0', 3: '1.0', 4: 0.4683839277566127} 
{0: '0.0', 1: '1.0', 2: '0.0', 3: '1.0', 4: 0.2581298537608875} 
{0: '0.0', 1: '1.0', 2: '0.0', 3: '1.0', 4: 0.006432055443402112} 
{0: '0.0', 1: '1.0', 2: '0.0', 3: '1.0', 4: 0.5555853162547937} 
{0: '0.0', 1: '1.0', 2: '0.0', 3: '1.0', 4: 0.2870096022621764} 
{0: '0.0', 1: '1.0', 2: '0.0', 3: '1.0', 4: 0.243292057591595} 
{0: '0.0', 1: '1.0', 2: '0.0', 3: '1.0', 4: 0.13145581293818} 
{0: '0.0', 1: '1.0', 2: '0.0', 3: '1.0', 4: 1.0781523131026112} 
{0: '0.0', 1: '1.0', 2: '0.0', 3: '1.0', 4: 0.0012581853699958148} 
{0: '0.0', 1: '1.0', 2: '0.0', 3: '1.0', 4: 0.0323319677968385} 
{0: '0.0', 1: '1.0', 2: '0.0', 3: '1.0', 4: 0.01691683322267585} 
{0: '0.0', 1: '1.0', 2: '0.0', 3: '1.0', 4: 0.012177692153790543} 
{0: '0.0', 1: '1.0', 2: '0.0', 3: '1.0', 4: 0.056587481674870314} 
{0: '0.0', 1: '1.0', 2: '0.0', 3: '1.0', 4: 0.038991714868572946} 
{0: '0.0', 1: '1.0', 2: '0.0', 3: '1.0', 4: 1.279651458281596} 
{0: '0.0', 1: '1.0', 2: '0.0', 3: '1.0', 4: 0.3756542499908523} 
{0: '0.0', 1: '1.0', 2: '0.0', 3: '1.0', 4: 0.022977711479750407} 
{0: '0.0', 1: '1.0', 2: '0.0', 3: '1.0', 4: 0.02885609617338433} 
{0: '0.0', 1: '1.0', 2: '0.0', 3: '1.0', 4: 0.3876750727642406} 
{0: '0.0', 1: '1.0', 2: '0.0', 3: '1.0', 4: 0.12121710561127334} 
{0: '0.0', 1: '1.0', 2: '0.0', 3: '1.0', 4: 0.0005292172964540275} 
{0: '0.0', 1: '1.0', 2: '0.0', 3: '1.0', 4: 0.24020260462965726} 
{0: '0.0', 1: '1.0', 2: '0.0', 3: '1.0', 4: 0.0012438042563837873} 
{0: '0.0', 1: '1.0', 2: '0.0', 3: '1.0', 4: 1.8205892434806257} 
{0: '0.0', 1: '1.0', 2: '0.0', 3: '1.0', 4: 0.9351587064271741} 
{0: '0.0', 1: '1.0', 2: '0.0', 3: '1.0', 4: 0.0002925008674517932} 
{0: '0.0', 1: '1.0', 2: '0.0', 3: '1.0', 4: 1.7488930607066258} 
{0: '0.0', 1: '1.0', 2: '0.0', 3: '1.0', 4: 0.16671411462199667} 
{0: '0.0', 1: '1.0', 2: '0.0', 3: '1.0', 4: 2.5449611250954347} 
{0: '0.0', 1: '1.0', 2: '0.0', 3: '1.0', 4: 0.663092229613776} 
{0: '0.0', 1: '1.0', 2: '0.0', 3: '1.0', 4: 0.4798321997246498} 
{0: '0.0', 1: '1.0', 2: '0.0', 3: '1.0', 4: 0.0014062236787648306} 
{0: '0.0', 1: '1.0', 2: '0.0', 3: '1.0', 4: 1.7591591114439693} 
{0: '0.0', 1: '1.0', 2: '0.0', 3: '1.0', 4: 0.012457915282502523} 
{0: '0.0', 1: '1.0', 2: '0.0', 3: '1.0', 4: 1.3477092759955493} 
{0: '0.0', 1: '1.0', 2: '0.0', 3: '1.0', 4: 0.1060512977748248} 
{0: '0.0', 1: '1.0', 2: '0.0', 3: '1.0', 4: 0.20321901951062868} 
{0: '0.0', 1: '1.0', 2: '0.0', 3: '1.0', 4: 0.04132182420422799} 
{0: '0.0', 1: '1.0', 2: '0.0', 3: '1.0', 4: 0.5500172619655826} 
{0: '0.0', 1: '1.0', 2: '0.0', 3: '1.0', 4: 0.020188166546504637} 
{0: '0.0', 1: '1.0', 2: '0.0', 3: '1.0', 4: 0.0018880913500694291} 
{0: '0.0', 1: '1.0', 2: '0.0', 3: '1.0', 4: 0.7752962987802398} 
{0: '0.0', 1: '1.0', 2: '0.0', 3: '1.0', 4: 0.2587878116812619} 
{0: '0.0', 1: '1.0', 2: '0.0', 3: '1.0', 4: 0.059394122261809755} 
{0: '0.0', 1: '1.0', 2: '0.0', 3: '1.0', 4: 1.0184293402614608} 
{0: '0.0', 1: '1.0', 2: '0.0', 3: '1.0', 4: 0.007602672955809042} 
{0: '0.0', 1: '1.0', 2: '0.0', 3: '1.0', 4: 0.1592971938934804} 
{0: '0.0', 1: '1.0', 2: '0.0', 3: '1.0', 4: 0.9384296372515702} 
{0: '0.0', 1: '1.0', 2: '0.0', 3: '1.0', 4: 0.5938329990273452} 
{0: '0.0', 1: '1.0', 2: '0.0', 3: '1.0', 4: 0.2593554487415177} 
{0: '0.0', 1: '1.0', 2: '0.0', 3: '1.0', 4: 0.004328265671869042} 
{0: '0.0', 1: '1.0', 2: '0.0', 3: '1.0', 4: 0.04226127208269804} 
{0: '0.0', 1: '1.0', 2: '0.0', 3: '1.0', 4: 0.2133976431919764} 
{0: '0.0', 1: '1.0', 2: '0.0', 3: '1.0', 4: 1.109258566291031} 
{0: '0.0', 1: '1.0', 2: '0.0', 3: '1.0', 4: 2.3705543872516626} 
{0: '0.0', 1: '1.0', 2: '0.0', 3: '1.0', 4: 4.1265970272381297e-07} 
{0: '0.0', 1: '1.0', 2: '0.0', 3: '1.0', 4: 0.4890025412049684} 
{0: '0.0', 1: '1.0', 2: '0.0', 3: '1.0', 4: 1.2629186073386318} 
{0: '0.0', 1: '1.0', 2: '0.0', 3: '1.0', 4: 1.3165257316832246} 
{0: '0.0', 1: '1.0', 2: '0.0', 3: '1.0', 4: 0.39479527480021215} 
{0: '0.0', 1: '1.0', 2: '0.0', 3: '1.0', 4: 0.225560178101811} 
{0: '0.0', 1: '1.0', 2: '0.0', 3: '1.0', 4: 0.00027489514425192235} 
{0: '0.0', 1: '1.0', 2: '0.0', 3: '1.0', 4: 0.15826040100133934} 
{0: '0.0', 1: '1.0', 2: '0.0', 3: '1.0', 4: 0.28734248632351606} 
{0: '0.0', 1: '1.0', 2: '0.0', 3: '1.0', 4: 3.25792038067891} 
{0: '0.0', 1: '1.0', 2: '0.0', 3: '1.0', 4: 0.4003937455350483} 
{0: '0.0', 1: '1.0', 2: '0.0', 3: '1.0', 4: 0.28028355708010766} 
{0: '0.0', 1: '1.0', 2: '0.0', 3: '1.0', 4: 0.25535901954466284} 
{0: '0.0', 1: '1.0', 2: '0.0', 3: '1.0', 4: 1.3804489236649877} 
{0: '0.0', 1: '1.0', 2: '0.0', 3: '1.0', 4: 0.1997944916580693} 
{0: '0.0', 1: '1.0', 2: '0.0', 3: '1.0', 4: 0.1056044111129763} 
{0: '0.0', 1: '1.0', 2: '0.0', 3: '1.0', 4: 0.5791997645201752} 
{0: '0.0', 1: '1.0', 2: '0.0', 3: '1.0', 4: 0.06830200035652877} 
{0: '0.0', 1: '1.0', 2: '0.0', 3: '1.0', 4: 0.33336443188183257} 
{0: '0.0', 1: '1.0', 2: '0.0', 3: '1.0', 4: 0.8113394082107391} 
{0: '0.0', 1: '1.0', 2: '0.0', 3: '1.0', 4: 0.3607164542192555} 
{0: '0.0', 1: '1.0', 2: '0.0', 3: '1.0', 4: 0.7949266208369254} 
{0: '0.0', 1: '1.0', 2: '0.0', 3: '1.0', 4: 0.9538619059925741} 
{0: '0.0', 1: '1.0', 2: '0.0', 3: '1.0', 4: 0.5491611895522257} 
{0: '0.0', 1: '1.0', 2: '0.0', 3: '1.0', 4: 0.1085174883698662} 
{0: '0.0', 1: '1.0', 2: '0.0', 3: '1.0', 4: 0.5321942662127374} 
{0: '0.0', 1: '1.0', 2: '0.0', 3: '1.0', 4: 0.19961470038028323} 
{0: '0.0', 1: '1.0', 2: '0.0', 3: '1.0', 4: 0.6965364511015173} 
{0: '0.0', 1: '1.0', 2: '0.0', 3: '1.0', 4: 0.48326586739940286} 
{0: '0.0', 1: '1.0', 2: '0.0', 3: '1.0', 4: 0.40747922190263375} 
{0: '0.0', 1: '1.0', 2: '0.0', 3: '1.0', 4: 1.4785663818502617} 
{0: '0.0', 1: '1.0', 2: '0.0', 3: '1.0', 4: 0.2021776424120555} 
{0: '0.0', 1: '1.0', 2: '0.0', 3: '1.0', 4: 0.28779249930686224} 
{0: '0.0', 1: '1.0', 2: '0.0', 3: '1.0', 4: 0.010577313531076028} 
{0: '0.0', 1: '1.0', 2: '0.0', 3: '1.0', 4: 0.10667439079798262} 
{0: '0.0', 1: '1.0', 2: '0.0', 3: '1.0', 4: 0.9691686523389196} 
{0: '0.0', 1: '1.0', 2: '0.0', 3: '1.0', 4: 0.07868649228241303} 
{0: '0.0', 1: '1.0', 2: '0.0', 3: '1.0', 4: 0.10977900552067402} 
{0: '0.0', 1: '1.0', 2: '0.0', 3: '1.0', 4: 1.212016684596537} 
{0: '0.0', 1: '1.0', 2: '0.0', 3: '1.0', 4: 0.5284034104183583} 
{0: '0.0', 1: '1.0', 2: '0.0', 3: '1.0', 4: 0.17290762700922746} 
{0: '0.0', 1: '1.0', 2: '0.0', 3: '1.0', 4: 0.43968663302616573} 
{0: '0.0', 1: '1.0', 2: '0.0', 3: '1.0', 4: 0.3168750079396279} 
{0: '0.0', 1: '1.0', 2: '0.0', 3: '1.0', 4: 0.4452411481021956} 
{0: '0.0', 1: '1.0', 2: '0.0', 3: '1.0', 4: 2.0868594910861082} 
{0: '0.0', 1: '1.0', 2: '0.0', 3: '1.0', 4: 0.5315266394224117} 
{0: '0.0', 1: '1.0', 2: '0.0', 3: '1.0', 4: 0.4060355036998126} 
{0: '0.0', 1: '1.0', 2: '0.0', 3: '1.0', 4: 5.592059913925911} 
{0: '0.0', 1: '1.0', 2: '0.0', 3: '1.0', 4: 0.11440853189274819} 
{0: '0.0', 1: '1.0', 2: '0.0', 3: '1.0', 4: 0.6063421930280747} 
{0: '0.0', 1: '1.0', 2: '0.0', 3: '1.0', 4: 0.000779982407586829} 
{0: '0.0', 1: '1.0', 2: '0.0', 3: '1.0', 4: 1.0979508445271629} 
{0: '0.0', 1: '1.0', 2: '0.0', 3: '1.0', 4: 0.0017737843543251123} 
{0: '0.0', 1: '1.0', 2: '0.0', 3: '1.0', 4: 0.018497575276269506} 
{0: '0.0', 1: '1.0', 2: '0.0', 3: '1.0', 4: 0.5501630855191944} 
{0: '0.0', 1: '1.0', 2: '0.0', 3: '1.0', 4: 1.6077821072899452} 
{0: '0.0', 1: '1.0', 2: '0.0', 3: '1.0', 4: 0.005771675899700138} 
{0: '0.0', 1: '1.0', 2: '0.0', 3: '1.0', 4: 0.7072911215518897} 
{0: '0.0', 1: '1.0', 2: '0.0', 3: '1.0', 4: 0.5253875953509822} 
{0: '0.0', 1: '1.0', 2: '0.0', 3: '1.0', 4: 0.21504215848283156} 
{0: '0.0', 1: '1.0', 2: '0.0', 3: '1.0', 4: 0.45815449048486034} 
{0: '0.0', 1: '1.0', 2: '0.0', 3: '1.0', 4: 1.2704669716946755} 
{0: '0.0', 1: '1.0', 2: '0.0', 3: '1.0', 4: 0.3875134736132436} 
{0: '0.0', 1: '1.0', 2: '0.0', 3: '1.0', 4: 0.2968305070691763} 
{0: '0.0', 1: '1.0', 2: '0.0', 3: '1.0', 4: 2.0626269018300203} 
{0: '0.0', 1: '1.0', 2: '0.0', 3: '1.0', 4: 1.2984307425570565} 
{0: '0.0', 1: '1.0', 2: '0.0', 3: '1.0', 4: 0.048125649870811596} 
{0: '0.0', 1: '1.0', 2: '0.0', 3: '1.0', 4: 0.06856514886903468} 
{0: '0.0', 1: '1.0', 2: '0.0', 3: '1.0', 4: 0.23644315772998603} 
{0: '0.0', 1: '1.0', 2: '0.0', 3: '1.0', 4: 0.11110219779225476} 
{0: '0.0', 1: '1.0', 2: '0.0', 3: '1.0', 4: 0.41915725484076655} 
{0: '0.0', 1: '1.0', 2: '0.0', 3: '1.0', 4: 0.3599785902779242} 
{0: '0.0', 1: '1.0', 2: '0.0', 3: '1.0', 4: 2.0555766399885314} 
{0: '0.0', 1: '1.0', 2: '0.0', 3: '1.0', 4: 1.6587630426933722} 
{0: '0.0', 1: '1.0', 2: '0.0', 3: '1.0', 4: 0.13142063759552883} 
{0: '0.0', 1: '1.0', 2: '0.0', 3: '1.0', 4: 0.02975932448835277} 
{0: '0.0', 1: '1.0', 2: '0.0', 3: '1.0', 4: 0.004352432222557425} 
{0: '0.0', 1: '1.0', 2: '0.0', 3: '1.0', 4: 0.09883137683098626} 
{0: '0.0', 1: '1.0', 2: '0.0', 3: '1.0', 4: 0.4314599330773897} 
{0: '0.0', 1: '1.0', 2: '0.0', 3: '1.0', 4: 0.024923088081425675} 
{0: '0.0', 1: '1.0', 2: '0.0', 3: '1.0', 4: 0.004979113045153061} 
{0: '0.0', 1: '1.0', 2: '0.0', 3: '1.0', 4: 1.9522932423182162} 
{0: '0.0', 1: '1.0', 2: '0.0', 3: '1.0', 4: 0.06966907273974994} 
{0: '0.0', 1: '1.0', 2: '0.0', 3: '1.0', 4: 1.2248340635638302} 
{0: '0.0', 1: '1.0', 2: '0.0', 3: '1.0', 4: 0.7246735666255065} 
{0: '0.0', 1: '1.0', 2: '0.0', 3: '1.0', 4: 1.1935506449773587} 
{0: '0.0', 1: '1.0', 2: '0.0', 3: '1.0', 4: 0.03233045199991264} 
{0: '0.0', 1: '1.0', 2: '0.0', 3: '1.0', 4: 1.9916010255954288} 
{0: '0.0', 1: '1.0', 2: '0.0', 3: '1.0', 4: 0.001029547070432189} 
{0: '0.0', 1: '1.0', 2: '0.0', 3: '1.0', 4: 0.46253697379983844} 
{0: '0.0', 1: '1.0', 2: '0.0', 3: '1.0', 4: 0.05265859042596069} 
{0: '0.0', 1: '1.0', 2: '0.0', 3: '1.0', 4: 1.1862618169012078} 
{0: '0.0', 1: '1.0', 2: '0.0', 3: '1.0', 4: 0.7202719297273251} 
{0: '0.0', 1: '1.0', 2: '0.0', 3: '1.0', 4: 0.9009744858742297} 
{0: '0.0', 1: '1.0', 2: '0.0', 3: '1.0', 4: 0.036066278215329525} 
{0: '0.0', 1: '1.0', 2: '0.0', 3: '1.0', 4: 0.014043665167800423} 
{0: '0.0', 1: '1.0', 2: '0.0', 3: '1.0', 4: 0.1671578291347263} 
{0: '0.0', 1: '1.0', 2: '0.0', 3: '1.0', 4: 0.060020307402107786} 
{0: '0.0', 1: '1.0', 2: '0.0', 3: '1.0', 4: 0.2867811176786503} 
{0: '0.0', 1: '1.0', 2: '0.0', 3: '1.0', 4: 0.31967395087615597} 
{0: '0.0', 1: '1.0', 2: '0.0', 3: '1.0', 4: 0.10327805387127371} 
{0: '0.0', 1: '1.0', 2: '0.0', 3: '1.0', 4: 0.1569898790657282} 
{0: '0.0', 1: '1.0', 2: '0.0', 3: '1.0', 4: 0.17183934828759898} 
{0: '0.0', 1: '1.0', 2: '0.0', 3: '1.0', 4: 0.11662164384479823} 
{0: '0.0', 1: '1.0', 2: '0.0', 3: '1.0', 4: 1.1660278117933274} 
{0: '0.0', 1: '1.0', 2: '0.0', 3: '1.0', 4: 0.49378380030583413} 
{0: '0.0', 1: '1.0', 2: '0.0', 3: '1.0', 4: 0.5629959865415235} 
{0: '0.0', 1: '1.0', 2: '0.0', 3: '1.0', 4: 1.846576554109835} 
{0: '0.0', 1: '1.0', 2: '0.0', 3: '1.0', 4: 0.41686863837843297} 
{0: '0.0', 1: '1.0', 2: '0.0', 3: '1.0', 4: 0.05949408146781166} 
{0: '0.0', 1: '1.0', 2: '0.0', 3: '1.0', 4: 0.8171661092367293} 
{0: '0.0', 1: '1.0', 2: '0.0', 3: '1.0', 4: 0.015452180228462942} 
{0: '0.0', 1: '1.0', 2: '0.0', 3: '1.0', 4: 1.3251146077062854} 
{0: '0.0', 1: '1.0', 2: '0.0', 3: '1.0', 4: 0.020213839429054907} 
{0: '0.0', 1: '1.0', 2: '0.0', 3: '1.0', 4: 0.007629934957154287} 
{0: '0.0', 1: '1.0', 2: '0.0', 3: '1.0', 4: 0.07132068504743284} 
{0: '0.0', 1: '1.0', 2: '0.0', 3: '1.0', 4: 0.07566178237739982} 
{0: '0.0', 1: '1.0', 2: '0.0', 3: '1.0', 4: 0.45023551897772657} 
{0: '0.0', 1: '1.0', 2: '0.0', 3: '1.0', 4: 1.4088688649034087} 
{0: '0.0', 1: '1.0', 2: '0.0', 3: '1.0', 4: 0.225608552846446} 
{0: '0.0', 1: '1.0', 2: '0.0', 3: '1.0', 4: 0.6281175526867445} 
{0: '0.0', 1: '1.0', 2: '0.0', 3: '1.0', 4: 0.009665399147268027} 
{0: '0.0', 1: '1.0', 2: '0.0', 3: '1.0', 4: 0.472782601203469} 
{0: '0.0', 1: '1.0', 2: '0.0', 3: '1.0', 4: 0.032490863354788194} 
{0: '0.0', 1: '1.0', 2: '0.0', 3: '1.0', 4: 3.997029119382825e-05} 
{0: '0.0', 1: '1.0', 2: '0.0', 3: '1.0', 4: 0.7837130193894428} 
{0: '0.0', 1: '1.0', 2: '0.0', 3: '1.0', 4: 0.28830826329578596} 
{0: '0.0', 1: '1.0', 2: '0.0', 3: '1.0', 4: 0.17369419643819306} 
{0: '0.0', 1: '1.0', 2: '0.0', 3: '1.0', 4: 0.4807785325210443} 
{0: '0.0', 1: '1.0', 2: '0.0', 3: '1.0', 4: 1.6410133824895867} 
{0: '0.0', 1: '1.0', 2: '0.0', 3: '1.0', 4: 0.7120334257566681} 
{0: '0.0', 1: '1.0', 2: '0.0', 3: '1.0', 4: 0.038700543302229794} 
{0: '0.0', 1: '1.0', 2: '0.0', 3: '1.0', 4: 0.8897216827501333} 
{0: '0.0', 1: '1.0', 2: '0.0', 3: '1.0', 4: 0.8451360911214834} 
{0: '0.0', 1: '1.0', 2: '0.0', 3: '1.0', 4: 0.37309853633999873} 
{0: '0.0', 1: '1.0', 2: '0.0', 3: '1.0', 4: 0.3226562487965333} 
{0: '0.0', 1: '1.0', 2: '0.0', 3: '1.0', 4: 0.46719729255667986} 
{0: '0.0', 1: '1.0', 2: '0.0', 3: '1.0', 4: 0.17885909748126616} 
{0: '0.0', 1: '1.0', 2: '0.0', 3: '1.0', 4: 0.6762061560743043} 
{0: '0.0', 1: '1.0', 2: '0.0', 3: '1.0', 4: 0.21413919058642109} 
{0: '0.0', 1: '1.0', 2: '0.0', 3: '1.0', 4: 0.39240766560477597} 
{0: '0.0', 1: '1.0', 2: '0.0', 3: '1.0', 4: 1.2064652038191201} 
{0: '0.0', 1: '1.0', 2: '0.0', 3: '1.0', 4: 0.026954047052610564} 
{0: '0.0', 1: '1.0', 2: '0.0', 3: '1.0', 4: 1.4490575473425853} 
{0: '0.0', 1: '1.0', 2: '0.0', 3: '1.0', 4: 0.8797852567008578} 
{0: '0.0', 1: '1.0', 2: '0.0', 3: '1.0', 4: 0.15566820782873525} 
{0: '0.0', 1: '1.0', 2: '0.0', 3: '1.0', 4: 0.06019735088413057} 
{0: '0.0', 1: '1.0', 2: '0.0', 3: '1.0', 4: 0.0013078750525900974} 
{0: '0.0', 1: '1.0', 2: '0.0', 3: '1.0', 4: 0.3253863426205537} 
{0: '0.0', 1: '1.0', 2: '0.0', 3: '1.0', 4: 0.2445489478758414} 
{0: '0.0', 1: '1.0', 2: '0.0', 3: '1.0', 4: 0.3437993289818434} 
{0: '0.0', 1: '1.0', 2: '0.0', 3: '1.0', 4: 0.21025902310455102} 
{0: '0.0', 1: '1.0', 2: '0.0', 3: '1.0', 4: 0.3469979590172564} 
{0: '0.0', 1: '1.0', 2: '0.0', 3: '1.0', 4: 0.8580600262761519} 
{0: '0.0', 1: '1.0', 2: '0.0', 3: '1.0', 4: 0.06511319038502016} 
{0: '0.0', 1: '1.0', 2: '0.0', 3: '1.0', 4: 0.11164918889767207} 
{0: '0.0', 1: '1.0', 2: '0.0', 3: '1.0', 4: 0.10287724835789652} 
{0: '0.0', 1: '1.0', 2: '0.0', 3: '1.0', 4: 0.7253701264371502} 
{0: '0.0', 1: '1.0', 2: '0.0', 3: '1.0', 4: 0.8803221449592672} 
{0: '0.0', 1: '1.0', 2: '0.0', 3: '1.0', 4: 0.22521427125610297} 
{0: '0.0', 1: '1.0', 2: '0.0', 3: '1.0', 4: 0.5936988569020659} 
{0: '0.0', 1: '1.0', 2: '0.0', 3: '1.0', 4: 0.1589155427424403} 
{0: '0.0', 1: '1.0', 2: '0.0', 3: '1.0', 4: 0.04720034691745017} 
{0: '0.0', 1: '1.0', 2: '0.0', 3: '1.0', 4: 1.5950299548847886} 
{0: '0.0', 1: '1.0', 2: '0.0', 3: '1.0', 4: 0.4166262493560111} 
{0: '0.0', 1: '1.0', 2: '0.0', 3: '1.0', 4: 0.9230340333610894} 
{0: '0.0', 1: '1.0', 2: '0.0', 3: '1.0', 4: 0.8036533694828986} 
{0: '0.0', 1: '1.0', 2: '0.0', 3: '1.0', 4: 0.35053922236610763} 
{0: '0.0', 1: '1.0', 2: '0.0', 3: '1.0', 4: 0.793333362591209} 
{0: '0.0', 1: '1.0', 2: '0.0', 3: '1.0', 4: 0.037343356659742935} 
{0: '0.0', 1: '1.0', 2: '0.0', 3: '1.0', 4: 0.15423505382305114} 
{0: '0.0', 1: '1.0', 2: '0.0', 3: '1.0', 4: 2.306439715543216} 
{0: '0.0', 1: '1.0', 2: '0.0', 3: '1.0', 4: 0.2009768324435226} 
{0: '0.0', 1: '1.0', 2: '0.0', 3: '1.0', 4: 0.8136640994904877} 
{0: '0.0', 1: '1.0', 2: '0.0', 3: '1.0', 4: 1.7937349205237911} 
{0: '0.0', 1: '1.0', 2: '0.0', 3: '1.0', 4: 0.5141125959958806} 
{0: '0.0', 1: '1.0', 2: '0.0', 3: '1.0', 4: 0.5809969683389726} 
{0: '0.0', 1: '1.0', 2: '0.0', 3: '1.0', 4: 0.2113431624287287} 
{0: '0.0', 1: '1.0', 2: '0.0', 3: '1.0', 4: 0.04696004437240265} 
{0: '0.0', 1: '1.0', 2: '0.0', 3: '1.0', 4: 0.06356455396383244} 
{0: '0.0', 1: '1.0', 2: '0.0', 3: '1.0', 4: 0.041143821430267624} 
{0: '0.0', 1: '1.0', 2: '0.0', 3: '1.0', 4: 0.13190448886971115} 
{0: '0.0', 1: '1.0', 2: '0.0', 3: '1.0', 4: 0.5813184621796507} 
{0: '0.0', 1: '1.0', 2: '0.0', 3: '1.0', 4: 0.1740655825375788} 
{0: '0.0', 1: '1.0', 2: '0.0', 3: '1.0', 4: 0.21921610332755315} 
{0: '0.0', 1: '1.0', 2: '0.0', 3: '1.0', 4: 0.7339530258727809} 
{0: '0.0', 1: '1.0', 2: '0.0', 3: '1.0', 4: 0.16575004468501084} 
{0: '0.0', 1: '1.0', 2: '0.0', 3: '1.0', 4: 0.8061697589109343} 
{0: '0.0', 1: '1.0', 2: '0.0', 3: '1.0', 4: 0.4460235379966576} 
{0: '0.0', 1: '1.0', 2: '0.0', 3: '1.0', 4: 0.8166005140780515} 
{0: '0.0', 1: '1.0', 2: '0.0', 3: '1.0', 4: 0.08517789855337747} 
{0: '0.0', 1: '1.0', 2: '0.0', 3: '1.0', 4: 0.5136736062100681} 
{0: '0.0', 1: '1.0', 2: '0.0', 3: '1.0', 4: 0.04525748294444009} 
{0: '0.0', 1: '1.0', 2: '0.0', 3: '1.0', 4: 0.0014728828361102967} 
{0: '0.0', 1: '1.0', 2: '0.0', 3: '1.0', 4: 0.027734583531677553} 
{0: '0.0', 1: '1.0', 2: '0.0', 3: '1.0', 4: 0.12346172348457983} 
{0: '0.0', 1: '1.0', 2: '0.0', 3: '1.0', 4: 0.11013865952177418} 
{0: '0.0', 1: '1.0', 2: '0.0', 3: '1.0', 4: 0.18808440430351417} 
{0: '0.0', 1: '1.0', 2: '0.0', 3: '1.0', 4: 0.24414363542926595} 
{0: '0.0', 1: '1.0', 2: '0.0', 3: '1.0', 4: 0.5465632100931594} 
{0: '0.0', 1: '1.0', 2: '0.0', 3: '1.0', 4: 0.7686587765099363} 
{0: '0.0', 1: '1.0', 2: '0.0', 3: '1.0', 4: 0.010415242781640743} 
{0: '0.0', 1: '1.0', 2: '0.0', 3: '1.0', 4: 0.26313498201064456} 
{0: '0.0', 1: '1.0', 2: '0.0', 3: '1.0', 4: 0.04077625021242482} 
{0: '0.0', 1: '1.0', 2: '0.0', 3: '1.0', 4: 0.11759924648508388} 
{0: '0.0', 1: '1.0', 2: '0.0', 3: '1.0', 4: 0.05084074346568312} 
{0: '0.0', 1: '1.0', 2: '0.0', 3: '1.0', 4: 0.23376833909212633} 
{0: '0.0', 1: '1.0', 2: '0.0', 3: '1.0', 4: 0.015591387360084108} 
{0: '0.0', 1: '1.0', 2: '0.0', 3: '1.0', 4: 0.7375119607331048} 
{0: '0.0', 1: '1.0', 2: '0.0', 3: '1.0', 4: 0.28144513791279874} 
{0: '0.0', 1: '1.0', 2: '0.0', 3: '1.0', 4: 0.0014114517465306678} 
{0: '0.0', 1: '1.0', 2: '0.0', 3: '1.0', 4: 0.1356073745173968} 
{0: '0.0', 1: '1.0', 2: '0.0', 3: '1.0', 4: 0.00949909119200478} 
{0: '0.0', 1: '1.0', 2: '0.0', 3: '1.0', 4: 1.3471024438330106} 
{0: '0.0', 1: '1.0', 2: '0.0', 3: '1.0', 4: 0.01416289114254617} 
{0: '0.0', 1: '1.0', 2: '0.0', 3: '1.0', 4: 0.73512543761026} 
{0: '0.0', 1: '1.0', 2: '0.0', 3: '1.0', 4: 0.008202935279749845} 
{0: '0.0', 1: '1.0', 2: '0.0', 3: '1.0', 4: 0.135441429021732} 
{0: '0.0', 1: '1.0', 2: '0.0', 3: '1.0', 4: 0.006773790722141072} 
{0: '0.0', 1: '1.0', 2: '0.0', 3: '1.0', 4: 0.008751777951676446} 
{0: '0.0', 1: '1.0', 2: '0.0', 3: '1.0', 4: 0.01108955978287255} 
{0: '0.0', 1: '1.0', 2: '0.0', 3: '1.0', 4: 0.4755248116038319} 
{0: '0.0', 1: '1.0', 2: '0.0', 3: '1.0', 4: 0.5454287733517534} 
{0: '0.0', 1: '1.0', 2: '0.0', 3: '1.0', 4: 0.04948944701372281} 
{0: '0.0', 1: '1.0', 2: '0.0', 3: '1.0', 4: 0.05132158787546421} 
{0: '0.0', 1: '1.0', 2: '0.0', 3: '1.0', 4: 0.0010682293958873272} 
{0: '0.0', 1: '1.0', 2: '0.0', 3: '1.0', 4: 0.0001253331157336846} 
{0: '0.0', 1: '1.0', 2: '0.0', 3: '1.0', 4: 0.030401733209755203} 
{0: '0.0', 1: '1.0', 2: '0.0', 3: '1.0', 4: 0.16164404792907267} 
{0: '0.0', 1: '1.0', 2: '0.0', 3: '1.0', 4: 0.014401388694929436} 
{0: '0.0', 1: '1.0', 2: '0.0', 3: '1.0', 4: 0.5420823813298224} 
{0: '0.0', 1: '1.0', 2: '0.0', 3: '1.0', 4: 0.00972838162015299} 
{0: '0.0', 1: '1.0', 2: '0.0', 3: '1.0', 4: 0.1463005134170259} 
{0: '0.0', 1: '1.0', 2: '0.0', 3: '1.0', 4: 0.15376603761517788} 
{0: '0.0', 1: '1.0', 2: '0.0', 3: '1.0', 4: 0.07101973160867076} 
{0: '0.0', 1: '1.0', 2: '0.0', 3: '1.0', 4: 0.41499975501055275} 
{0: '0.0', 1: '1.0', 2: '0.0', 3: '1.0', 4: 3.936604715742259e-06} 
{0: '0.0', 1: '1.0', 2: '0.0', 3: '1.0', 4: 0.5931705696966411} 
{0: '0.0', 1: '1.0', 2: '0.0', 3: '1.0', 4: 0.22630047586914104} 
{0: '0.0', 1: '1.0', 2: '0.0', 3: '1.0', 4: 0.05431569642868776} 
{0: '0.0', 1: '1.0', 2: '0.0', 3: '1.0', 4: 0.6048606566951724} 
{0: '0.0', 1: '1.0', 2: '0.0', 3: '1.0', 4: 0.14159874295656286} 
{0: '0.0', 1: '1.0', 2: '0.0', 3: '1.0', 4: 0.28044620817748905} 
{0: '0.0', 1: '1.0', 2: '0.0', 3: '1.0', 4: 0.06692574360848395} 
{0: '0.0', 1: '1.0', 2: '0.0', 3: '1.0', 4: 0.8217412033731475} 
{0: '0.0', 1: '1.0', 2: '0.0', 3: '1.0', 4: 0.00012609006437024406} 
{0: '0.0', 1: '1.0', 2: '0.0', 3: '1.0', 4: 0.4469524290984527} 
{0: '0.0', 1: '1.0', 2: '0.0', 3: '1.0', 4: 0.27977554137442856} 
{0: '0.0', 1: '1.0', 2: '0.0', 3: '1.0', 4: 0.35214278954296874} 
{0: '0.0', 1: '1.0', 2: '0.0', 3: '1.0', 4: 0.11104967751762368} 
{0: '0.0', 1: '1.0', 2: '0.0', 3: '1.0', 4: 0.33064313723308736} 
{0: '0.0', 1: '1.0', 2: '0.0', 3: '1.0', 4: 0.33958298611599813} 
{0: '0.0', 1: '1.0', 2: '0.0', 3: '1.0', 4: 0.5635608090761691} 
{0: '0.0', 1: '1.0', 2: '0.0', 3: '1.0', 4: 0.7820271130132095} 
{0: '0.0', 1: '1.0', 2: '0.0', 3: '1.0', 4: 0.08687358990351485} 
{0: '0.0', 1: '1.0', 2: '0.0', 3: '1.0', 4: 0.45660745350247123} 
{0: '0.0', 1: '1.0', 2: '0.0', 3: '1.0', 4: 0.6463721574419461} 
{0: '0.0', 1: '1.0', 2: '0.0', 3: '1.0', 4: 0.01681736246866869} 
{0: '0.0', 1: '1.0', 2: '0.0', 3: '1.0', 4: 1.0331455460264467} 
{0: '0.0', 1: '1.0', 2: '0.0', 3: '1.0', 4: 0.46572462450158975} 
{0: '0.0', 1: '1.0', 2: '0.0', 3: '1.0', 4: 0.1795889408083944} 
{0: '0.0', 1: '1.0', 2: '0.0', 3: '1.0', 4: 0.5439910757938571} 
{0: '0.0', 1: '1.0', 2: '0.0', 3: '1.0', 4: 4.271987261348991} 
{0: '0.0', 1: '1.0', 2: '0.0', 3: '1.0', 4: 0.031520752241165226} 
{0: '0.0', 1: '1.0', 2: '0.0', 3: '1.0', 4: 0.4169369712149764} 
{0: '0.0', 1: '1.0', 2: '0.0', 3: '1.0', 4: 0.4012626891716276} 
{0: '0.0', 1: '1.0', 2: '0.0', 3: '1.0', 4: 0.014302532818217483} 
{0: '0.0', 1: '1.0', 2: '0.0', 3: '1.0', 4: 0.007769647057806403} 
{0: '0.0', 1: '1.0', 2: '0.0', 3: '1.0', 4: 0.00010618429480849002} 
{0: '0.0', 1: '1.0', 2: '0.0', 3: '1.0', 4: 0.9307718256605108} 
{0: '0.0', 1: '1.0', 2: '0.0', 3: '1.0', 4: 0.07944581134577118} 
{0: '0.0', 1: '1.0', 2: '0.0', 3: '1.0', 4: 0.08044328419319574} 
{0: '0.0', 1: '1.0', 2: '0.0', 3: '1.0', 4: 0.07537644243278724} 
{0: '0.0', 1: '1.0', 2: '0.0', 3: '1.0', 4: 0.15526239261590194} 
{0: '0.0', 1: '1.0', 2: '0.0', 3: '1.0', 4: 0.030011263947413828} 
{0: '0.0', 1: '1.0', 2: '0.0', 3: '1.0', 4: 0.6468864771081511} 
{0: '0.0', 1: '1.0', 2: '0.0', 3: '1.0', 4: 0.13496367088107386} 
{0: '0.0', 1: '1.0', 2: '0.0', 3: '1.0', 4: 0.42972590970559243} 
{0: '0.0', 1: '1.0', 2: '0.0', 3: '1.0', 4: 0.0015054803247574093} 
{0: '0.0', 1: '1.0', 2: '0.0', 3: '1.0', 4: 0.020969343753020665} 
{0: '0.0', 1: '1.0', 2: '0.0', 3: '1.0', 4: 0.012633932745944147} 
{0: '0.0', 1: '1.0', 2: '0.0', 3: '1.0', 4: 0.19138174415977588} 
{0: '0.0', 1: '1.0', 2: '0.0', 3: '1.0', 4: 1.795013028068762} 
{0: '0.0', 1: '1.0', 2: '0.0', 3: '1.0', 4: 1.2877882272968875} 
{0: '0.0', 1: '1.0', 2: '0.0', 3: '1.0', 4: 0.04247946725654328} 
{0: '0.0', 1: '1.0', 2: '0.0', 3: '1.0', 4: 0.002719367407715958} 
{0: '0.0', 1: '1.0', 2: '0.0', 3: '1.0', 4: 1.062703014114577} 
{0: '0.0', 1: '1.0', 2: '0.0', 3: '1.0', 4: 0.45202440728655835} 
{0: '0.0', 1: '1.0', 2: '0.0', 3: '1.0', 4: 0.39045164279447747} 
{0: '0.0', 1: '1.0', 2: '0.0', 3: '1.0', 4: 0.0007656109293816194} 
{0: '0.0', 1: '1.0', 2: '0.0', 3: '1.0', 4: 0.692062347894185} 
{0: '0.0', 1: '1.0', 2: '0.0', 3: '1.0', 4: 0.012663205404461468} 
{0: '0.0', 1: '1.0', 2: '0.0', 3: '1.0', 4: 0.21408404086338964} 
{0: '0.0', 1: '1.0', 2: '0.0', 3: '1.0', 4: 0.018079651337430485} 
{0: '0.0', 1: '1.0', 2: '0.0', 3: '1.0', 4: 0.16053842111092506} 
{0: '0.0', 1: '1.0', 2: '0.0', 3: '1.0', 4: 0.2958309884867698} 
{0: '0.0', 1: '1.0', 2: '0.0', 3: '1.0', 4: 0.27618583203586733} 
{0: '0.0', 1: '1.0', 2: '0.0', 3: '1.0', 4: 0.0007248379058910014} 
{0: '0.0', 1: '1.0', 2: '0.0', 3: '1.0', 4: 0.24814535575055277} 
{0: '0.0', 1: '1.0', 2: '0.0', 3: '1.0', 4: 0.313429181665208} 
{0: '0.0', 1: '1.0', 2: '0.0', 3: '1.0', 4: 0.45512434990571926} 
{0: '0.0', 1: '1.0', 2: '0.0', 3: '1.0', 4: 3.892371966677608} 
{0: '0.0', 1: '1.0', 2: '0.0', 3: '1.0', 4: 0.7977813017663614} 
{0: '0.0', 1: '1.0', 2: '0.0', 3: '1.0', 4: 0.06962183312906241} 
{0: '0.0', 1: '1.0', 2: '0.0', 3: '1.0', 4: 0.6811261125922383} 
{0: '0.0', 1: '1.0', 2: '0.0', 3: '1.0', 4: 0.06245285151422103} 
{0: '0.0', 1: '1.0', 2: '0.0', 3: '1.0', 4: 0.07221034682500678} 
{0: '0.0', 1: '1.0', 2: '0.0', 3: '1.0', 4: 0.06094272170595546} 
{0: '0.0', 1: '1.0', 2: '0.0', 3: '1.0', 4: 0.016222055003496768} 
{0: '0.0', 1: '1.0', 2: '0.0', 3: '1.0', 4: 1.5714822717587853} 
{0: '0.0', 1: '1.0', 2: '0.0', 3: '1.0', 4: 0.028189583209510795} 
{0: '0.0', 1: '1.0', 2: '0.0', 3: '1.0', 4: 0.8484984882871068} 
{0: '0.0', 1: '1.0', 2: '0.0', 3: '1.0', 4: 1.0182012267433758} 
{0: '0.0', 1: '1.0', 2: '0.0', 3: '1.0', 4: 0.5239399355271359} 
{0: '0.0', 1: '1.0', 2: '0.0', 3: '1.0', 4: 0.8503862813990738} 
{0: '0.0', 1: '1.0', 2: '0.0', 3: '1.0', 4: 1.093495328834141} 
{0: '0.0', 1: '1.0', 2: '0.0', 3: '1.0', 4: 0.000253900256198982} 
{0: '0.0', 1: '1.0', 2: '0.0', 3: '1.0', 4: 0.5865600259645929} 
{0: '0.0', 1: '1.0', 2: '0.0', 3: '1.0', 4: 0.18161886066283048} 
{0: '0.0', 1: '1.0', 2: '0.0', 3: '1.0', 4: 9.040186149415506e-06} 
{0: '0.0', 1: '1.0', 2: '0.0', 3: '1.0', 4: 0.0576064694595605} 
{0: '0.0', 1: '1.0', 2: '0.0', 3: '1.0', 4: 0.3442796612519146} 
{0: '0.0', 1: '1.0', 2: '0.0', 3: '1.0', 4: 0.30004927802451986} 
{0: '0.0', 1: '1.0', 2: '0.0', 3: '1.0', 4: 0.596742329239505} 
{0: '0.0', 1: '1.0', 2: '0.0', 3: '1.0', 4: 0.0037665106905726544} 
{0: '0.0', 1: '1.0', 2: '0.0', 3: '1.0', 4: 1.965087831721295} 
{0: '0.0', 1: '1.0', 2: '0.0', 3: '1.0', 4: 0.024498121763057896} 
{0: '0.0', 1: '1.0', 2: '0.0', 3: '1.0', 4: 0.12513686845576324} 
{0: '0.0', 1: '1.0', 2: '0.0', 3: '1.0', 4: 0.06587677181529124} 
{0: '0.0', 1: '1.0', 2: '0.0', 3: '1.0', 4: 1.4228222956954422} 
{0: '0.0', 1: '1.0', 2: '0.0', 3: '1.0', 4: 0.4051857913720212} 
{0: '0.0', 1: '1.0', 2: '0.0', 3: '1.0', 4: 0.0256826053732545} 
{0: '0.0', 1: '1.0', 2: '0.0', 3: '1.0', 4: 0.036911034608797355} 
{0: '0.0', 1: '1.0', 2: '0.0', 3: '1.0', 4: 0.18620287650256773} 
{0: '0.0', 1: '1.0', 2: '0.0', 3: '1.0', 4: 0.3781987498967389} 
{0: '0.0', 1: '1.0', 2: '0.0', 3: '1.0', 4: 0.00047652438900792763} 
{0: '0.0', 1: '1.0', 2: '0.0', 3: '1.0', 4: 2.461524769643784} 
{0: '0.0', 1: '1.0', 2: '0.0', 3: '1.0', 4: 0.005642135108962379} 
{0: '0.0', 1: '1.0', 2: '0.0', 3: '1.0', 4: 0.35949360333650804} 
{0: '0.0', 1: '1.0', 2: '0.0', 3: '1.0', 4: 0.7734369329986784} 
{0: '0.0', 1: '1.0', 2: '0.0', 3: '1.0', 4: 1.1147638973614207} 
{0: '0.0', 1: '1.0', 2: '0.0', 3: '1.0', 4: 0.7015421473098506} 
{0: '0.0', 1: '1.0', 2: '0.0', 3: '1.0', 4: 0.02215509129902764} 
{0: '0.0', 1: '1.0', 2: '0.0', 3: '1.0', 4: 0.07500688352298808} 
{0: '0.0', 1: '1.0', 2: '0.0', 3: '1.0', 4: 0.000138824574413842} 
{0: '0.0', 1: '1.0', 2: '0.0', 3: '1.0', 4: 0.3805158698762841} 
{0: '0.0', 1: '1.0', 2: '0.0', 3: '1.0', 4: 0.00022093819939692365} 
{0: '0.0', 1: '1.0', 2: '0.0', 3: '1.0', 4: 0.18134978782160743} 
{0: '0.0', 1: '1.0', 2: '0.0', 3: '1.0', 4: 2.170666581393546} 
{0: '0.0', 1: '1.0', 2: '0.0', 3: '1.0', 4: 0.08950716856887711} 
{0: '0.0', 1: '1.0', 2: '0.0', 3: '1.0', 4: 0.6749068927544433} 
{0: '0.0', 1: '1.0', 2: '0.0', 3: '1.0', 4: 0.07664304423740541} 
{0: '0.0', 1: '1.0', 2: '0.0', 3: '1.0', 4: 0.28361276665009283} 
{0: '0.0', 1: '1.0', 2: '0.0', 3: '1.0', 4: 4.1989251337047793e-05} 
{0: '0.0', 1: '1.0', 2: '0.0', 3: '1.0', 4: 0.02128681100979675} 
{0: '0.0', 1: '1.0', 2: '0.0', 3: '1.0', 4: 0.016664078048364922} 
{0: '0.0', 1: '1.0', 2: '0.0', 3: '1.0', 4: 0.9936068002337708} 
{0: '0.0', 1: '1.0', 2: '0.0', 3: '1.0', 4: 0.7243833945144644} 
{0: '0.0', 1: '1.0', 2: '0.0', 3: '1.0', 4: 0.025060796218175346} 
{0: '0.0', 1: '1.0', 2: '0.0', 3: '1.0', 4: 0.002747266875276984} 
{0: '0.0', 1: '1.0', 2: '0.0', 3: '1.0', 4: 0.35063130473054865} 
{0: '0.0', 1: '1.0', 2: '0.0', 3: '1.0', 4: 0.4051442756093481} 
{0: '0.0', 1: '1.0', 2: '0.0', 3: '1.0', 4: 0.03486666903628002} 
{0: '0.0', 1: '1.0', 2: '0.0', 3: '1.0', 4: 0.5141722961361334} 
{0: '0.0', 1: '1.0', 2: '0.0', 3: '1.0', 4: 0.04415570563007125} 
{0: '0.0', 1: '1.0', 2: '0.0', 3: '1.0', 4: 0.04324696657886066} 
{0: '0.0', 1: '1.0', 2: '0.0', 3: '1.0', 4: 0.4267667576662459} 
{0: '0.0', 1: '1.0', 2: '0.0', 3: '1.0', 4: 0.08458394850198134} 
{0: '0.0', 1: '1.0', 2: '0.0', 3: '1.0', 4: 0.00019385397210726224} 
{0: '0.0', 1: '1.0', 2: '0.0', 3: '1.0', 4: 0.6694003990022119} 
{0: '0.0', 1: '1.0', 2: '0.0', 3: '1.0', 4: 0.7587384936889525} 
{0: '0.0', 1: '1.0', 2: '0.0', 3: '1.0', 4: 0.10019117343555999} 
{0: '0.0', 1: '1.0', 2: '0.0', 3: '1.0', 4: 0.3251823275259662} 
{0: '0.0', 1: '1.0', 2: '0.0', 3: '1.0', 4: 0.00020975496622303077} 
{0: '0.0', 1: '1.0', 2: '0.0', 3: '1.0', 4: 0.037089449322453116} 
{0: '0.0', 1: '1.0', 2: '0.0', 3: '1.0', 4: 0.1541027494409231} 
{0: '0.0', 1: '1.0', 2: '0.0', 3: '1.0', 4: 0.04734164605428934} 
{0: '0.0', 1: '1.0', 2: '0.0', 3: '1.0', 4: 0.21135078042298927} 
{0: '0.0', 1: '1.0', 2: '0.0', 3: '1.0', 4: 0.04884766364247774} 
{0: '0.0', 1: '1.0', 2: '0.0', 3: '1.0', 4: 0.34223924650005977} 
{0: '0.0', 1: '1.0', 2: '0.0', 3: '1.0', 4: 0.2790700547295628} 
{0: '0.0', 1: '1.0', 2: '0.0', 3: '1.0', 4: 0.15890555484131846} 
{0: '0.0', 1: '1.0', 2: '0.0', 3: '1.0', 4: 0.6927659960359195} 
{0: '0.0', 1: '1.0', 2: '0.0', 3: '1.0', 4: 0.013973808522913122} 
{0: '0.0', 1: '1.0', 2: '0.0', 3: '1.0', 4: 0.36830485052022693} 
{0: '0.0', 1: '1.0', 2: '0.0', 3: '1.0', 4: 0.00023617721012750224} 
{0: '0.0', 1: '1.0', 2: '0.0', 3: '1.0', 4: 1.6568764237417766} 
{0: '0.0', 1: '1.0', 2: '0.0', 3: '1.0', 4: 0.00018947465275953005} 
{0: '0.0', 1: '1.0', 2: '0.0', 3: '1.0', 4: 0.029535669314102068} 
{0: '0.0', 1: '1.0', 2: '0.0', 3: '1.0', 4: 0.34262674203026705} 
{0: '0.0', 1: '1.0', 2: '0.0', 3: '1.0', 4: 1.8012016940197406} 
{0: '0.0', 1: '1.0', 2: '0.0', 3: '1.0', 4: 0.07825971848592997} 
{0: '0.0', 1: '1.0', 2: '0.0', 3: '1.0', 4: 0.6555981457669675} 
{0: '0.0', 1: '1.0', 2: '0.0', 3: '1.0', 4: 0.20490513684785194} 
{0: '0.0', 1: '1.0', 2: '0.0', 3: '1.0', 4: 2.142693734283886e-05} 
{0: '0.0', 1: '1.0', 2: '0.0', 3: '1.0', 4: 0.39078580561031084} 
{0: '0.0', 1: '1.0', 2: '0.0', 3: '1.0', 4: 0.23653023421060312} 
{0: '0.0', 1: '1.0', 2: '0.0', 3: '1.0', 4: 0.08586267112992088} 
{0: '0.0', 1: '1.0', 2: '0.0', 3: '1.0', 4: 0.07179614068464373} 
{0: '0.0', 1: '1.0', 2: '0.0', 3: '1.0', 4: 0.13306864011969205} 
{0: '0.0', 1: '1.0', 2: '0.0', 3: '1.0', 4: 1.0082389624991897} 
{0: '0.0', 1: '1.0', 2: '0.0', 3: '1.0', 4: 0.21440647905910024} 
{0: '0.0', 1: '1.0', 2: '0.0', 3: '1.0', 4: 0.8219218302502503} 
{0: '0.0', 1: '1.0', 2: '0.0', 3: '1.0', 4: 0.12368670442737102} 
{0: '0.0', 1: '1.0', 2: '0.0', 3: '1.0', 4: 0.6258784297882776} 
{0: '0.0', 1: '1.0', 2: '0.0', 3: '1.0', 4: 0.0479992271366995} 
{0: '0.0', 1: '1.0', 2: '0.0', 3: '1.0', 4: 0.05115617488041052} 
{0: '0.0', 1: '1.0', 2: '0.0', 3: '1.0', 4: 0.015776861215887502} 
{0: '0.0', 1: '1.0', 2: '0.0', 3: '1.0', 4: 0.0029688890982619946} 
{0: '0.0', 1: '1.0', 2: '0.0', 3: '1.0', 4: 0.17601908605550795} 
{0: '0.0', 1: '1.0', 2: '0.0', 3: '1.0', 4: 1.9713146577614356} 
{0: '0.0', 1: '1.0', 2: '0.0', 3: '1.0', 4: 0.9263619334506841} 
{0: '0.0', 1: '1.0', 2: '0.0', 3: '1.0', 4: 0.0056664308031119815} 
{0: '0.0', 1: '1.0', 2: '0.0', 3: '1.0', 4: 0.20317052766733223} 
{0: '0.0', 1: '1.0', 2: '0.0', 3: '1.0', 4: 0.7422693060136514} 
{0: '0.0', 1: '1.0', 2: '0.0', 3: '1.0', 4: 0.6846872719229127} 
{0: '0.0', 1: '1.0', 2: '0.0', 3: '1.0', 4: 0.0662134278312347} 
{0: '0.0', 1: '1.0', 2: '0.0', 3: '1.0', 4: 1.3631159771198975} 
{0: '0.0', 1: '1.0', 2: '0.0', 3: '1.0', 4: 0.00014621768960081517} 
{0: '0.0', 1: '1.0', 2: '0.0', 3: '1.0', 4: 0.004445215458346183} 
{0: '0.0', 1: '1.0', 2: '0.0', 3: '1.0', 4: 2.2517358695438277} 
{0: '0.0', 1: '1.0', 2: '0.0', 3: '1.0', 4: 0.002649029935752258} 
{0: '0.0', 1: '1.0', 2: '0.0', 3: '1.0', 4: 1.3267310412244515} 
{0: '0.0', 1: '1.0', 2: '0.0', 3: '1.0', 4: 0.1738957480229373} 
{0: '0.0', 1: '1.0', 2: '0.0', 3: '1.0', 4: 0.9406622040980346} 
{0: '0.0', 1: '1.0', 2: '0.0', 3: '1.0', 4: 1.1986716913547935} 
{0: '0.0', 1: '1.0', 2: '0.0', 3: '1.0', 4: 0.03018337949701513} 
{0: '0.0', 1: '1.0', 2: '0.0', 3: '1.0', 4: 0.023684905891915062} 
{0: '0.0', 1: '1.0', 2: '0.0', 3: '1.0', 4: 0.23790662638279914} 
{0: '0.0', 1: '1.0', 2: '0.0', 3: '1.0', 4: 0.05403413912370264} 
{0: '0.0', 1: '1.0', 2: '0.0', 3: '1.0', 4: 1.134868410245695} 
{0: '0.0', 1: '1.0', 2: '0.0', 3: '1.0', 4: 1.2740677799076001} 
{0: '0.0', 1: '1.0', 2: '0.0', 3: '1.0', 4: 0.07931652687273619} 
{0: '0.0', 1: '1.0', 2: '0.0', 3: '1.0', 4: 0.7981926010284441} 
{0: '0.0', 1: '1.0', 2: '0.0', 3: '1.0', 4: 0.4289085922549631} 
{0: '0.0', 1: '1.0', 2: '0.0', 3: '1.0', 4: 0.13379282572028398} 
{0: '0.0', 1: '1.0', 2: '0.0', 3: '1.0', 4: 0.8532117023026561} 
{0: '0.0', 1: '1.0', 2: '0.0', 3: '1.0', 4: 3.150453933326048} 
{0: '0.0', 1: '1.0', 2: '0.0', 3: '1.0', 4: 0.014047212308130236} 
{0: '0.0', 1: '1.0', 2: '0.0', 3: '1.0', 4: 0.606648981909458} 
{0: '0.0', 1: '1.0', 2: '0.0', 3: '1.0', 4: 0.002104341521287587} 
{0: '0.0', 1: '1.0', 2: '0.0', 3: '1.0', 4: 0.9304021477548942} 
{0: '0.0', 1: '1.0', 2: '0.0', 3: '1.0', 4: 0.6105152427124859} 
{0: '0.0', 1: '1.0', 2: '0.0', 3: '1.0', 4: 0.9824330526547997} 
{0: '0.0', 1: '1.0', 2: '0.0', 3: '1.0', 4: 0.05844612988383235} 
{0: '0.0', 1: '1.0', 2: '0.0', 3: '1.0', 4: 0.011840592661010185} 
{0: '0.0', 1: '1.0', 2: '0.0', 3: '1.0', 4: 0.03465043575126005} 
{0: '0.0', 1: '1.0', 2: '0.0', 3: '1.0', 4: 0.17301010913101986} 
{0: '0.0', 1: '1.0', 2: '0.0', 3: '1.0', 4: 0.14188837993884837} 
{0: '0.0', 1: '1.0', 2: '0.0', 3: '1.0', 4: 0.10024527020756771} 
{0: '0.0', 1: '1.0', 2: '0.0', 3: '1.0', 4: 1.0520728427861152e-05} 
{0: '0.0', 1: '1.0', 2: '0.0', 3: '1.0', 4: 0.007062812132514522} 
{0: '0.0', 1: '1.0', 2: '0.0', 3: '1.0', 4: 0.033859941594943405} 
{0: '0.0', 1: '1.0', 2: '0.0', 3: '1.0', 4: 0.06930852328546352} 
{0: '0.0', 1: '1.0', 2: '0.0', 3: '1.0', 4: 0.24196860539019194} 
{0: '0.0', 1: '1.0', 2: '0.0', 3: '1.0', 4: 2.1348098813580876} 
{0: '0.0', 1: '1.0', 2: '0.0', 3: '1.0', 4: 0.497388753543658} 
{0: '0.0', 1: '1.0', 2: '0.0', 3: '1.0', 4: 0.013284320357763783} 
{0: '0.0', 1: '1.0', 2: '0.0', 3: '1.0', 4: 0.0893529766934564} 
{0: '0.0', 1: '1.0', 2: '0.0', 3: '1.0', 4: 0.03529323124400767} 
{0: '0.0', 1: '1.0', 2: '0.0', 3: '1.0', 4: 0.5167353641513395} 
{0: '0.0', 1: '1.0', 2: '0.0', 3: '1.0', 4: 0.09489822957746714} 
{0: '0.0', 1: '1.0', 2: '0.0', 3: '1.0', 4: 0.09927915792690284} 
{0: '0.0', 1: '1.0', 2: '0.0', 3: '1.0', 4: 0.9938351272974655} 
{0: '0.0', 1: '1.0', 2: '0.0', 3: '1.0', 4: 1.0653273790244124} 
{0: '0.0', 1: '1.0', 2: '0.0', 3: '1.0', 4: 0.19485128987502318} 
{0: '0.0', 1: '1.0', 2: '0.0', 3: '1.0', 4: 1.0026610375914096} 
{0: '0.0', 1: '1.0', 2: '0.0', 3: '1.0', 4: 0.21684123849809508} 
{0: '0.0', 1: '1.0', 2: '0.0', 3: '1.0', 4: 0.06453668056607384} 
{0: '0.0', 1: '1.0', 2: '0.0', 3: '1.0', 4: 0.16547742196310847} 
{0: '0.0', 1: '1.0', 2: '0.0', 3: '1.0', 4: 0.02593558433769268} 
{0: '0.0', 1: '1.0', 2: '0.0', 3: '1.0', 4: 0.43376511715635774} 
{0: '0.0', 1: '1.0', 2: '0.0', 3: '1.0', 4: 2.1278410213134364} 
{0: '0.0', 1: '1.0', 2: '0.0', 3: '1.0', 4: 1.6333311277180151} 
{0: '0.0', 1: '1.0', 2: '0.0', 3: '1.0', 4: 0.017054771042069202} 
{0: '0.0', 1: '1.0', 2: '0.0', 3: '1.0', 4: 0.5078685936623181} 
{0: '0.0', 1: '1.0', 2: '0.0', 3: '1.0', 4: 0.16684143438513516} 
{0: '0.0', 1: '1.0', 2: '0.0', 3: '1.0', 4: 0.0002196221207828694} 
{0: '0.0', 1: '1.0', 2: '0.0', 3: '1.0', 4: 0.015539078987957653} 
{0: '0.0', 1: '1.0', 2: '0.0', 3: '1.0', 4: 0.3877826247497078} 
{0: '0.0', 1: '1.0', 2: '0.0', 3: '1.0', 4: 0.9749152935990005} 
{0: '0.0', 1: '1.0', 2: '0.0', 3: '1.0', 4: 0.06726749501207586} 
{0: '0.0', 1: '1.0', 2: '0.0', 3: '1.0', 4: 0.0013189989217838104} 
{0: '0.0', 1: '1.0', 2: '0.0', 3: '1.0', 4: 1.2507893122884979} 
{0: '0.0', 1: '1.0', 2: '0.0', 3: '1.0', 4: 0.3412345101843147} 
{0: '0.0', 1: '1.0', 2: '0.0', 3: '1.0', 4: 0.0014071156267399818} 
{0: '0.0', 1: '1.0', 2: '0.0', 3: '1.0', 4: 0.2912986944867655} 
{0: '0.0', 1: '1.0', 2: '0.0', 3: '1.0', 4: 0.39028016303659263} 
{0: '0.0', 1: '1.0', 2: '0.0', 3: '1.0', 4: 0.8720325211201589} 
{0: '0.0', 1: '1.0', 2: '0.0', 3: '1.0', 4: 0.3195500077633042} 
{0: '0.0', 1: '1.0', 2: '0.0', 3: '1.0', 4: 0.09694260124969212} 
{0: '0.0', 1: '1.0', 2: '0.0', 3: '1.0', 4: 0.08688824025950304} 
{0: '0.0', 1: '1.0', 2: '0.0', 3: '1.0', 4: 1.4164414888051997} 
{0: '0.0', 1: '1.0', 2: '0.0', 3: '1.0', 4: 2.6608818654876956} 
{0: '0.0', 1: '1.0', 2: '0.0', 3: '1.0', 4: 1.4467883460668265} 
{0: '0.0', 1: '1.0', 2: '0.0', 3: '1.0', 4: 0.022506312824613565} 
{0: '0.0', 1: '1.0', 2: '0.0', 3: '1.0', 4: 0.6867116121597779} 
{0: '0.0', 1: '1.0', 2: '0.0', 3: '1.0', 4: 0.5837344863669076} 
{0: '0.0', 1: '1.0', 2: '0.0', 3: '1.0', 4: 1.051760235450472} 
{0: '0.0', 1: '1.0', 2: '0.0', 3: '1.0', 4: 1.046116879164734} 
{0: '0.0', 1: '1.0', 2: '0.0', 3: '1.0', 4: 0.12819157430500847} 
{0: '0.0', 1: '1.0', 2: '0.0', 3: '1.0', 4: 6.000389849264007} 
{0: '0.0', 1: '1.0', 2: '0.0', 3: '1.0', 4: 0.3229878558120215} 
{0: '0.0', 1: '1.0', 2: '0.0', 3: '1.0', 4: 0.14555286952793922} 
{0: '0.0', 1: '1.0', 2: '0.0', 3: '1.0', 4: 0.18470772679119446} 
{0: '0.0', 1: '1.0', 2: '0.0', 3: '1.0', 4: 0.057987777103789315} 
{0: '0.0', 1: '1.0', 2: '0.0', 3: '1.0', 4: 2.336120248520715} 
{0: '0.0', 1: '1.0', 2: '0.0', 3: '1.0', 4: 0.07015615413072726} 
{0: '0.0', 1: '1.0', 2: '0.0', 3: '1.0', 4: 0.17757423557265162} 
{0: '0.0', 1: '1.0', 2: '0.0', 3: '1.0', 4: 1.0574682969467055} 
{0: '0.0', 1: '1.0', 2: '0.0', 3: '1.0', 4: 0.05191117234492056} 
{0: '0.0', 1: '1.0', 2: '0.0', 3: '1.0', 4: 0.5919431666559476} 
{0: '0.0', 1: '1.0', 2: '0.0', 3: '1.0', 4: 1.7548053888992312} 
{0: '0.0', 1: '1.0', 2: '0.0', 3: '1.0', 4: 0.0034742519849036606} 
{0: '0.0', 1: '1.0', 2: '0.0', 3: '1.0', 4: 0.9306874624037325} 
{0: '0.0', 1: '1.0', 2: '0.0', 3: '1.0', 4: 0.053792911869520114} 
{0: '0.0', 1: '1.0', 2: '0.0', 3: '1.0', 4: 0.2412547919406936} 
{0: '0.0', 1: '1.0', 2: '0.0', 3: '1.0', 4: 3.397886246993234} 
{0: '0.0', 1: '1.0', 2: '0.0', 3: '1.0', 4: 1.4194976457176447} 
{0: '0.0', 1: '1.0', 2: '0.0', 3: '1.0', 4: 0.2961690428311058} 
{0: '0.0', 1: '1.0', 2: '0.0', 3: '1.0', 4: 0.03974956365749429} 
{0: '0.0', 1: '1.0', 2: '0.0', 3: '1.0', 4: 0.1066536201524171} 
{0: '0.0', 1: '1.0', 2: '0.0', 3: '1.0', 4: 0.5704344761947672} 
{0: '0.0', 1: '1.0', 2: '0.0', 3: '1.0', 4: 0.24495386342242711} 
{0: '0.0', 1: '1.0', 2: '0.0', 3: '1.0', 4: 0.018165250359337977} 
{0: '0.0', 1: '1.0', 2: '0.0', 3: '1.0', 4: 0.16630122903902186} 
{0: '0.0', 1: '1.0', 2: '0.0', 3: '1.0', 4: 0.5466235466419554} 
{0: '0.0', 1: '1.0', 2: '0.0', 3: '1.0', 4: 0.005507444423742047} 
{0: '0.0', 1: '1.0', 2: '0.0', 3: '1.0', 4: 0.03156583566868857} 
{0: '0.0', 1: '1.0', 2: '0.0', 3: '1.0', 4: 0.008432424944761537} 
{0: '0.0', 1: '1.0', 2: '0.0', 3: '1.0', 4: 0.6264016598477866} 
{0: '0.0', 1: '1.0', 2: '0.0', 3: '1.0', 4: 0.5812903041597492} 
{0: '0.0', 1: '1.0', 2: '0.0', 3: '1.0', 4: 1.161649160134045} 
{0: '0.0', 1: '1.0', 2: '0.0', 3: '1.0', 4: 1.0922586775248442} 
{0: '0.0', 1: '1.0', 2: '0.0', 3: '1.0', 4: 1.1147641820617222} 
{0: '0.0', 1: '1.0', 2: '0.0', 3: '1.0', 4: 0.0031606075774256947} 
{0: '0.0', 1: '1.0', 2: '0.0', 3: '1.0', 4: 0.603588075913596} 
{0: '0.0', 1: '1.0', 2: '0.0', 3: '1.0', 4: 0.11287989194498839} 
{0: '0.0', 1: '1.0', 2: '0.0', 3: '1.0', 4: 0.12190498912111856} 
{0: '0.0', 1: '1.0', 2: '0.0', 3: '1.0', 4: 0.0006076863486067961} 
{0: '0.0', 1: '1.0', 2: '0.0', 3: '1.0', 4: 0.18328331523772906} 
{0: '0.0', 1: '1.0', 2: '0.0', 3: '1.0', 4: 0.10984231566397117} 
{0: '0.0', 1: '1.0', 2: '0.0', 3: '1.0', 4: 1.3550649466417313} 
{0: '0.0', 1: '1.0', 2: '0.0', 3: '1.0', 4: 0.44189985303902657} 
{0: '0.0', 1: '1.0', 2: '0.0', 3: '1.0', 4: 0.026331130698219327} 
{0: '0.0', 1: '1.0', 2: '0.0', 3: '1.0', 4: 0.29421491831198215} 
{0: '0.0', 1: '1.0', 2: '0.0', 3: '1.0', 4: 0.054603359622157635} 
{0: '0.0', 1: '1.0', 2: '0.0', 3: '1.0', 4: 0.1255251978493074} 
{0: '0.0', 1: '1.0', 2: '0.0', 3: '1.0', 4: 0.033588906059200556} 
{0: '0.0', 1: '1.0', 2: '0.0', 3: '1.0', 4: 0.08892190600796519} 
{0: '0.0', 1: '1.0', 2: '0.0', 3: '1.0', 4: 0.0071237116187894915} 
{0: '0.0', 1: '1.0', 2: '0.0', 3: '1.0', 4: 0.6622163955898919} 
{0: '0.0', 1: '1.0', 2: '0.0', 3: '1.0', 4: 0.7055570613623435} 
{0: '0.0', 1: '1.0', 2: '0.0', 3: '1.0', 4: 0.06800078566167161} 
{0: '0.0', 1: '1.0', 2: '0.0', 3: '1.0', 4: 0.0007658082994776354} 
{0: '0.0', 1: '1.0', 2: '0.0', 3: '1.0', 4: 1.2369060337017883} 
{0: '0.0', 1: '1.0', 2: '0.0', 3: '1.0', 4: 0.2639396958225362} 
{0: '0.0', 1: '1.0', 2: '0.0', 3: '1.0', 4: 0.19618686784692227} 
{0: '0.0', 1: '1.0', 2: '0.0', 3: '1.0', 4: 0.5679604981325812} 
{0: '0.0', 1: '1.0', 2: '0.0', 3: '1.0', 4: 0.018535199377133188} 
{0: '0.0', 1: '1.0', 2: '0.0', 3: '1.0', 4: 0.05348876225366193} 
{0: '0.0', 1: '1.0', 2: '0.0', 3: '1.0', 4: 0.4839542634257271} 
{0: '0.0', 1: '1.0', 2: '0.0', 3: '1.0', 4: 1.161618999338862} 
{0: '0.0', 1: '1.0', 2: '0.0', 3: '1.0', 4: 0.0926908551433265} 
{0: '0.0', 1: '1.0', 2: '0.0', 3: '1.0', 4: 0.9459597105661272} 
{0: '0.0', 1: '1.0', 2: '0.0', 3: '1.0', 4: 0.9028606443867381} 
{0: '0.0', 1: '1.0', 2: '0.0', 3: '1.0', 4: 0.3062743274383813} 
{0: '0.0', 1: '1.0', 2: '0.0', 3: '1.0', 4: 0.05815137099178423} 
{0: '0.0', 1: '1.0', 2: '0.0', 3: '1.0', 4: 0.49341475966821324} 
{0: '0.0', 1: '1.0', 2: '0.0', 3: '1.0', 4: 0.17711960250776934} 
{0: '0.0', 1: '1.0', 2: '0.0', 3: '1.0', 4: 0.20857811972568593} 
{0: '0.0', 1: '1.0', 2: '0.0', 3: '1.0', 4: 0.0515872529169056} 
{0: '0.0', 1: '1.0', 2: '0.0', 3: '1.0', 4: 0.0046864559749285} 
{0: '0.0', 1: '1.0', 2: '0.0', 3: '1.0', 4: 0.19963600281574218} 
{0: '0.0', 1: '1.0', 2: '0.0', 3: '1.0', 4: 1.6498211817752089} 
{0: '0.0', 1: '1.0', 2: '0.0', 3: '1.0', 4: 0.08960495822545456} 
{0: '0.0', 1: '1.0', 2: '0.0', 3: '1.0', 4: 0.11777598650065274} 
{0: '0.0', 1: '1.0', 2: '0.0', 3: '1.0', 4: 0.8690966692806535} 
{0: '0.0', 1: '1.0', 2: '0.0', 3: '1.0', 4: 2.9275733906189636} 
{0: '0.0', 1: '1.0', 2: '0.0', 3: '1.0', 4: 0.2225186658827183} 
{0: '0.0', 1: '1.0', 2: '0.0', 3: '1.0', 4: 0.056774082674096615} 
{0: '0.0', 1: '1.0', 2: '0.0', 3: '1.0', 4: 0.2225144566495691} 
{0: '0.0', 1: '1.0', 2: '0.0', 3: '1.0', 4: 0.9775569350761368} 
{0: '0.0', 1: '1.0', 2: '0.0', 3: '1.0', 4: 0.29043572378900345} 
{0: '0.0', 1: '1.0', 2: '0.0', 3: '1.0', 4: 0.7332730064539381} 
{0: '0.0', 1: '1.0', 2: '0.0', 3: '1.0', 4: 1.2664678733915171} 
{0: '0.0', 1: '1.0', 2: '0.0', 3: '1.0', 4: 0.18001466903592045} 
{0: '0.0', 1: '1.0', 2: '0.0', 3: '1.0', 4: 0.04133916731458644} 
{0: '0.0', 1: '1.0', 2: '0.0', 3: '1.0', 4: 1.2279693941406296} 
{0: '0.0', 1: '1.0', 2: '0.0', 3: '1.0', 4: 0.35023538872081883} 
{0: '0.0', 1: '1.0', 2: '0.0', 3: '1.0', 4: 0.03270660947617686} 
{0: '0.0', 1: '1.0', 2: '0.0', 3: '1.0', 4: 0.26256894254351043} 
{0: '0.0', 1: '1.0', 2: '0.0', 3: '1.0', 4: 0.044868009022462026} 
{0: '0.0', 1: '1.0', 2: '0.0', 3: '1.0', 4: 0.4205108684839215} 
{0: '0.0', 1: '1.0', 2: '0.0', 3: '1.0', 4: 2.8195493129904947} 
{0: '0.0', 1: '1.0', 2: '0.0', 3: '1.0', 4: 0.29246478594103714} 
{0: '0.0', 1: '1.0', 2: '0.0', 3: '1.0', 4: 0.3485156226296637} 
{0: '0.0', 1: '1.0', 2: '0.0', 3: '1.0', 4: 0.3399416405376289} 
{0: '0.0', 1: '1.0', 2: '0.0', 3: '1.0', 4: 0.9463698194950564} 
{0: '0.0', 1: '1.0', 2: '0.0', 3: '1.0', 4: 0.11237087371120395} 
{0: '0.0', 1: '1.0', 2: '0.0', 3: '1.0', 4: 0.9734549559864341} 
{0: '0.0', 1: '1.0', 2: '0.0', 3: '1.0', 4: 0.0035617578602930113} 
{0: '0.0', 1: '1.0', 2: '0.0', 3: '1.0', 4: 0.01768603013258527} 
{0: '0.0', 1: '1.0', 2: '0.0', 3: '1.0', 4: 0.0022323638379211797} 
{0: '0.0', 1: '1.0', 2: '0.0', 3: '1.0', 4: 0.0005860897187737044} 
{0: '0.0', 1: '1.0', 2: '0.0', 3: '1.0', 4: 1.4163767790247375} 
{0: '0.0', 1: '1.0', 2: '0.0', 3: '1.0', 4: 0.1860180991862379} 
{0: '0.0', 1: '1.0', 2: '0.0', 3: '1.0', 4: 1.6168995647007218} 
{0: '0.0', 1: '1.0', 2: '0.0', 3: '1.0', 4: 0.053868723794155804} 
{0: '0.0', 1: '1.0', 2: '0.0', 3: '1.0', 4: 0.11731596319772018} 
{0: '0.0', 1: '1.0', 2: '0.0', 3: '1.0', 4: 0.7234451826067352} 
{0: '0.0', 1: '1.0', 2: '0.0', 3: '1.0', 4: 2.5455580506233453} 
{0: '0.0', 1: '1.0', 2: '0.0', 3: '1.0', 4: 0.33470030637178083} 
{0: '0.0', 1: '1.0', 2: '0.0', 3: '1.0', 4: 1.578200682698337} 
{0: '0.0', 1: '1.0', 2: '0.0', 3: '1.0', 4: 1.2340817869243388} 
{0: '0.0', 1: '1.0', 2: '0.0', 3: '1.0', 4: 0.015323513717735006} 
{0: '0.0', 1: '1.0', 2: '0.0', 3: '1.0', 4: 0.22680445811599845} 
{0: '0.0', 1: '1.0', 2: '0.0', 3: '1.0', 4: 1.5082941739550217} 
{0: '0.0', 1: '1.0', 2: '0.0', 3: '1.0', 4: 0.5528548376479293} 
{0: '0.0', 1: '1.0', 2: '0.0', 3: '1.0', 4: 0.01275954037388027} 
{0: '0.0', 1: '1.0', 2: '0.0', 3: '1.0', 4: 0.45582982599229566} 
{0: '0.0', 1: '1.0', 2: '0.0', 3: '1.0', 4: 0.8012429507537381} 
{0: '0.0', 1: '1.0', 2: '0.0', 3: '1.0', 4: 0.4458035200446945} 
{0: '0.0', 1: '1.0', 2: '0.0', 3: '1.0', 4: 0.24300794836011003} 
{0: '0.0', 1: '1.0', 2: '0.0', 3: '1.0', 4: 0.88988304427632} 
{0: '0.0', 1: '1.0', 2: '0.0', 3: '1.0', 4: 1.4398965562218393} 
{0: '0.0', 1: '1.0', 2: '0.0', 3: '1.0', 4: 0.02762396388500629} 
{0: '0.0', 1: '1.0', 2: '0.0', 3: '1.0', 4: 1.0140559610365045} 
{0: '0.0', 1: '1.0', 2: '0.0', 3: '1.0', 4: 3.108887425530124} 
{0: '0.0', 1: '1.0', 2: '0.0', 3: '1.0', 4: 0.37822772244453085} 
{0: '0.0', 1: '1.0', 2: '0.0', 3: '1.0', 4: 0.2033405067955222} 
{0: '0.0', 1: '1.0', 2: '0.0', 3: '1.0', 4: 0.05056156650061677} 
{0: '0.0', 1: '1.0', 2: '0.0', 3: '1.0', 4: 0.4865046396925077} 
{0: '0.0', 1: '1.0', 2: '0.0', 3: '1.0', 4: 0.1387098608829028} 
{0: '0.0', 1: '1.0', 2: '0.0', 3: '1.0', 4: 2.0163720782496277} 
{0: '0.0', 1: '1.0', 2: '0.0', 3: '1.0', 4: 0.48601445661911} 
{0: '0.0', 1: '1.0', 2: '0.0', 3: '1.0', 4: 0.3421662085261499} 
{0: '0.0', 1: '1.0', 2: '0.0', 3: '1.0', 4: 0.5856330259917043} 
{0: '0.0', 1: '1.0', 2: '0.0', 3: '1.0', 4: 0.01666156437914551} 
{0: '0.0', 1: '1.0', 2: '0.0', 3: '1.0', 4: 0.4048826184412948} 
{0: '0.0', 1: '1.0', 2: '0.0', 3: '1.0', 4: 0.0008623272763776319} 
{0: '0.0', 1: '1.0', 2: '0.0', 3: '1.0', 4: 2.5644248350089174} 
{0: '0.0', 1: '1.0', 2: '0.0', 3: '1.0', 4: 0.08168311676482594} 
{0: '0.0', 1: '1.0', 2: '0.0', 3: '1.0', 4: 0.7629060268335285} 
{0: '0.0', 1: '1.0', 2: '0.0', 3: '1.0', 4: 0.6225334051929454} 
{0: '0.0', 1: '1.0', 2: '0.0', 3: '1.0', 4: 1.1654856415216621} 
{0: '0.0', 1: '1.0', 2: '0.0', 3: '1.0', 4: 0.00347858884172216} 
{0: '0.0', 1: '1.0', 2: '0.0', 3: '1.0', 4: 3.7263154098863898} 
{0: '0.0', 1: '1.0', 2: '0.0', 3: '1.0', 4: 0.28987640794046743} 
{0: '0.0', 1: '1.0', 2: '0.0', 3: '1.0', 4: 0.006719551184950969} 
{0: '0.0', 1: '1.0', 2: '0.0', 3: '1.0', 4: 3.0010167758908426} 
{0: '0.0', 1: '1.0', 2: '0.0', 3: '1.0', 4: 0.012267035120533391} 
{0: '0.0', 1: '1.0', 2: '0.0', 3: '1.0', 4: 0.6039543496210847} 
{0: '0.0', 1: '1.0', 2: '0.0', 3: '1.0', 4: 1.0258135586821093} 
{0: '0.0', 1: '1.0', 2: '0.0', 3: '1.0', 4: 0.17769250911427611} 
{0: '0.0', 1: '1.0', 2: '0.0', 3: '1.0', 4: 0.004896885129908003} 
{0: '0.0', 1: '1.0', 2: '0.0', 3: '1.0', 4: 0.031532618528554476} 
{0: '0.0', 1: '1.0', 2: '0.0', 3: '1.0', 4: 1.5667872506685825} 
{0: '0.0', 1: '1.0', 2: '0.0', 3: '1.0', 4: 0.06859394240657447} 
{0: '0.0', 1: '1.0', 2: '0.0', 3: '1.0', 4: 0.22213436299931733} 
{0: '0.0', 1: '1.0', 2: '0.0', 3: '1.0', 4: 0.522134154879637} 
{0: '0.0', 1: '1.0', 2: '0.0', 3: '1.0', 4: 0.07257563553343031} 
{0: '0.0', 1: '1.0', 2: '0.0', 3: '1.0', 4: 0.006509757394412011} 
{0: '0.0', 1: '1.0', 2: '0.0', 3: '1.0', 4: 4.6667535081592515} 
{0: '0.0', 1: '1.0', 2: '0.0', 3: '1.0', 4: 0.794014400870128} 
{0: '0.0', 1: '1.0', 2: '0.0', 3: '1.0', 4: 0.010468780762607429} 
{0: '0.0', 1: '1.0', 2: '0.0', 3: '1.0', 4: 0.005628099224490155} 
{0: '0.0', 1: '1.0', 2: '0.0', 3: '1.0', 4: 1.5656673026931889} 
{0: '0.0', 1: '1.0', 2: '0.0', 3: '1.0', 4: 0.1429130262778148} 
{0: '0.0', 1: '1.0', 2: '0.0', 3: '1.0', 4: 0.007134851002904855} 
{0: '0.0', 1: '1.0', 2: '0.0', 3: '1.0', 4: 0.1447012098573134} 
{0: '0.0', 1: '1.0', 2: '0.0', 3: '1.0', 4: 0.8028775990051568} 
{0: '0.0', 1: '1.0', 2: '0.0', 3: '1.0', 4: 0.8356384166564825} 
{0: '0.0', 1: '1.0', 2: '0.0', 3: '1.0', 4: 0.011886785071445796} 
{0: '0.0', 1: '1.0', 2: '0.0', 3: '1.0', 4: 1.60550728556137} 
{0: '0.0', 1: '1.0', 2: '0.0', 3: '1.0', 4: 1.219901346652301} 
{0: '0.0', 1: '1.0', 2: '0.0', 3: '1.0', 4: 0.0023993803402836337} 
{0: '0.0', 1: '1.0', 2: '0.0', 3: '1.0', 4: 0.11282521415700869} 
{0: '0.0', 1: '1.0', 2: '0.0', 3: '1.0', 4: 0.44159429034049286} 
{0: '0.0', 1: '1.0', 2: '0.0', 3: '1.0', 4: 1.3481039930953955} 
{0: '0.0', 1: '1.0', 2: '0.0', 3: '1.0', 4: 0.4202427991497666} 
{0: '0.0', 1: '1.0', 2: '0.0', 3: '1.0', 4: 0.5757218453806302} 
{0: '0.0', 1: '1.0', 2: '0.0', 3: '1.0', 4: 0.11866303155772814} 
{0: '0.0', 1: '1.0', 2: '0.0', 3: '1.0', 4: 0.08798101888909453} 
{0: '0.0', 1: '1.0', 2: '0.0', 3: '1.0', 4: 0.9307795242339924} 
{0: '0.0', 1: '1.0', 2: '0.0', 3: '1.0', 4: 1.5835452057495747} 
{0: '0.0', 1: '1.0', 2: '0.0', 3: '1.0', 4: 0.10315853169234841} 
{0: '0.0', 1: '1.0', 2: '0.0', 3: '1.0', 4: 0.7850468825686309} 
{0: '0.0', 1: '1.0', 2: '0.0', 3: '1.0', 4: 4.059898635561654} 
{0: '0.0', 1: '1.0', 2: '0.0', 3: '1.0', 4: 1.1899319188917412} 
{0: '0.0', 1: '1.0', 2: '0.0', 3: '1.0', 4: 0.3146569686100367} 
{0: '0.0', 1: '1.0', 2: '0.0', 3: '1.0', 4: 1.8444007719646853} 
{0: '0.0', 1: '1.0', 2: '0.0', 3: '1.0', 4: 0.039241206374097906} 
{0: '0.0', 1: '1.0', 2: '0.0', 3: '1.0', 4: 0.9974504860868335} 
{0: '0.0', 1: '1.0', 2: '0.0', 3: '1.0', 4: 0.013618617337000115} 
{0: '0.0', 1: '1.0', 2: '0.0', 3: '1.0', 4: 0.7035249016483907} 
{0: '0.0', 1: '1.0', 2: '0.0', 3: '1.0', 4: 0.5479805169894261} 
{0: '0.0', 1: '1.0', 2: '0.0', 3: '1.0', 4: 0.27754578349777503} 
{0: '0.0', 1: '1.0', 2: '0.0', 3: '1.0', 4: 0.32548879508538753} 
{0: '0.0', 1: '1.0', 2: '0.0', 3: '1.0', 4: 0.3071155825418533} 
{0: '0.0', 1: '1.0', 2: '0.0', 3: '1.0', 4: 0.6027008688994954} 
{0: '0.0', 1: '1.0', 2: '0.0', 3: '1.0', 4: 0.46097726798282657} 
{0: '0.0', 1: '1.0', 2: '0.0', 3: '1.0', 4: 0.10114093385112494} 
{0: '0.0', 1: '1.0', 2: '0.0', 3: '1.0', 4: 0.23658742256530296} 
{0: '0.0', 1: '1.0', 2: '0.0', 3: '1.0', 4: 0.022256847522312245} 
{0: '0.0', 1: '1.0', 2: '0.0', 3: '1.0', 4: 0.3133982871590638} 
{0: '0.0', 1: '1.0', 2: '0.0', 3: '1.0', 4: 0.09095130209330023} 
{0: '0.0', 1: '1.0', 2: '0.0', 3: '1.0', 4: 1.1403163501881914} 
{0: '0.0', 1: '1.0', 2: '0.0', 3: '1.0', 4: 0.008991730775378156} 
{0: '0.0', 1: '1.0', 2: '0.0', 3: '1.0', 4: 0.056728339731498906} 
{0: '0.0', 1: '1.0', 2: '0.0', 3: '1.0', 4: 0.004090120115112875} 
{0: '0.0', 1: '1.0', 2: '0.0', 3: '1.0', 4: 0.010217651569820626} 
{0: '0.0', 1: '1.0', 2: '0.0', 3: '1.0', 4: 0.41307009592749677} 
{0: '0.0', 1: '1.0', 2: '0.0', 3: '1.0', 4: 1.5667705863893593} 
{0: '0.0', 1: '1.0', 2: '0.0', 3: '1.0', 4: 0.15942895648973407} 
{0: '0.0', 1: '1.0', 2: '0.0', 3: '1.0', 4: 0.5106719155312498} 
{0: '0.0', 1: '1.0', 2: '0.0', 3: '1.0', 4: 0.002060480480173892} 
{0: '0.0', 1: '1.0', 2: '0.0', 3: '1.0', 4: 0.6290988027642612} 
{0: '0.0', 1: '1.0', 2: '0.0', 3: '1.0', 4: 0.326522859988539} 
{0: '0.0', 1: '1.0', 2: '0.0', 3: '1.0', 4: 0.34768761140554033} 
{0: '0.0', 1: '1.0', 2: '0.0', 3: '1.0', 4: 0.004231877838329736} 
{0: '0.0', 1: '1.0', 2: '0.0', 3: '1.0', 4: 1.9899776933044508} 
{0: '0.0', 1: '1.0', 2: '0.0', 3: '1.0', 4: 0.042951740330414725} 
{0: '0.0', 1: '1.0', 2: '0.0', 3: '1.0', 4: 0.33826404597884285} 
{0: '0.0', 1: '1.0', 2: '0.0', 3: '1.0', 4: 0.09734878362407894} 
{0: '0.0', 1: '1.0', 2: '0.0', 3: '1.0', 4: 0.7744412556637742} 
{0: '0.0', 1: '1.0', 2: '0.0', 3: '1.0', 4: 0.11657739167424837} 
{0: '0.0', 1: '1.0', 2: '0.0', 3: '1.0', 4: 0.1535464759702162} 
{0: '0.0', 1: '1.0', 2: '0.0', 3: '1.0', 4: 0.022608826444622348} 
{0: '0.0', 1: '1.0', 2: '0.0', 3: '1.0', 4: 0.9133376668041157} 
{0: '0.0', 1: '1.0', 2: '0.0', 3: '1.0', 4: 0.0007121792451821564} 
{0: '0.0', 1: '1.0', 2: '0.0', 3: '1.0', 4: 0.5781238047426133} 
{0: '0.0', 1: '1.0', 2: '0.0', 3: '1.0', 4: 0.005059214186859004} 
{0: '0.0', 1: '1.0', 2: '0.0', 3: '1.0', 4: 0.9951995039507521} 
{0: '0.0', 1: '1.0', 2: '0.0', 3: '1.0', 4: 0.022805474245295134} 
{0: '0.0', 1: '1.0', 2: '0.0', 3: '1.0', 4: 0.1830540479122877} 
{0: '0.0', 1: '1.0', 2: '0.0', 3: '1.0', 4: 0.580996042167032} 
{0: '0.0', 1: '1.0', 2: '0.0', 3: '1.0', 4: 0.6340052703541131} 
{0: '0.0', 1: '1.0', 2: '0.0', 3: '1.0', 4: 0.19975434697402583} 
{0: '0.0', 1: '1.0', 2: '0.0', 3: '1.0', 4: 4.235383643567411e-06} 
{0: '0.0', 1: '1.0', 2: '0.0', 3: '1.0', 4: 0.1723417495364869} 
{0: '0.0', 1: '1.0', 2: '0.0', 3: '1.0', 4: 0.5864982281507132} 
{0: '0.0', 1: '1.0', 2: '0.0', 3: '1.0', 4: 0.5961274178519528} 
{0: '0.0', 1: '1.0', 2: '0.0', 3: '1.0', 4: 2.862668455183727} 
{0: '0.0', 1: '1.0', 2: '0.0', 3: '1.0', 4: 0.16094677003038196} 
{0: '0.0', 1: '1.0', 2: '0.0', 3: '1.0', 4: 0.4925104567677086} 
{0: '0.0', 1: '1.0', 2: '0.0', 3: '1.0', 4: 0.35872443270383153} 
{0: '0.0', 1: '1.0', 2: '0.0', 3: '1.0', 4: 3.8500493745625626} 
{0: '0.0', 1: '1.0', 2: '0.0', 3: '1.0', 4: 2.5555443885798357} 
{0: '0.0', 1: '1.0', 2: '0.0', 3: '1.0', 4: 0.7337936192990042} 
{0: '0.0', 1: '1.0', 2: '0.0', 3: '1.0', 4: 0.00020616272076035054} 
{0: '0.0', 1: '1.0', 2: '0.0', 3: '1.0', 4: 0.15571007652564525} 
{0: '0.0', 1: '1.0', 2: '0.0', 3: '1.0', 4: 0.34898895837491} 
{0: '0.0', 1: '1.0', 2: '0.0', 3: '1.0', 4: 0.26329127673707536} 
{0: '0.0', 1: '1.0', 2: '0.0', 3: '1.0', 4: 0.8755119823550631} 
{0: '0.0', 1: '1.0', 2: '0.0', 3: '1.0', 4: 0.1342625167397946} 
{0: '0.0', 1: '1.0', 2: '0.0', 3: '1.0', 4: 0.011862989964292858} 
{0: '0.0', 1: '1.0', 2: '0.0', 3: '1.0', 4: 0.7526346071300309} 
{0: '0.0', 1: '1.0', 2: '0.0', 3: '1.0', 4: 0.0008384536060005262} 
{0: '0.0', 1: '1.0', 2: '0.0', 3: '1.0', 4: 0.12296794956805436} 
{0: '0.0', 1: '1.0', 2: '0.0', 3: '1.0', 4: 0.6760696025431587} 
{0: '0.0', 1: '1.0', 2: '0.0', 3: '1.0', 4: 0.07564012906896425} 
{0: '0.0', 1: '1.0', 2: '0.0', 3: '1.0', 4: 3.0703525990553303e-06} 
{0: '0.0', 1: '1.0', 2: '0.0', 3: '1.0', 4: 0.07312520527028675} 
{0: '0.0', 1: '1.0', 2: '0.0', 3: '1.0', 4: 0.1502907745575773} 
{0: '0.0', 1: '1.0', 2: '0.0', 3: '1.0', 4: 0.08800833306245014} 
{0: '0.0', 1: '1.0', 2: '0.0', 3: '1.0', 4: 0.6528672339410412} 
{0: '0.0', 1: '1.0', 2: '0.0', 3: '1.0', 4: 0.04705257582671986} 
{0: '0.0', 1: '1.0', 2: '0.0', 3: '1.0', 4: 0.18109318240035438} 
{0: '0.0', 1: '1.0', 2: '0.0', 3: '1.0', 4: 0.0561885456144134} 
{0: '0.0', 1: '1.0', 2: '0.0', 3: '1.0', 4: 0.06033818806123297} 
{0: '0.0', 1: '1.0', 2: '0.0', 3: '1.0', 4: 0.4902979599285869} 
{0: '0.0', 1: '1.0', 2: '0.0', 3: '1.0', 4: 0.10617709734630966} 
{0: '0.0', 1: '1.0', 2: '0.0', 3: '1.0', 4: 5.5547179180004855} 
{0: '0.0', 1: '1.0', 2: '0.0', 3: '1.0', 4: 0.011001043631169181} 
{0: '0.0', 1: '1.0', 2: '0.0', 3: '1.0', 4: 0.1614822197324082} 
{0: '0.0', 1: '1.0', 2: '0.0', 3: '1.0', 4: 0.20728735052678185} 
{0: '0.0', 1: '1.0', 2: '0.0', 3: '1.0', 4: 1.2147699762350606} 
{0: '0.0', 1: '1.0', 2: '0.0', 3: '1.0', 4: 0.0175716729416911} 
{0: '0.0', 1: '1.0', 2: '0.0', 3: '1.0', 4: 0.14084924140006005} 
{0: '0.0', 1: '1.0', 2: '0.0', 3: '1.0', 4: 0.11814482752942651} 
{0: '0.0', 1: '1.0', 2: '0.0', 3: '1.0', 4: 0.8939459672741772} 
{0: '0.0', 1: '1.0', 2: '0.0', 3: '1.0', 4: 0.1401338053620031} 
{0: '0.0', 1: '1.0', 2: '0.0', 3: '1.0', 4: 0.10683875756506894} 
{0: '0.0', 1: '1.0', 2: '0.0', 3: '1.0', 4: 0.13349725675427662} 
{0: '0.0', 1: '1.0', 2: '0.0', 3: '1.0', 4: 0.041760717876200844} 
{0: '0.0', 1: '1.0', 2: '0.0', 3: '1.0', 4: 0.6114057345493125} 
{0: '0.0', 1: '1.0', 2: '0.0', 3: '1.0', 4: 0.03345949219620073} 
{0: '0.0', 1: '1.0', 2: '0.0', 3: '1.0', 4: 1.3879455973933588} 
{0: '0.0', 1: '1.0', 2: '0.0', 3: '1.0', 4: 0.361311477175701} 
{0: '0.0', 1: '1.0', 2: '0.0', 3: '1.0', 4: 0.15888612821456144} 
{0: '0.0', 1: '1.0', 2: '0.0', 3: '1.0', 4: 0.06355456822085945} 
{0: '0.0', 1: '1.0', 2: '0.0', 3: '1.0', 4: 1.5755054941798927} 
{0: '0.0', 1: '1.0', 2: '0.0', 3: '1.0', 4: 1.5117503940831127} 
{0: '0.0', 1: '1.0', 2: '0.0', 3: '1.0', 4: 0.7543191954935694} 
{0: '0.0', 1: '1.0', 2: '0.0', 3: '1.0', 4: 0.025239316882839664} 
{0: '0.0', 1: '1.0', 2: '0.0', 3: '1.0', 4: 0.3292049341720196} 
{0: '0.0', 1: '1.0', 2: '0.0', 3: '1.0', 4: 0.10199689467659746} 
{0: '0.0', 1: '1.0', 2: '0.0', 3: '1.0', 4: 0.04450581233855157} 
{0: '0.0', 1: '1.0', 2: '0.0', 3: '1.0', 4: 0.09009960037216608} 
{0: '0.0', 1: '1.0', 2: '0.0', 3: '1.0', 4: 0.016783013223732192} 
{0: '0.0', 1: '1.0', 2: '0.0', 3: '1.0', 4: 1.0289540897864904} 
{0: '0.0', 1: '1.0', 2: '0.0', 3: '1.0', 4: 0.07514128140722497} 
{0: '0.0', 1: '1.0', 2: '0.0', 3: '1.0', 4: 0.30647700474700096} 
{0: '0.0', 1: '1.0', 2: '0.0', 3: '1.0', 4: 0.02184862815569591} 
{0: '0.0', 1: '1.0', 2: '0.0', 3: '1.0', 4: 0.7460629281044344} 
{0: '0.0', 1: '1.0', 2: '0.0', 3: '1.0', 4: 1.827398260436711} 
{0: '0.0', 1: '1.0', 2: '0.0', 3: '1.0', 4: 4.1087069391284725} 
{0: '0.0', 1: '1.0', 2: '0.0', 3: '1.0', 4: 1.3806631560773046} 
{0: '0.0', 1: '1.0', 2: '0.0', 3: '1.0', 4: 1.341720900059988} 
{0: '0.0', 1: '1.0', 2: '0.0', 3: '1.0', 4: 0.22662541345060053} 
{0: '0.0', 1: '1.0', 2: '0.0', 3: '1.0', 4: 1.1944126046668018} 
{0: '0.0', 1: '1.0', 2: '0.0', 3: '1.0', 4: 0.3617772296617328} 
{0: '0.0', 1: '1.0', 2: '0.0', 3: '1.0', 4: 0.46650226050438426} 
{0: '0.0', 1: '1.0', 2: '0.0', 3: '1.0', 4: 0.0005689858182486407} 
{0: '0.0', 1: '1.0', 2: '0.0', 3: '1.0', 4: 1.0175378658169087} 
{0: '0.0', 1: '1.0', 2: '0.0', 3: '1.0', 4: 0.5240748889576633} 
{0: '0.0', 1: '1.0', 2: '0.0', 3: '1.0', 4: 0.09452477957317804} 
{0: '0.0', 1: '1.0', 2: '0.0', 3: '1.0', 4: 0.863812066400082} 
{0: '0.0', 1: '1.0', 2: '0.0', 3: '1.0', 4: 2.2345000350351047} 
{0: '0.0', 1: '1.0', 2: '0.0', 3: '1.0', 4: 0.13119143359419008} 
{0: '0.0', 1: '1.0', 2: '0.0', 3: '1.0', 4: 0.2114101888108492} 
{0: '0.0', 1: '1.0', 2: '0.0', 3: '1.0', 4: 0.0013441009695072666} 
{0: '0.0', 1: '1.0', 2: '0.0', 3: '1.0', 4: 0.0003567165252385273} 
{0: '0.0', 1: '1.0', 2: '0.0', 3: '1.0', 4: 0.2458176649630919} 
{0: '0.0', 1: '1.0', 2: '0.0', 3: '1.0', 4: 0.8515059296383665} 
{0: '0.0', 1: '1.0', 2: '0.0', 3: '1.0', 4: 0.09204111710540694} 
{0: '0.0', 1: '1.0', 2: '0.0', 3: '1.0', 4: 0.5846779634105671} 
{0: '0.0', 1: '1.0', 2: '0.0', 3: '1.0', 4: 0.019949053712031296} 
{0: '0.0', 1: '1.0', 2: '0.0', 3: '1.0', 4: 0.06612408579264474} 
{0: '0.0', 1: '1.0', 2: '0.0', 3: '1.0', 4: 0.1031209987511337} 
{0: '0.0', 1: '1.0', 2: '0.0', 3: '1.0', 4: 0.0570148321495095} 
{0: '0.0', 1: '1.0', 2: '0.0', 3: '1.0', 4: 0.4023580924428136} 
{0: '0.0', 1: '1.0', 2: '0.0', 3: '1.0', 4: 0.06239515635460568} 
{0: '0.0', 1: '1.0', 2: '0.0', 3: '1.0', 4: 0.007095318815648029} 
{0: '0.0', 1: '1.0', 2: '0.0', 3: '1.0', 4: 0.6599592571357786} 
{0: '0.0', 1: '1.0', 2: '0.0', 3: '1.0', 4: 0.5601404368895571} 
{0: '0.0', 1: '1.0', 2: '0.0', 3: '1.0', 4: 0.00033398250997064414} 
{0: '0.0', 1: '1.0', 2: '0.0', 3: '1.0', 4: 0.1983797964408862} 
{0: '0.0', 1: '1.0', 2: '0.0', 3: '1.0', 4: 1.2975167629829414} 
{0: '0.0', 1: '1.0', 2: '0.0', 3: '1.0', 4: 1.6325930157258521} 
{0: '0.0', 1: '1.0', 2: '0.0', 3: '1.0', 4: 0.33521480870907283} 
{0: '0.0', 1: '1.0', 2: '0.0', 3: '1.0', 4: 0.00422665280884678} 
{0: '0.0', 1: '1.0', 2: '0.0', 3: '1.0', 4: 0.42532692566986224} 
{0: '0.0', 1: '1.0', 2: '0.0', 3: '1.0', 4: 0.042598518669701296} 
{0: '0.0', 1: '1.0', 2: '0.0', 3: '1.0', 4: 0.20038884049900774} 
{0: '0.0', 1: '1.0', 2: '0.0', 3: '1.0', 4: 0.5836562552789458} 
{0: '0.0', 1: '1.0', 2: '0.0', 3: '1.0', 4: 0.02910912131595254} 
{0: '0.0', 1: '1.0', 2: '0.0', 3: '1.0', 4: 0.6548753668837158} 
{0: '0.0', 1: '1.0', 2: '0.0', 3: '1.0', 4: 0.6465507645611558} 
{0: '0.0', 1: '1.0', 2: '0.0', 3: '1.0', 4: 0.013840582769174433} 
{0: '0.0', 1: '1.0', 2: '0.0', 3: '1.0', 4: 0.08362008432456312} 
{0: '0.0', 1: '1.0', 2: '0.0', 3: '1.0', 4: 1.4306101669182564e-05} 
{0: '0.0', 1: '1.0', 2: '0.0', 3: '1.0', 4: 0.49161842814270135} 
{0: '0.0', 1: '1.0', 2: '0.0', 3: '1.0', 4: 0.06750676499255832} 
{0: '0.0', 1: '1.0', 2: '0.0', 3: '1.0', 4: 0.03746129021133518} 
{0: '0.0', 1: '1.0', 2: '0.0', 3: '1.0', 4: 0.34783064189843116} 
{0: '0.0', 1: '1.0', 2: '0.0', 3: '1.0', 4: 0.026601789836379994} 
{0: '0.0', 1: '1.0', 2: '0.0', 3: '1.0', 4: 0.43726089969528303} 
{0: '0.0', 1: '1.0', 2: '0.0', 3: '1.0', 4: 2.4887142234825395} 
{0: '0.0', 1: '1.0', 2: '0.0', 3: '1.0', 4: 0.03352862646314763} 
{0: '0.0', 1: '1.0', 2: '0.0', 3: '1.0', 4: 2.25620914477462} 
{0: '0.0', 1: '1.0', 2: '0.0', 3: '1.0', 4: 0.1571558295379632} 
{0: '0.0', 1: '1.0', 2: '0.0', 3: '1.0', 4: 0.01662990122848703} 
{0: '0.0', 1: '1.0', 2: '0.0', 3: '1.0', 4: 0.007980624825918301} 
{0: '0.0', 1: '1.0', 2: '0.0', 3: '1.0', 4: 0.05588589377863933} 
{0: '0.0', 1: '1.0', 2: '0.0', 3: '1.0', 4: 1.019703215941416} 
{0: '0.0', 1: '1.0', 2: '0.0', 3: '1.0', 4: 0.0036941139800753297} 
{0: '0.0', 1: '1.0', 2: '0.0', 3: '1.0', 4: 0.08502654588008747} 
{0: '0.0', 1: '1.0', 2: '0.0', 3: '1.0', 4: 0.18157742043734248} 
{0: '0.0', 1: '1.0', 2: '0.0', 3: '1.0', 4: 0.21122255077770136} 
{0: '0.0', 1: '1.0', 2: '0.0', 3: '1.0', 4: 0.027950045850450297} 
{0: '0.0', 1: '1.0', 2: '0.0', 3: '1.0', 4: 0.0060843350077374085} 
{0: '0.0', 1: '1.0', 2: '0.0', 3: '1.0', 4: 0.14599484951629713} 
{0: '0.0', 1: '1.0', 2: '0.0', 3: '1.0', 4: 0.0540365333627904} 
{0: '0.0', 1: '1.0', 2: '0.0', 3: '1.0', 4: 0.017713681039036273} 
{0: '0.0', 1: '1.0', 2: '0.0', 3: '1.0', 4: 0.7397958422611592} 
{0: '0.0', 1: '1.0', 2: '0.0', 3: '1.0', 4: 0.35053537692521153} 
{0: '0.0', 1: '1.0', 2: '0.0', 3: '1.0', 4: 0.6421095540562274} 
{0: '0.0', 1: '1.0', 2: '0.0', 3: '1.0', 4: 1.1019721039997525} 
{0: '0.0', 1: '1.0', 2: '0.0', 3: '1.0', 4: 0.013322710367578535} 
{0: '0.0', 1: '1.0', 2: '0.0', 3: '1.0', 4: 5.03712553254986e-05} 
{0: '0.0', 1: '1.0', 2: '0.0', 3: '1.0', 4: 0.015667420949886914} 
{0: '0.0', 1: '1.0', 2: '0.0', 3: '1.0', 4: 1.8267659762696259e-06} 
{0: '0.0', 1: '1.0', 2: '0.0', 3: '1.0', 4: 8.816953399170958e-05} 
{0: '0.0', 1: '1.0', 2: '0.0', 3: '1.0', 4: 0.018869480797696535} 
{0: '0.0', 1: '1.0', 2: '0.0', 3: '1.0', 4: 1.6167990322047463} 
{0: '0.0', 1: '1.0', 2: '0.0', 3: '1.0', 4: 0.1696106467492553} 
{0: '0.0', 1: '1.0', 2: '0.0', 3: '1.0', 4: 0.1524465307571811} 
{0: '0.0', 1: '1.0', 2: '0.0', 3: '1.0', 4: 0.5064707140473131} 
{0: '0.0', 1: '1.0', 2: '0.0', 3: '1.0', 4: 0.008030849567188659} 
{0: '0.0', 1: '1.0', 2: '0.0', 3: '1.0', 4: 0.03215006354680376} 
{0: '0.0', 1: '1.0', 2: '0.0', 3: '1.0', 4: 0.010365232850449881} 
{0: '0.0', 1: '1.0', 2: '0.0', 3: '1.0', 4: 0.5455057662371136} 
{0: '0.0', 1: '1.0', 2: '0.0', 3: '1.0', 4: 0.35314654624504555} 
{0: '0.0', 1: '1.0', 2: '0.0', 3: '1.0', 4: 0.18867701111091187} 
{0: '0.0', 1: '1.0', 2: '0.0', 3: '1.0', 4: 0.07206226055319148} 
{0: '0.0', 1: '1.0', 2: '0.0', 3: '1.0', 4: 0.015117704562238843} 
{0: '0.0', 1: '1.0', 2: '0.0', 3: '1.0', 4: 0.18466357550708565} 
{0: '0.0', 1: '1.0', 2: '0.0', 3: '1.0', 4: 0.046096508109538664} 
{0: '0.0', 1: '1.0', 2: '0.0', 3: '1.0', 4: 0.1126608556346865} 
{0: '0.0', 1: '1.0', 2: '0.0', 3: '1.0', 4: 0.4484061834279458} 
{0: '0.0', 1: '1.0', 2: '0.0', 3: '1.0', 4: 0.18641882954593753} 
{0: '0.0', 1: '1.0', 2: '0.0', 3: '1.0', 4: 0.6104671713136147} 
{0: '0.0', 1: '1.0', 2: '0.0', 3: '1.0', 4: 0.4213463768530708} 
{0: '0.0', 1: '1.0', 2: '0.0', 3: '1.0', 4: 0.937165621798697} 
{0: '0.0', 1: '1.0', 2: '0.0', 3: '1.0', 4: 0.05426789885797238} 
{0: '0.0', 1: '1.0', 2: '0.0', 3: '1.0', 4: 0.004149493740901847} 
{0: '0.0', 1: '1.0', 2: '0.0', 3: '1.0', 4: 1.1844026032038997} 
{0: '0.0', 1: '1.0', 2: '0.0', 3: '1.0', 4: 0.20799951068536326} 
{0: '0.0', 1: '1.0', 2: '0.0', 3: '1.0', 4: 0.10686921327211865} 
{0: '0.0', 1: '1.0', 2: '0.0', 3: '1.0', 4: 1.8113939582318386} 
{0: '0.0', 1: '1.0', 2: '0.0', 3: '1.0', 4: 0.15848376550873736} 
{0: '0.0', 1: '1.0', 2: '0.0', 3: '1.0', 4: 0.5507508062460968} 
{0: '0.0', 1: '1.0', 2: '0.0', 3: '1.0', 4: 0.03388434234468182} 
{0: '0.0', 1: '1.0', 2: '0.0', 3: '1.0', 4: 0.010974844647807909} 
{0: '0.0', 1: '1.0', 2: '0.0', 3: '1.0', 4: 0.4341243650507945} 
{0: '0.0', 1: '1.0', 2: '0.0', 3: '1.0', 4: 0.052431118333100865} 
{0: '0.0', 1: '1.0', 2: '0.0', 3: '1.0', 4: 0.013417058216245269} 
{0: '0.0', 1: '1.0', 2: '0.0', 3: '1.0', 4: 0.2199212308588143} 
{0: '0.0', 1: '1.0', 2: '0.0', 3: '1.0', 4: 0.04260286313772303} 
{0: '0.0', 1: '1.0', 2: '0.0', 3: '1.0', 4: 0.006151394525429757} 
{0: '0.0', 1: '1.0', 2: '0.0', 3: '1.0', 4: 0.07134973167431621} 
{0: '0.0', 1: '1.0', 2: '0.0', 3: '1.0', 4: 0.505049845913239} 
{0: '0.0', 1: '1.0', 2: '0.0', 3: '1.0', 4: 0.08028897027904253} 
{0: '0.0', 1: '1.0', 2: '0.0', 3: '1.0', 4: 0.003999314164297222} 
{0: '0.0', 1: '1.0', 2: '0.0', 3: '1.0', 4: 0.26530701014441577} 
{0: '0.0', 1: '1.0', 2: '0.0', 3: '1.0', 4: 0.6699598983366924} 
{0: '0.0', 1: '1.0', 2: '0.0', 3: '1.0', 4: 0.7618728769784674} 
{0: '0.0', 1: '1.0', 2: '0.0', 3: '1.0', 4: 0.0067856421901444025} 
{0: '0.0', 1: '1.0', 2: '0.0', 3: '1.0', 4: 0.0021965570015575085} 
{0: '0.0', 1: '1.0', 2: '0.0', 3: '1.0', 4: 0.4364554874402208} 
{0: '0.0', 1: '1.0', 2: '0.0', 3: '1.0', 4: 0.15170853002774043} 
{0: '0.0', 1: '1.0', 2: '0.0', 3: '1.0', 4: 0.2473212922875879} 
{0: '0.0', 1: '1.0', 2: '0.0', 3: '1.0', 4: 0.3412366789993202} 
{0: '0.0', 1: '1.0', 2: '0.0', 3: '1.0', 4: 0.0031511724915474237} 
{0: '0.0', 1: '1.0', 2: '0.0', 3: '1.0', 4: 0.32191879872158885} 
{0: '0.0', 1: '1.0', 2: '0.0', 3: '1.0', 4: 0.35507649246181705} 
{0: '0.0', 1: '1.0', 2: '0.0', 3: '1.0', 4: 0.7064955895581837} 
{0: '0.0', 1: '1.0', 2: '0.0', 3: '1.0', 4: 0.17966442113769976} 
{0: '0.0', 1: '1.0', 2: '0.0', 3: '1.0', 4: 0.49606730830766765} 
{0: '0.0', 1: '1.0', 2: '0.0', 3: '1.0', 4: 0.0018279705850922823} 
{0: '0.0', 1: '1.0', 2: '0.0', 3: '1.0', 4: 0.1410670643603553} 
{0: '0.0', 1: '1.0', 2: '0.0', 3: '1.0', 4: 0.07697164061427919} 
{0: '0.0', 1: '1.0', 2: '0.0', 3: '1.0', 4: 0.12730301389243534} 
{0: '0.0', 1: '1.0', 2: '0.0', 3: '1.0', 4: 1.2617939832730134} 
{0: '0.0', 1: '1.0', 2: '0.0', 3: '1.0', 4: 0.1811322842956562} 
{0: '0.0', 1: '1.0', 2: '0.0', 3: '1.0', 4: 0.36868983396630806} 
{0: '0.0', 1: '1.0', 2: '0.0', 3: '1.0', 4: 0.09680881616955243} 
{0: '0.0', 1: '1.0', 2: '0.0', 3: '1.0', 4: 0.12057693886504826} 
{0: '0.0', 1: '1.0', 2: '0.0', 3: '1.0', 4: 0.09921070485756439} 
{0: '0.0', 1: '1.0', 2: '0.0', 3: '1.0', 4: 0.012217474683420604} 
{0: '0.0', 1: '1.0', 2: '0.0', 3: '1.0', 4: 0.9669542982494819} 
{0: '0.0', 1: '1.0', 2: '0.0', 3: '1.0', 4: 0.21338548461017282} 
{0: '0.0', 1: '1.0', 2: '0.0', 3: '1.0', 4: 0.01855480923511031} 
{0: '0.0', 1: '1.0', 2: '0.0', 3: '1.0', 4: 0.16382490702130606} 
{0: '0.0', 1: '1.0', 2: '0.0', 3: '1.0', 4: 0.023550901675039388} 
{0: '0.0', 1: '1.0', 2: '0.0', 3: '1.0', 4: 0.25943200048496723} 
{0: '0.0', 1: '1.0', 2: '0.0', 3: '1.0', 4: 3.886416904514753} 
{0: '0.0', 1: '1.0', 2: '0.0', 3: '1.0', 4: 0.8969130552191056} 
{0: '0.0', 1: '1.0', 2: '0.0', 3: '1.0', 4: 3.6216777434947462} 
{0: '0.0', 1: '1.0', 2: '0.0', 3: '1.0', 4: 0.15927452857597937} 
{0: '0.0', 1: '1.0', 2: '0.0', 3: '1.0', 4: 0.09109553154720862} 
{0: '0.0', 1: '1.0', 2: '0.0', 3: '1.0', 4: 0.5218996668349536} 
{0: '0.0', 1: '1.0', 2: '0.0', 3: '1.0', 4: 0.2418226571512051} 
{0: '0.0', 1: '1.0', 2: '0.0', 3: '1.0', 4: 0.1550978018498059} 
{0: '0.0', 1: '1.0', 2: '0.0', 3: '1.0', 4: 0.08273934480998671} 
{0: '0.0', 1: '1.0', 2: '0.0', 3: '1.0', 4: 1.0048853137304972} 
{0: '0.0', 1: '1.0', 2: '0.0', 3: '1.0', 4: 0.07813225896486946} 
{0: '0.0', 1: '1.0', 2: '0.0', 3: '1.0', 4: 0.16532894960813427} 
{0: '0.0', 1: '1.0', 2: '0.0', 3: '1.0', 4: 0.803755355949523} 
{0: '0.0', 1: '1.0', 2: '0.0', 3: '1.0', 4: 0.26234927298296973} 
{0: '0.0', 1: '1.0', 2: '0.0', 3: '1.0', 4: 0.3204552746140602} 
{0: '0.0', 1: '1.0', 2: '0.0', 3: '1.0', 4: 0.057062809154140005} 
{0: '0.0', 1: '1.0', 2: '0.0', 3: '1.0', 4: 0.17316555326974428} 
{0: '0.0', 1: '1.0', 2: '0.0', 3: '1.0', 4: 0.0011480540824974537} 
{0: '0.0', 1: '1.0', 2: '0.0', 3: '1.0', 4: 1.175327299649188} 
{0: '0.0', 1: '1.0', 2: '0.0', 3: '1.0', 4: 0.7843430313075935} 
{0: '0.0', 1: '1.0', 2: '0.0', 3: '1.0', 4: 0.11680490231192742} 
{0: '0.0', 1: '1.0', 2: '0.0', 3: '1.0', 4: 0.03685580195759751} 
{0: '0.0', 1: '1.0', 2: '0.0', 3: '1.0', 4: 0.10530133110969589} 
{0: '0.0', 1: '1.0', 2: '0.0', 3: '1.0', 4: 0.6883728962798035} 
{0: '0.0', 1: '1.0', 2: '0.0', 3: '1.0', 4: 1.8452418541712607} 
{0: '0.0', 1: '1.0', 2: '0.0', 3: '1.0', 4: 0.34132781394033124} 
{0: '0.0', 1: '1.0', 2: '0.0', 3: '1.0', 4: 0.019585710928834016} 
{0: '0.0', 1: '1.0', 2: '0.0', 3: '1.0', 4: 0.23326525306470383} 
{0: '0.0', 1: '1.0', 2: '0.0', 3: '1.0', 4: 0.16010607307085784} 
{0: '0.0', 1: '1.0', 2: '0.0', 3: '1.0', 4: 0.8068818356996353} 
{0: '0.0', 1: '1.0', 2: '0.0', 3: '1.0', 4: 0.017666149174212387} 
{0: '0.0', 1: '1.0', 2: '0.0', 3: '1.0', 4: 0.015442930102721278} 
{0: '0.0', 1: '1.0', 2: '0.0', 3: '1.0', 4: 0.6356808014891169} 
{0: '0.0', 1: '1.0', 2: '0.0', 3: '1.0', 4: 0.09515375528584273} 
{0: '0.0', 1: '1.0', 2: '0.0', 3: '1.0', 4: 0.004606555743536684} 
{0: '0.0', 1: '1.0', 2: '0.0', 3: '1.0', 4: 0.8678428038629814} 
{0: '0.0', 1: '1.0', 2: '0.0', 3: '1.0', 4: 0.9698912387058353} 
{0: '0.0', 1: '1.0', 2: '0.0', 3: '1.0', 4: 0.25891399388894526} 
{0: '0.0', 1: '1.0', 2: '0.0', 3: '1.0', 4: 0.5806840843706935} 
{0: '0.0', 1: '1.0', 2: '0.0', 3: '1.0', 4: 0.3154182116457871} 
{0: '0.0', 1: '1.0', 2: '0.0', 3: '1.0', 4: 0.6924026227938581} 
{0: '0.0', 1: '1.0', 2: '0.0', 3: '1.0', 4: 0.15040155353315104} 
{0: '0.0', 1: '1.0', 2: '0.0', 3: '1.0', 4: 0.5895230430497671} 
{0: '0.0', 1: '1.0', 2: '0.0', 3: '1.0', 4: 0.3665740066149236} 
{0: '0.0', 1: '1.0', 2: '0.0', 3: '1.0', 4: 0.006750504496282389} 
{0: '0.0', 1: '1.0', 2: '0.0', 3: '1.0', 4: 0.0476235441387035} 
{0: '0.0', 1: '1.0', 2: '0.0', 3: '1.0', 4: 1.2614438392110978} 
{0: '0.0', 1: '1.0', 2: '0.0', 3: '1.0', 4: 0.7147431377286927} 
{0: '0.0', 1: '1.0', 2: '0.0', 3: '1.0', 4: 0.5648660807892761} 
{0: '0.0', 1: '1.0', 2: '0.0', 3: '1.0', 4: 0.0014136014589593987} 
{0: '0.0', 1: '1.0', 2: '0.0', 3: '1.0', 4: 0.6353849298720098} 
{0: '0.0', 1: '1.0', 2: '0.0', 3: '1.0', 4: 0.0540586861510473} 
{0: '0.0', 1: '1.0', 2: '0.0', 3: '1.0', 4: 0.26996222054253843} 
{0: '0.0', 1: '1.0', 2: '0.0', 3: '1.0', 4: 0.14907424881917955} 
{0: '0.0', 1: '1.0', 2: '0.0', 3: '1.0', 4: 0.015795824559547617} 
{0: '0.0', 1: '1.0', 2: '0.0', 3: '1.0', 4: 0.14488857516863296} 
{0: '0.0', 1: '1.0', 2: '0.0', 3: '1.0', 4: 0.1279086722269941} 
{0: '0.0', 1: '1.0', 2: '0.0', 3: '1.0', 4: 0.9442002992061236} 
{0: '0.0', 1: '1.0', 2: '0.0', 3: '1.0', 4: 0.31054648664345413} 
{0: '0.0', 1: '1.0', 2: '0.0', 3: '1.0', 4: 0.2754440533665305} 
{0: '0.0', 1: '1.0', 2: '0.0', 3: '1.0', 4: 0.22113093174781207} 
{0: '0.0', 1: '1.0', 2: '0.0', 3: '1.0', 4: 0.017380211767913465} 
{0: '0.0', 1: '1.0', 2: '0.0', 3: '1.0', 4: 0.002599471044281485} 
{0: '0.0', 1: '1.0', 2: '0.0', 3: '1.0', 4: 0.6807529034176908} 
{0: '0.0', 1: '1.0', 2: '0.0', 3: '1.0', 4: 0.028786531853751008} 
{0: '0.0', 1: '1.0', 2: '0.0', 3: '1.0', 4: 0.1288506859280923} 
{0: '0.0', 1: '1.0', 2: '0.0', 3: '1.0', 4: 0.09381861339509522} 
{0: '0.0', 1: '1.0', 2: '0.0', 3: '1.0', 4: 0.04760535534073367} 
{0: '0.0', 1: '1.0', 2: '0.0', 3: '1.0', 4: 0.07307258650887113} 
{0: '0.0', 1: '1.0', 2: '0.0', 3: '1.0', 4: 0.006959276936886745} 
{0: '0.0', 1: '1.0', 2: '0.0', 3: '1.0', 4: 0.04517214065259379} 
{0: '0.0', 1: '1.0', 2: '0.0', 3: '1.0', 4: 0.47140752751121484} 
{0: '0.0', 1: '1.0', 2: '0.0', 3: '1.0', 4: 0.19659891321527068} 
{0: '0.0', 1: '1.0', 2: '0.0', 3: '1.0', 4: 0.14830359994287923} 
{0: '0.0', 1: '1.0', 2: '0.0', 3: '1.0', 4: 0.20179964346762566} 
{0: '0.0', 1: '1.0', 2: '0.0', 3: '1.0', 4: 0.5704476622001867} 
{0: '0.0', 1: '1.0', 2: '0.0', 3: '1.0', 4: 0.058646235861892784} 
{0: '0.0', 1: '1.0', 2: '0.0', 3: '1.0', 4: 0.7055811461787602} 
{0: '0.0', 1: '1.0', 2: '0.0', 3: '1.0', 4: 0.06187084744908269} 
{0: '0.0', 1: '1.0', 2: '0.0', 3: '1.0', 4: 1.0842590444668203} 
{0: '0.0', 1: '1.0', 2: '0.0', 3: '1.0', 4: 1.9245613199746157} 
{0: '0.0', 1: '1.0', 2: '0.0', 3: '1.0', 4: 0.0010783023561578135} 
{0: '0.0', 1: '1.0', 2: '0.0', 3: '1.0', 4: 0.06219448384956581} 
{0: '0.0', 1: '1.0', 2: '0.0', 3: '1.0', 4: 1.5807514899509694} 
{0: '0.0', 1: '1.0', 2: '0.0', 3: '1.0', 4: 1.9993153065747493} 
{0: '0.0', 1: '1.0', 2: '0.0', 3: '1.0', 4: 0.02223821320654939} 
{0: '0.0', 1: '1.0', 2: '0.0', 3: '1.0', 4: 0.12020331829359751} 
{0: '0.0', 1: '1.0', 2: '0.0', 3: '1.0', 4: 0.012688908314499382} 
{0: '0.0', 1: '1.0', 2: '0.0', 3: '1.0', 4: 0.006582607824688353} 
{0: '0.0', 1: '1.0', 2: '0.0', 3: '1.0', 4: 0.0002823282050089502} 
{0: '0.0', 1: '1.0', 2: '0.0', 3: '1.0', 4: 2.077963983984901} 
{0: '0.0', 1: '1.0', 2: '0.0', 3: '1.0', 4: 0.10745458338438255} 
{0: '0.0', 1: '1.0', 2: '0.0', 3: '1.0', 4: 0.05838860878986383} 
{0: '0.0', 1: '1.0', 2: '0.0', 3: '1.0', 4: 0.07898284752620566} 
{0: '0.0', 1: '1.0', 2: '0.0', 3: '1.0', 4: 0.5144273198352616} 
{0: '0.0', 1: '1.0', 2: '0.0', 3: '1.0', 4: 0.17847240905245645} 
{0: '0.0', 1: '1.0', 2: '0.0', 3: '1.0', 4: 0.26955422318188377} 
{0: '0.0', 1: '1.0', 2: '0.0', 3: '1.0', 4: 0.0001465324955166145} 
{0: '0.0', 1: '1.0', 2: '0.0', 3: '1.0', 4: 0.07022966629948213} 
{0: '0.0', 1: '1.0', 2: '0.0', 3: '1.0', 4: 0.17212041536753211} 
{0: '0.0', 1: '1.0', 2: '0.0', 3: '1.0', 4: 0.13511873717900116} 
{0: '0.0', 1: '1.0', 2: '0.0', 3: '1.0', 4: 1.9801633719502532} 
{0: '0.0', 1: '1.0', 2: '0.0', 3: '1.0', 4: 0.3725751269239115} 
{0: '0.0', 1: '1.0', 2: '0.0', 3: '1.0', 4: 2.5892346269577606} 
{0: '0.0', 1: '1.0', 2: '0.0', 3: '1.0', 4: 0.9124352020385826} 
{0: '0.0', 1: '1.0', 2: '0.0', 3: '1.0', 4: 1.7425817903782723} 
{0: '0.0', 1: '1.0', 2: '0.0', 3: '1.0', 4: 0.8028520199693598} 
{0: '0.0', 1: '1.0', 2: '0.0', 3: '1.0', 4: 1.18952571464583} 
{0: '0.0', 1: '1.0', 2: '0.0', 3: '1.0', 4: 0.1818544313515832} 
{0: '0.0', 1: '1.0', 2: '0.0', 3: '1.0', 4: 1.102174881085613} 
{0: '0.0', 1: '1.0', 2: '0.0', 3: '1.0', 4: 1.1929385609834084} 
{0: '0.0', 1: '1.0', 2: '0.0', 3: '1.0', 4: 0.8416183129365092} 
{0: '0.0', 1: '1.0', 2: '0.0', 3: '1.0', 4: 0.06686550453437541} 
{0: '0.0', 1: '1.0', 2: '0.0', 3: '1.0', 4: 0.18997438332074087} 
{0: '0.0', 1: '1.0', 2: '0.0', 3: '1.0', 4: 1.0102357719118347} 
{0: '0.0', 1: '1.0', 2: '0.0', 3: '1.0', 4: 0.5157670541083262} 
{0: '0.0', 1: '1.0', 2: '0.0', 3: '1.0', 4: 0.04189569943543217} 
{0: '0.0', 1: '1.0', 2: '0.0', 3: '1.0', 4: 0.012403174336965316} 
{0: '0.0', 1: '1.0', 2: '0.0', 3: '1.0', 4: 2.04924037253828} 
{0: '0.0', 1: '1.0', 2: '0.0', 3: '1.0', 4: 0.17300831047425175} 
{0: '0.0', 1: '1.0', 2: '0.0', 3: '1.0', 4: 1.1375981667406547} 
{0: '0.0', 1: '1.0', 2: '0.0', 3: '1.0', 4: 3.273409753422343} 
{0: '0.0', 1: '1.0', 2: '0.0', 3: '1.0', 4: 1.0526682468042057} 
{0: '0.0', 1: '1.0', 2: '0.0', 3: '1.0', 4: 0.39754136749993346} 
{0: '0.0', 1: '1.0', 2: '0.0', 3: '1.0', 4: 0.24131372334074055} 
{0: '0.0', 1: '1.0', 2: '0.0', 3: '1.0', 4: 8.31985876168373} 
{0: '0.0', 1: '1.0', 2: '0.0', 3: '1.0', 4: 1.0276114861867098} 
{0: '0.0', 1: '1.0', 2: '0.0', 3: '1.0', 4: 0.03253195788035147} 
{0: '0.0', 1: '1.0', 2: '0.0', 3: '1.0', 4: 0.017981353478857483} 
{0: '0.0', 1: '1.0', 2: '0.0', 3: '1.0', 4: 0.12373664648251566} 
{0: '0.0', 1: '1.0', 2: '0.0', 3: '1.0', 4: 0.0191334297337213} 
{0: '0.0', 1: '1.0', 2: '0.0', 3: '1.0', 4: 0.2835125256603813} 
{0: '0.0', 1: '1.0', 2: '0.0', 3: '1.0', 4: 0.27574095139350635} 
{0: '0.0', 1: '1.0', 2: '0.0', 3: '1.0', 4: 1.5450792653343541} 
{0: '0.0', 1: '1.0', 2: '0.0', 3: '1.0', 4: 0.03682484203076032} 
{0: '0.0', 1: '1.0', 2: '0.0', 3: '1.0', 4: 0.16761904158881097} 
{0: '0.0', 1: '1.0', 2: '0.0', 3: '1.0', 4: 0.017750275598451944} 
{0: '0.0', 1: '1.0', 2: '0.0', 3: '1.0', 4: 0.22820994462392521} 
{0: '0.0', 1: '1.0', 2: '0.0', 3: '1.0', 4: 1.204878243543102} 
{0: '0.0', 1: '1.0', 2: '0.0', 3: '1.0', 4: 4.080167203779122e-05} 
{0: '0.0', 1: '1.0', 2: '0.0', 3: '1.0', 4: 0.5425223470011692} 
{0: '0.0', 1: '1.0', 2: '0.0', 3: '1.0', 4: 0.24941316759339824} 
{0: '0.0', 1: '1.0', 2: '0.0', 3: '1.0', 4: 0.01563482094241141} 
{0: '0.0', 1: '1.0', 2: '0.0', 3: '1.0', 4: 0.12476415577102003} 
{0: '0.0', 1: '1.0', 2: '0.0', 3: '1.0', 4: 6.095273516164331e-05} 
{0: '0.0', 1: '1.0', 2: '0.0', 3: '1.0', 4: 0.20353657585025814} 
{0: '0.0', 1: '1.0', 2: '0.0', 3: '1.0', 4: 1.7583036684029374e-05} 
{0: '0.0', 1: '1.0', 2: '0.0', 3: '1.0', 4: 0.08030520767126938} 
{0: '0.0', 1: '1.0', 2: '0.0', 3: '1.0', 4: 0.08687632591583352} 
{0: '0.0', 1: '1.0', 2: '0.0', 3: '1.0', 4: 0.748367266736447} 
{0: '0.0', 1: '1.0', 2: '0.0', 3: '1.0', 4: 0.0694992389278084} 
{0: '0.0', 1: '1.0', 2: '0.0', 3: '1.0', 4: 0.0449076878132712} 
{0: '0.0', 1: '1.0', 2: '0.0', 3: '1.0', 4: 0.2064480839123852} 
{0: '0.0', 1: '1.0', 2: '0.0', 3: '1.0', 4: 0.0025979758283310524} 
{0: '0.0', 1: '1.0', 2: '0.0', 3: '1.0', 4: 0.025660392466453862} 
{0: '0.0', 1: '1.0', 2: '0.0', 3: '1.0', 4: 0.742385708207411} 
{0: '0.0', 1: '1.0', 2: '0.0', 3: '1.0', 4: 0.001705868666364179} 
{0: '0.0', 1: '1.0', 2: '0.0', 3: '1.0', 4: 0.0629258172899027} 
{0: '0.0', 1: '1.0', 2: '0.0', 3: '1.0', 4: 0.9244988509771568} 
{0: '0.0', 1: '1.0', 2: '0.0', 3: '1.0', 4: 0.09105701865455368} 
{0: '0.0', 1: '1.0', 2: '0.0', 3: '1.0', 4: 0.08861233645869222} 
{0: '0.0', 1: '1.0', 2: '0.0', 3: '1.0', 4: 1.3600710042669308} 
{0: '0.0', 1: '1.0', 2: '0.0', 3: '1.0', 4: 0.2334040198646656} 
{0: '0.0', 1: '1.0', 2: '0.0', 3: '1.0', 4: 2.462189492234517} 
{0: '0.0', 1: '1.0', 2: '0.0', 3: '1.0', 4: 0.4161268792050561} 
{0: '0.0', 1: '1.0', 2: '0.0', 3: '1.0', 4: 0.0063439308968968435} 
{0: '0.0', 1: '1.0', 2: '0.0', 3: '1.0', 4: 0.0012521277099908229} 
{0: '0.0', 1: '1.0', 2: '0.0', 3: '1.0', 4: 2.091126495620369} 
{0: '0.0', 1: '1.0', 2: '0.0', 3: '1.0', 4: 0.0545694483563258} 
{0: '0.0', 1: '1.0', 2: '0.0', 3: '1.0', 4: 0.4789208895317206} 
{0: '0.0', 1: '1.0', 2: '0.0', 3: '1.0', 4: 0.08177391014188683} 
{0: '0.0', 1: '1.0', 2: '0.0', 3: '1.0', 4: 0.17157462435349305} 
{0: '0.0', 1: '1.0', 2: '0.0', 3: '1.0', 4: 1.1190896024976988} 
{0: '0.0', 1: '1.0', 2: '0.0', 3: '1.0', 4: 0.11931614281750062} 
{0: '0.0', 1: '1.0', 2: '0.0', 3: '1.0', 4: 0.4784435752969227} 
{0: '0.0', 1: '1.0', 2: '0.0', 3: '1.0', 4: 0.013252982761315986} 
{0: '0.0', 1: '1.0', 2: '0.0', 3: '1.0', 4: 0.9895216886147167} 
{0: '0.0', 1: '1.0', 2: '0.0', 3: '1.0', 4: 0.684937649698749} 
{0: '0.0', 1: '1.0', 2: '0.0', 3: '1.0', 4: 0.13309970953094724} 
{0: '0.0', 1: '1.0', 2: '0.0', 3: '1.0', 4: 1.3847500686434482} 
{0: '0.0', 1: '1.0', 2: '0.0', 3: '1.0', 4: 0.3577824221963881} 
{0: '0.0', 1: '1.0', 2: '0.0', 3: '1.0', 4: 0.08439467898853954} 
{0: '0.0', 1: '1.0', 2: '0.0', 3: '1.0', 4: 0.0010235490436560585} 
{0: '0.0', 1: '1.0', 2: '0.0', 3: '1.0', 4: 0.8656023444149952} 
{0: '0.0', 1: '1.0', 2: '0.0', 3: '1.0', 4: 2.6007883715214137} 
{0: '0.0', 1: '1.0', 2: '0.0', 3: '1.0', 4: 0.8850372027101685} 
{0: '0.0', 1: '1.0', 2: '0.0', 3: '1.0', 4: 1.10462333730815} 
{0: '0.0', 1: '1.0', 2: '0.0', 3: '1.0', 4: 0.016863961882569493} 
{0: '0.0', 1: '1.0', 2: '0.0', 3: '1.0', 4: 0.15302357510692766} 
{0: '0.0', 1: '1.0', 2: '0.0', 3: '1.0', 4: 0.5397936952357245} 
{0: '0.0', 1: '1.0', 2: '0.0', 3: '1.0', 4: 0.09283360305883687} 
{0: '0.0', 1: '1.0', 2: '0.0', 3: '1.0', 4: 0.0881300648653732} 
{0: '0.0', 1: '1.0', 2: '0.0', 3: '1.0', 4: 0.004001857363474649} 
{0: '0.0', 1: '1.0', 2: '0.0', 3: '1.0', 4: 0.20498996061703417} 
{0: '0.0', 1: '1.0', 2: '0.0', 3: '1.0', 4: 0.3355338086629293} 
{0: '0.0', 1: '1.0', 2: '0.0', 3: '1.0', 4: 1.1352044871205573} 
{0: '0.0', 1: '1.0', 2: '0.0', 3: '1.0', 4: 0.25908164943181067} 
{0: '0.0', 1: '1.0', 2: '0.0', 3: '1.0', 4: 0.5873280727427694} 
{0: '0.0', 1: '1.0', 2: '0.0', 3: '1.0', 4: 6.103793744912148e-05} 
{0: '0.0', 1: '1.0', 2: '0.0', 3: '1.0', 4: 0.013398209669592449} 
{0: '0.0', 1: '1.0', 2: '0.0', 3: '1.0', 4: 0.30746150600591843} 
{0: '0.0', 1: '1.0', 2: '0.0', 3: '1.0', 4: 0.026299643289537156} 
{0: '0.0', 1: '1.0', 2: '0.0', 3: '1.0', 4: 0.008284053734801884} 
{0: '0.0', 1: '1.0', 2: '0.0', 3: '1.0', 4: 0.24830201782502828} 
{0: '0.0', 1: '1.0', 2: '0.0', 3: '1.0', 4: 0.32510886613664297} 
{0: '0.0', 1: '1.0', 2: '0.0', 3: '1.0', 4: 0.033548230135605} 
{0: '0.0', 1: '1.0', 2: '0.0', 3: '1.0', 4: 0.2911610325968076} 
{0: '0.0', 1: '1.0', 2: '0.0', 3: '1.0', 4: 0.8249412785039356} 
{0: '0.0', 1: '1.0', 2: '0.0', 3: '1.0', 4: 0.467831698797563} 
{0: '0.0', 1: '1.0', 2: '0.0', 3: '1.0', 4: 0.013917414992844844} 
{0: '0.0', 1: '1.0', 2: '0.0', 3: '1.0', 4: 0.5855391664023184} 
{0: '0.0', 1: '1.0', 2: '0.0', 3: '1.0', 4: 0.006686890505869454} 
{0: '0.0', 1: '1.0', 2: '0.0', 3: '1.0', 4: 0.08149710561728513} 
{0: '0.0', 1: '1.0', 2: '0.0', 3: '1.0', 4: 0.04313091832491694} 
{0: '0.0', 1: '1.0', 2: '0.0', 3: '1.0', 4: 1.6832365900009798} 
{0: '0.0', 1: '1.0', 2: '0.0', 3: '1.0', 4: 0.8548943948330704} 
{0: '0.0', 1: '1.0', 2: '0.0', 3: '1.0', 4: 0.7603587200276263} 
{0: '0.0', 1: '1.0', 2: '0.0', 3: '1.0', 4: 0.9008804404285188} 
{0: '0.0', 1: '1.0', 2: '0.0', 3: '1.0', 4: 0.002018016177855234} 
{0: '0.0', 1: '1.0', 2: '0.0', 3: '1.0', 4: 0.14962839406391812} 
{0: '0.0', 1: '1.0', 2: '0.0', 3: '1.0', 4: 1.2171162016433223} 
{0: '0.0', 1: '1.0', 2: '0.0', 3: '1.0', 4: 0.27126129419327394} 
{0: '0.0', 1: '1.0', 2: '0.0', 3: '1.0', 4: 0.02564681931972775} 
{0: '0.0', 1: '1.0', 2: '0.0', 3: '1.0', 4: 0.2071470320587496} 
{0: '0.0', 1: '1.0', 2: '0.0', 3: '1.0', 4: 0.4099249999796277} 
{0: '0.0', 1: '1.0', 2: '0.0', 3: '1.0', 4: 0.01522427271071522} 
{0: '0.0', 1: '1.0', 2: '0.0', 3: '1.0', 4: 0.022827184762687025} 
{0: '0.0', 1: '1.0', 2: '0.0', 3: '1.0', 4: 0.2542350552991779} 
{0: '0.0', 1: '1.0', 2: '0.0', 3: '1.0', 4: 0.036329076115284194} 
{0: '0.0', 1: '1.0', 2: '0.0', 3: '1.0', 4: 1.1503481326715632} 
{0: '0.0', 1: '1.0', 2: '0.0', 3: '1.0', 4: 0.004709204295774115} 
{0: '0.0', 1: '1.0', 2: '0.0', 3: '1.0', 4: 0.012916623107215596} 
{0: '0.0', 1: '1.0', 2: '0.0', 3: '1.0', 4: 0.14499135966032423} 
{0: '0.0', 1: '1.0', 2: '0.0', 3: '1.0', 4: 0.00018119254052145414} 
{0: '0.0', 1: '1.0', 2: '0.0', 3: '1.0', 4: 0.06646718719177497} 
{0: '0.0', 1: '1.0', 2: '0.0', 3: '1.0', 4: 0.03027986594140495} 
{0: '0.0', 1: '1.0', 2: '0.0', 3: '1.0', 4: 1.3084694365962115} 
{0: '0.0', 1: '1.0', 2: '0.0', 3: '1.0', 4: 0.23945323953751285} 
{0: '0.0', 1: '1.0', 2: '0.0', 3: '1.0', 4: 0.24146642940595278} 
{0: '0.0', 1: '1.0', 2: '0.0', 3: '1.0', 4: 0.9272226289221462} 
{0: '0.0', 1: '1.0', 2: '0.0', 3: '1.0', 4: 0.341452161780173} 
{0: '0.0', 1: '1.0', 2: '0.0', 3: '1.0', 4: 0.44518312119665354} 
{0: '0.0', 1: '1.0', 2: '0.0', 3: '1.0', 4: 0.6987327595294746} 
{0: '0.0', 1: '1.0', 2: '0.0', 3: '1.0', 4: 1.2110741290621743} 
{0: '0.0', 1: '1.0', 2: '0.0', 3: '1.0', 4: 0.10258287351775193} 
{0: '0.0', 1: '1.0', 2: '0.0', 3: '1.0', 4: 0.02998954176489992} 
{0: '0.0', 1: '1.0', 2: '0.0', 3: '1.0', 4: 0.5705913443566398} 
{0: '0.0', 1: '1.0', 2: '0.0', 3: '1.0', 4: 0.2890191329271775} 
{0: '0.0', 1: '1.0', 2: '0.0', 3: '1.0', 4: 0.005224739107817929} 
{0: '0.0', 1: '1.0', 2: '0.0', 3: '1.0', 4: 1.2119612365964734} 
{0: '0.0', 1: '1.0', 2: '0.0', 3: '1.0', 4: 0.4501917218094358} 
{0: '0.0', 1: '1.0', 2: '0.0', 3: '1.0', 4: 0.0044762018294543056} 
{0: '0.0', 1: '1.0', 2: '0.0', 3: '1.0', 4: 0.005617254810565155} 
{0: '0.0', 1: '1.0', 2: '0.0', 3: '1.0', 4: 0.013805657266907174} 
{0: '0.0', 1: '1.0', 2: '0.0', 3: '1.0', 4: 1.7889758772571587} 
{0: '0.0', 1: '1.0', 2: '0.0', 3: '1.0', 4: 0.0644115864436639} 
{0: '0.0', 1: '1.0', 2: '0.0', 3: '1.0', 4: 0.260505545047753} 
{0: '0.0', 1: '1.0', 2: '0.0', 3: '1.0', 4: 0.48169501425606254} 
{0: '0.0', 1: '1.0', 2: '0.0', 3: '1.0', 4: 1.0754116801074285} 
{0: '0.0', 1: '1.0', 2: '0.0', 3: '1.0', 4: 0.614887357445276} 
{0: '0.0', 1: '1.0', 2: '0.0', 3: '1.0', 4: 1.2120333562977954} 
{0: '0.0', 1: '1.0', 2: '0.0', 3: '1.0', 4: 0.08163428114986461} 
{0: '0.0', 1: '1.0', 2: '0.0', 3: '1.0', 4: 0.021072675321603195} 
{0: '0.0', 1: '1.0', 2: '0.0', 3: '1.0', 4: 0.7662952500228394} 
{0: '0.0', 1: '1.0', 2: '0.0', 3: '1.0', 4: 0.6223259684068216} 
{0: '0.0', 1: '1.0', 2: '0.0', 3: '1.0', 4: 0.03239225933848299} 
{0: '0.0', 1: '1.0', 2: '0.0', 3: '1.0', 4: 0.12858315010669788} 
{0: '0.0', 1: '1.0', 2: '0.0', 3: '1.0', 4: 0.12834031922164094} 
{0: '0.0', 1: '1.0', 2: '0.0', 3: '1.0', 4: 0.0039117173988808766} 
{0: '0.0', 1: '1.0', 2: '0.0', 3: '1.0', 4: 0.15292100590567317} 
{0: '0.0', 1: '1.0', 2: '0.0', 3: '1.0', 4: 0.9704859909931196} 
{0: '0.0', 1: '1.0', 2: '0.0', 3: '1.0', 4: 0.006223280699090932} 
{0: '0.0', 1: '1.0', 2: '0.0', 3: '1.0', 4: 0.679042456835274} 
{0: '0.0', 1: '1.0', 2: '0.0', 3: '1.0', 4: 1.3481970838836914} 
{0: '0.0', 1: '1.0', 2: '0.0', 3: '1.0', 4: 0.03306921616028399} 
{0: '0.0', 1: '1.0', 2: '0.0', 3: '1.0', 4: 0.2221575747252588} 
{0: '0.0', 1: '1.0', 2: '0.0', 3: '1.0', 4: 0.2608240895951148} 
{0: '0.0', 1: '1.0', 2: '0.0', 3: '1.0', 4: 0.20969082999556016} 
{0: '0.0', 1: '1.0', 2: '0.0', 3: '1.0', 4: 2.0505020308848296} 
{0: '0.0', 1: '1.0', 2: '0.0', 3: '1.0', 4: 1.197892579435319} 
{0: '0.0', 1: '1.0', 2: '0.0', 3: '1.0', 4: 0.7820583976090538} 
{0: '0.0', 1: '1.0', 2: '0.0', 3: '1.0', 4: 0.19782645000190016} 
{0: '0.0', 1: '1.0', 2: '0.0', 3: '1.0', 4: 0.1180600774661493} 
{0: '0.0', 1: '1.0', 2: '0.0', 3: '1.0', 4: 0.04340924073118127} 
{0: '0.0', 1: '1.0', 2: '0.0', 3: '1.0', 4: 0.10685880219212497} 
{0: '0.0', 1: '1.0', 2: '0.0', 3: '1.0', 4: 0.059890555659669005} 
{0: '0.0', 1: '1.0', 2: '0.0', 3: '1.0', 4: 1.3962934376504021} 
{0: '0.0', 1: '1.0', 2: '0.0', 3: '1.0', 4: 0.1615181741751515} 
{0: '0.0', 1: '1.0', 2: '0.0', 3: '1.0', 4: 0.02479210725047106} 
{0: '0.0', 1: '1.0', 2: '0.0', 3: '1.0', 4: 0.45808364845014116} 
{0: '0.0', 1: '1.0', 2: '0.0', 3: '1.0', 4: 0.4724065541832274} 
{0: '0.0', 1: '1.0', 2: '0.0', 3: '1.0', 4: 0.002126142927405519} 
{0: '0.0', 1: '1.0', 2: '0.0', 3: '1.0', 4: 0.1960250154429243} 
{0: '0.0', 1: '1.0', 2: '0.0', 3: '1.0', 4: 0.0030661265844222846} 
{0: '0.0', 1: '1.0', 2: '0.0', 3: '1.0', 4: 0.2287107574443928} 
{0: '0.0', 1: '1.0', 2: '0.0', 3: '1.0', 4: 0.7404505108365187} 
{0: '0.0', 1: '1.0', 2: '0.0', 3: '1.0', 4: 1.7064662528960155} 
{0: '0.0', 1: '1.0', 2: '0.0', 3: '1.0', 4: 0.1132294695329} 
{0: '0.0', 1: '1.0', 2: '0.0', 3: '1.0', 4: 0.049965853845523406} 
{0: '0.0', 1: '1.0', 2: '0.0', 3: '1.0', 4: 0.0054598844178860625} 
{0: '0.0', 1: '1.0', 2: '0.0', 3: '1.0', 4: 1.160805914133533} 
{0: '0.0', 1: '1.0', 2: '0.0', 3: '1.0', 4: 0.42880042736525326} 
{0: '0.0', 1: '1.0', 2: '0.0', 3: '1.0', 4: 0.006200886702556395} 
{0: '0.0', 1: '1.0', 2: '0.0', 3: '1.0', 4: 0.6200559247692283} 
{0: '0.0', 1: '1.0', 2: '0.0', 3: '1.0', 4: 0.35641561577991643} 
{0: '0.0', 1: '1.0', 2: '0.0', 3: '1.0', 4: 2.3834018993822} 
{0: '0.0', 1: '1.0', 2: '0.0', 3: '1.0', 4: 0.9338824109515615} 
{0: '0.0', 1: '1.0', 2: '0.0', 3: '1.0', 4: 0.8870872683878361} 
{0: '0.0', 1: '1.0', 2: '0.0', 3: '1.0', 4: 0.12904449462640621} 
{0: '0.0', 1: '1.0', 2: '0.0', 3: '1.0', 4: 0.042343861144809467} 
{0: '0.0', 1: '1.0', 2: '0.0', 3: '1.0', 4: 0.0022144212039235784} 
{0: '0.0', 1: '1.0', 2: '0.0', 3: '1.0', 4: 0.026852464982760352} 
{0: '0.0', 1: '1.0', 2: '0.0', 3: '1.0', 4: 0.34712197270006007} 
{0: '0.0', 1: '1.0', 2: '0.0', 3: '1.0', 4: 3.618458469090396} 
{0: '0.0', 1: '1.0', 2: '0.0', 3: '1.0', 4: 0.4689012942410408} 
{0: '0.0', 1: '1.0', 2: '0.0', 3: '1.0', 4: 0.4049522090411226} 
{0: '0.0', 1: '1.0', 2: '0.0', 3: '1.0', 4: 0.22013726625523133} 
{0: '0.0', 1: '1.0', 2: '0.0', 3: '1.0', 4: 0.041148953829838235} 
{0: '0.0', 1: '1.0', 2: '0.0', 3: '1.0', 4: 0.03844139235453512} 
{0: '0.0', 1: '1.0', 2: '0.0', 3: '1.0', 4: 1.521416764163052} 
{0: '0.0', 1: '1.0', 2: '0.0', 3: '1.0', 4: 2.3326054791172366} 
{0: '0.0', 1: '1.0', 2: '0.0', 3: '1.0', 4: 0.0013122630497310152} 
{0: '0.0', 1: '1.0', 2: '0.0', 3: '1.0', 4: 0.9131979832866439} 
{0: '0.0', 1: '1.0', 2: '0.0', 3: '1.0', 4: 0.19551950975310003} 
{0: '0.0', 1: '1.0', 2: '0.0', 3: '1.0', 4: 0.09069881491441252} 
{0: '0.0', 1: '1.0', 2: '0.0', 3: '1.0', 4: 1.1642933115110499} 
{0: '0.0', 1: '1.0', 2: '0.0', 3: '1.0', 4: 0.12225266908942688} 
{0: '0.0', 1: '1.0', 2: '0.0', 3: '1.0', 4: 0.10841672427897367} 
{0: '0.0', 1: '1.0', 2: '0.0', 3: '1.0', 4: 0.07346678250721862} 
{0: '0.0', 1: '1.0', 2: '0.0', 3: '1.0', 4: 0.03306700657845779} 
{0: '0.0', 1: '1.0', 2: '0.0', 3: '1.0', 4: 0.007911003397248033} 
{0: '0.0', 1: '1.0', 2: '0.0', 3: '1.0', 4: 0.23190646912806995} 
{0: '0.0', 1: '1.0', 2: '0.0', 3: '1.0', 4: 0.30173565277553815} 
{0: '0.0', 1: '1.0', 2: '0.0', 3: '1.0', 4: 0.8010029928349794} 
{0: '0.0', 1: '1.0', 2: '0.0', 3: '1.0', 4: 0.14145773144892035} 
{0: '0.0', 1: '1.0', 2: '0.0', 3: '1.0', 4: 0.3854673580015915} 
{0: '0.0', 1: '1.0', 2: '0.0', 3: '1.0', 4: 0.991151193068513} 
{0: '0.0', 1: '1.0', 2: '0.0', 3: '1.0', 4: 1.0603118488948282} 
{0: '0.0', 1: '1.0', 2: '0.0', 3: '1.0', 4: 0.22198205088593626} 
{0: '0.0', 1: '1.0', 2: '0.0', 3: '1.0', 4: 2.505781601552787} 
{0: '0.0', 1: '1.0', 2: '0.0', 3: '1.0', 4: 0.4128087659336152} 
{0: '0.0', 1: '1.0', 2: '0.0', 3: '1.0', 4: 0.6557112159077889} 
{0: '0.0', 1: '1.0', 2: '0.0', 3: '1.0', 4: 0.05682577424087547} 
{0: '0.0', 1: '1.0', 2: '0.0', 3: '1.0', 4: 0.5706142813585836} 
{0: '0.0', 1: '1.0', 2: '0.0', 3: '1.0', 4: 0.25379436195829197} 
{0: '0.0', 1: '1.0', 2: '0.0', 3: '1.0', 4: 0.6018177024543772} 
{0: '0.0', 1: '1.0', 2: '0.0', 3: '1.0', 4: 0.12978846572814662} 
{0: '0.0', 1: '1.0', 2: '0.0', 3: '1.0', 4: 0.9384565370575902} 
{0: '0.0', 1: '1.0', 2: '0.0', 3: '1.0', 4: 0.01727892224049844} 
{0: '0.0', 1: '1.0', 2: '0.0', 3: '1.0', 4: 0.6433667204118496} 
{0: '0.0', 1: '1.0', 2: '0.0', 3: '1.0', 4: 0.000829436125771813} 
{0: '0.0', 1: '1.0', 2: '0.0', 3: '1.0', 4: 0.23150036776790023} 
{0: '0.0', 1: '1.0', 2: '0.0', 3: '1.0', 4: 0.011306867496376473} 
{0: '0.0', 1: '1.0', 2: '0.0', 3: '1.0', 4: 2.120908094796997} 
{0: '0.0', 1: '1.0', 2: '0.0', 3: '1.0', 4: 0.3257267707412791} 
{0: '0.0', 1: '1.0', 2: '0.0', 3: '1.0', 4: 0.080798271199159} 
{0: '0.0', 1: '1.0', 2: '0.0', 3: '1.0', 4: 1.859638722722819} 
{0: '0.0', 1: '1.0', 2: '0.0', 3: '1.0', 4: 0.21453967120987763} 
{0: '0.0', 1: '1.0', 2: '0.0', 3: '1.0', 4: 0.3087618917549288} 
{0: '0.0', 1: '1.0', 2: '0.0', 3: '1.0', 4: 0.7844233342391875} 
{0: '0.0', 1: '1.0', 2: '0.0', 3: '1.0', 4: 0.09412829667661025} 
{0: '0.0', 1: '1.0', 2: '0.0', 3: '1.0', 4: 0.19273215367929514} 
{0: '0.0', 1: '1.0', 2: '0.0', 3: '1.0', 4: 0.06881068192273623} 
{0: '0.0', 1: '1.0', 2: '0.0', 3: '1.0', 4: 1.3365772827645577} 
{0: '0.0', 1: '1.0', 2: '0.0', 3: '1.0', 4: 0.33653261791887107} 
{0: '0.0', 1: '1.0', 2: '0.0', 3: '1.0', 4: 0.09887312474481315} 
{0: '0.0', 1: '1.0', 2: '0.0', 3: '1.0', 4: 0.041107110555730776} 
{0: '0.0', 1: '1.0', 2: '0.0', 3: '1.0', 4: 0.0018485838354850976} 
{0: '0.0', 1: '1.0', 2: '0.0', 3: '1.0', 4: 0.019847171239454574} 
{0: '0.0', 1: '1.0', 2: '0.0', 3: '1.0', 4: 6.339144978502559e-06} 
{0: '0.0', 1: '1.0', 2: '0.0', 3: '1.0', 4: 0.6957795154802272} 
{0: '0.0', 1: '1.0', 2: '0.0', 3: '1.0', 4: 0.8824417389603156} 
{0: '0.0', 1: '1.0', 2: '0.0', 3: '1.0', 4: 0.8276795219447082} 
{0: '0.0', 1: '1.0', 2: '0.0', 3: '1.0', 4: 0.14889966901524948} 
{0: '0.0', 1: '1.0', 2: '0.0', 3: '1.0', 4: 0.005838428220061565} 
{0: '0.0', 1: '1.0', 2: '0.0', 3: '1.0', 4: 0.008919045479380728} 
{0: '0.0', 1: '1.0', 2: '0.0', 3: '1.0', 4: 0.0034639054331771623} 
{0: '0.0', 1: '1.0', 2: '0.0', 3: '1.0', 4: 0.7336670042727579} 
{0: '0.0', 1: '1.0', 2: '0.0', 3: '1.0', 4: 0.015453875738835292} 
{0: '0.0', 1: '1.0', 2: '0.0', 3: '1.0', 4: 1.6094629551453987} 
{0: '0.0', 1: '1.0', 2: '0.0', 3: '1.0', 4: 0.7667454689463212} 
{0: '0.0', 1: '1.0', 2: '0.0', 3: '1.0', 4: 0.04048158870919112} 
{0: '0.0', 1: '1.0', 2: '0.0', 3: '1.0', 4: 1.517468855770639} 
{0: '0.0', 1: '1.0', 2: '0.0', 3: '1.0', 4: 1.2172076852875047} 
{0: '0.0', 1: '1.0', 2: '0.0', 3: '1.0', 4: 0.019050440448389442} 
{0: '0.0', 1: '1.0', 2: '0.0', 3: '1.0', 4: 1.7882983680507132} 
{0: '0.0', 1: '1.0', 2: '0.0', 3: '1.0', 4: 1.5268643545078084} 
{0: '0.0', 1: '1.0', 2: '0.0', 3: '1.0', 4: 1.2492461432721287} 
{0: '0.0', 1: '1.0', 2: '0.0', 3: '1.0', 4: 0.022766507479151845} 
{0: '0.0', 1: '1.0', 2: '0.0', 3: '1.0', 4: 0.4579167484215108} 
{0: '0.0', 1: '1.0', 2: '0.0', 3: '1.0', 4: 0.2846091664771426} 
{0: '0.0', 1: '1.0', 2: '0.0', 3: '1.0', 4: 0.026048932993545344} 
{0: '0.0', 1: '1.0', 2: '0.0', 3: '1.0', 4: 0.22325998470213723} 
{0: '0.0', 1: '1.0', 2: '0.0', 3: '1.0', 4: 0.8768696262027001} 
{0: '0.0', 1: '1.0', 2: '0.0', 3: '1.0', 4: 0.7766710220603676} 
{0: '0.0', 1: '1.0', 2: '0.0', 3: '1.0', 4: 0.24716753989499668} 
{0: '0.0', 1: '1.0', 2: '0.0', 3: '1.0', 4: 0.011617731172471049} 
{0: '0.0', 1: '1.0', 2: '0.0', 3: '1.0', 4: 0.509210027441982} 
{0: '0.0', 1: '1.0', 2: '0.0', 3: '1.0', 4: 0.3453350012078793} 
{0: '0.0', 1: '1.0', 2: '0.0', 3: '1.0', 4: 0.7090759796056793} 
{0: '0.0', 1: '1.0', 2: '0.0', 3: '1.0', 4: 0.03703393794091025} 
{0: '0.0', 1: '1.0', 2: '0.0', 3: '1.0', 4: 1.4191313436055317} 
{0: '0.0', 1: '1.0', 2: '0.0', 3: '1.0', 4: 0.07854375457504145} 
{0: '0.0', 1: '1.0', 2: '0.0', 3: '1.0', 4: 0.07318527372928649} 
{0: '0.0', 1: '1.0', 2: '0.0', 3: '1.0', 4: 0.13451780845944872} 
{0: '0.0', 1: '1.0', 2: '0.0', 3: '1.0', 4: 0.06001220066607809} 
{0: '0.0', 1: '1.0', 2: '0.0', 3: '1.0', 4: 0.3693569743581957} 
{0: '0.0', 1: '1.0', 2: '0.0', 3: '1.0', 4: 0.13063014975618512} 
{0: '0.0', 1: '1.0', 2: '0.0', 3: '1.0', 4: 0.5378404827932735} 
{0: '0.0', 1: '1.0', 2: '0.0', 3: '1.0', 4: 0.06832048709610046} 
{0: '0.0', 1: '1.0', 2: '0.0', 3: '1.0', 4: 0.28174571574139073} 
{0: '0.0', 1: '1.0', 2: '0.0', 3: '1.0', 4: 1.4116817323242208} 
{0: '0.0', 1: '1.0', 2: '0.0', 3: '1.0', 4: 0.04047829945728314} 
{0: '0.0', 1: '1.0', 2: '0.0', 3: '1.0', 4: 0.06844883874296377} 
{0: '0.0', 1: '1.0', 2: '0.0', 3: '1.0', 4: 0.03048110781882597} 
{0: '0.0', 1: '1.0', 2: '0.0', 3: '1.0', 4: 2.413625752065099} 
{0: '0.0', 1: '1.0', 2: '0.0', 3: '1.0', 4: 0.3876497350239748} 
{0: '0.0', 1: '1.0', 2: '0.0', 3: '1.0', 4: 1.2570657861511922} 
{0: '0.0', 1: '1.0', 2: '0.0', 3: '1.0', 4: 0.17888906898340562} 
{0: '0.0', 1: '1.0', 2: '0.0', 3: '1.0', 4: 0.21982381049890512} 
{0: '0.0', 1: '1.0', 2: '0.0', 3: '1.0', 4: 0.46248563985096186} 
{0: '0.0', 1: '1.0', 2: '0.0', 3: '1.0', 4: 0.03448464317900736} 
{0: '0.0', 1: '1.0', 2: '0.0', 3: '1.0', 4: 0.6344560267353548} 
{0: '0.0', 1: '1.0', 2: '0.0', 3: '1.0', 4: 0.2158130837790982} 
{0: '0.0', 1: '1.0', 2: '0.0', 3: '1.0', 4: 0.053095547808854934} 
{0: '0.0', 1: '1.0', 2: '0.0', 3: '1.0', 4: 0.39374478473670327} 
{0: '0.0', 1: '1.0', 2: '0.0', 3: '1.0', 4: 2.629894646892389e-05} 
{0: '0.0', 1: '1.0', 2: '0.0', 3: '1.0', 4: 0.2925312616593809} 
{0: '0.0', 1: '1.0', 2: '0.0', 3: '1.0', 4: 0.009613724416747819} 
{0: '0.0', 1: '1.0', 2: '0.0', 3: '1.0', 4: 0.3158037687626553} 
{0: '0.0', 1: '1.0', 2: '0.0', 3: '1.0', 4: 1.8193093981568595} 
{0: '0.0', 1: '1.0', 2: '0.0', 3: '1.0', 4: 0.20721517965034716} 
{0: '0.0', 1: '1.0', 2: '0.0', 3: '1.0', 4: 0.6324319878313159} 
{0: '0.0', 1: '1.0', 2: '0.0', 3: '1.0', 4: 0.6752585950700142} 
{0: '0.0', 1: '1.0', 2: '0.0', 3: '1.0', 4: 0.10751173085875787} 
{0: '0.0', 1: '1.0', 2: '0.0', 3: '1.0', 4: 0.04440705532058525} 
{0: '0.0', 1: '1.0', 2: '0.0', 3: '1.0', 4: 0.007194950397573868} 
{0: '0.0', 1: '1.0', 2: '0.0', 3: '1.0', 4: 0.8321819233123463} 
{0: '0.0', 1: '1.0', 2: '0.0', 3: '1.0', 4: 0.5130973531871198} 
{0: '0.0', 1: '1.0', 2: '0.0', 3: '1.0', 4: 0.5297693190429735} 
{0: '0.0', 1: '1.0', 2: '0.0', 3: '1.0', 4: 3.3743095514718764} 
{0: '0.0', 1: '1.0', 2: '0.0', 3: '1.0', 4: 0.013454853857467444} 
{0: '0.0', 1: '1.0', 2: '0.0', 3: '1.0', 4: 0.1821248543601099} 
{0: '0.0', 1: '1.0', 2: '0.0', 3: '1.0', 4: 0.20558063991535935} 
{0: '0.0', 1: '1.0', 2: '0.0', 3: '1.0', 4: 0.020362887700427785} 
{0: '0.0', 1: '1.0', 2: '0.0', 3: '1.0', 4: 0.23470947333582093} 
{0: '0.0', 1: '1.0', 2: '0.0', 3: '1.0', 4: 0.5570451267344081} 
{0: '0.0', 1: '1.0', 2: '0.0', 3: '1.0', 4: 0.03872353767480697} 
{0: '0.0', 1: '1.0', 2: '0.0', 3: '1.0', 4: 0.16524817294284821} 
{0: '0.0', 1: '1.0', 2: '0.0', 3: '1.0', 4: 0.02285542314649064} 
{0: '0.0', 1: '1.0', 2: '0.0', 3: '1.0', 4: 0.009844297785370998} 
{0: '0.0', 1: '1.0', 2: '0.0', 3: '1.0', 4: 0.09548053535514031} 
{0: '0.0', 1: '1.0', 2: '0.0', 3: '1.0', 4: 0.10889224830923985} 
{0: '0.0', 1: '1.0', 2: '0.0', 3: '1.0', 4: 0.22593963370350684} 
{0: '0.0', 1: '1.0', 2: '0.0', 3: '1.0', 4: 0.6792300483892528} 
{0: '0.0', 1: '1.0', 2: '0.0', 3: '1.0', 4: 0.5287807508537028} 
{0: '0.0', 1: '1.0', 2: '0.0', 3: '1.0', 4: 1.2564106476975694} 
{0: '0.0', 1: '1.0', 2: '0.0', 3: '1.0', 4: 4.562389827338751} 
{0: '0.0', 1: '1.0', 2: '0.0', 3: '1.0', 4: 0.018633057537066653} 
{0: '0.0', 1: '1.0', 2: '0.0', 3: '1.0', 4: 0.4658971133382813} 
{0: '0.0', 1: '1.0', 2: '0.0', 3: '1.0', 4: 0.32785055607709307} 
{0: '0.0', 1: '1.0', 2: '0.0', 3: '1.0', 4: 0.15487738295717385} 
{0: '0.0', 1: '1.0', 2: '0.0', 3: '1.0', 4: 0.07687625268124221} 
{0: '0.0', 1: '1.0', 2: '0.0', 3: '1.0', 4: 1.6954243427840119} 
{0: '0.0', 1: '1.0', 2: '0.0', 3: '1.0', 4: 0.9049637953441945} 
{0: '0.0', 1: '1.0', 2: '0.0', 3: '1.0', 4: 0.006253007502505257} 
{0: '0.0', 1: '1.0', 2: '0.0', 3: '1.0', 4: 0.050581172095279174} 
{0: '0.0', 1: '1.0', 2: '0.0', 3: '1.0', 4: 0.7617387858786613} 
{0: '0.0', 1: '1.0', 2: '0.0', 3: '1.0', 4: 0.3626004444693463} 
{0: '0.0', 1: '1.0', 2: '0.0', 3: '1.0', 4: 0.7883906910317959} 
{0: '0.0', 1: '1.0', 2: '0.0', 3: '1.0', 4: 0.05897123688864131} 
{0: '0.0', 1: '1.0', 2: '0.0', 3: '1.0', 4: 0.1272693257117526} 
{0: '0.0', 1: '1.0', 2: '0.0', 3: '1.0', 4: 0.026823449751365306} 
{0: '0.0', 1: '1.0', 2: '0.0', 3: '1.0', 4: 0.43535013063076516} 
{0: '0.0', 1: '1.0', 2: '0.0', 3: '1.0', 4: 1.2029245598212683} 
{0: '0.0', 1: '1.0', 2: '0.0', 3: '1.0', 4: 2.1679404951458685} 
{0: '0.0', 1: '1.0', 2: '0.0', 3: '1.0', 4: 0.346003859667411} 
{0: '0.0', 1: '1.0', 2: '0.0', 3: '1.0', 4: 1.9483280699199121} 
{0: '0.0', 1: '1.0', 2: '0.0', 3: '1.0', 4: 0.1893445591338463} 
{0: '0.0', 1: '1.0', 2: '0.0', 3: '1.0', 4: 0.00010637187551347494} 
{0: '0.0', 1: '1.0', 2: '0.0', 3: '1.0', 4: 0.6032634807769431} 
{0: '0.0', 1: '1.0', 2: '0.0', 3: '1.0', 4: 0.004047106826483154} 
{0: '0.0', 1: '1.0', 2: '0.0', 3: '1.0', 4: 0.007519414669386516} 
{0: '0.0', 1: '1.0', 2: '0.0', 3: '1.0', 4: 2.2758343219498824} 
{0: '0.0', 1: '1.0', 2: '0.0', 3: '1.0', 4: 0.002074534616705754} 
{0: '0.0', 1: '1.0', 2: '0.0', 3: '1.0', 4: 0.14376713937499877} 
{0: '0.0', 1: '1.0', 2: '0.0', 3: '1.0', 4: 2.7408100603576666} 
{0: '0.0', 1: '1.0', 2: '0.0', 3: '1.0', 4: 0.2974956424809757} 
{0: '0.0', 1: '1.0', 2: '0.0', 3: '1.0', 4: 0.0001641602696639394} 
{0: '0.0', 1: '1.0', 2: '0.0', 3: '1.0', 4: 0.013865128092010659} 
{0: '0.0', 1: '1.0', 2: '0.0', 3: '1.0', 4: 0.6137790984654917} 
{0: '0.0', 1: '1.0', 2: '0.0', 3: '1.0', 4: 1.142573376397232} 
{0: '0.0', 1: '1.0', 2: '0.0', 3: '1.0', 4: 2.324956509743622} 
{0: '0.0', 1: '1.0', 2: '0.0', 3: '1.0', 4: 0.45582717717074844} 
{0: '0.0', 1: '1.0', 2: '0.0', 3: '1.0', 4: 0.04520612990777108} 
{0: '0.0', 1: '1.0', 2: '0.0', 3: '1.0', 4: 0.4156257346594925} 
{0: '0.0', 1: '1.0', 2: '0.0', 3: '1.0', 4: 0.22641846958886583} 
{0: '0.0', 1: '1.0', 2: '0.0', 3: '1.0', 4: 0.7251542754033494} 
{0: '0.0', 1: '1.0', 2: '0.0', 3: '1.0', 4: 5.004043776366764e-05} 
{0: '0.0', 1: '1.0', 2: '0.0', 3: '1.0', 4: 0.009495917159693657} 
{0: '0.0', 1: '1.0', 2: '0.0', 3: '1.0', 4: 0.11003642298999651} 
{0: '0.0', 1: '1.0', 2: '0.0', 3: '1.0', 4: 0.0047360246739522015} 
{0: '0.0', 1: '1.0', 2: '0.0', 3: '1.0', 4: 0.5975384576947373} 
{0: '0.0', 1: '1.0', 2: '0.0', 3: '1.0', 4: 0.762200833405324} 
{0: '0.0', 1: '1.0', 2: '0.0', 3: '1.0', 4: 0.008024112676388456} 
{0: '0.0', 1: '1.0', 2: '0.0', 3: '1.0', 4: 0.11864253909293385} 
{0: '0.0', 1: '1.0', 2: '0.0', 3: '1.0', 4: 2.771927416449463} 
{0: '0.0', 1: '1.0', 2: '0.0', 3: '1.0', 4: 0.038770275131976256} 
{0: '0.0', 1: '1.0', 2: '0.0', 3: '1.0', 4: 1.2731764828120895} 
{0: '0.0', 1: '1.0', 2: '0.0', 3: '1.0', 4: 0.02047142750510654} 
{0: '0.0', 1: '1.0', 2: '0.0', 3: '1.0', 4: 0.004285770041657402} 
{0: '0.0', 1: '1.0', 2: '0.0', 3: '1.0', 4: 0.17425459107859473} 
{0: '0.0', 1: '1.0', 2: '0.0', 3: '1.0', 4: 0.030512878463397466} 
{0: '0.0', 1: '1.0', 2: '0.0', 3: '1.0', 4: 0.3144118532222081} 
{0: '0.0', 1: '1.0', 2: '0.0', 3: '1.0', 4: 1.0507426219778055} 
{0: '0.0', 1: '1.0', 2: '0.0', 3: '1.0', 4: 0.5623590078026702} 
{0: '0.0', 1: '1.0', 2: '0.0', 3: '1.0', 4: 0.028281642397166656} 
{0: '0.0', 1: '1.0', 2: '0.0', 3: '1.0', 4: 3.9609344329478087} 
{0: '0.0', 1: '1.0', 2: '0.0', 3: '1.0', 4: 0.8178882168203586} 
{0: '0.0', 1: '1.0', 2: '0.0', 3: '1.0', 4: 0.13070745583014243} 
{0: '0.0', 1: '1.0', 2: '0.0', 3: '1.0', 4: 5.746509956324687} 
{0: '0.0', 1: '1.0', 2: '0.0', 3: '1.0', 4: 0.11427544174295479} 
{0: '0.0', 1: '1.0', 2: '0.0', 3: '1.0', 4: 0.10287965695054825} 
{0: '0.0', 1: '1.0', 2: '0.0', 3: '1.0', 4: 0.31449621760347685} 
{0: '0.0', 1: '1.0', 2: '0.0', 3: '1.0', 4: 0.39810678293436796} 
{0: '0.0', 1: '1.0', 2: '0.0', 3: '1.0', 4: 1.5330158998207224} 
{0: '0.0', 1: '1.0', 2: '0.0', 3: '1.0', 4: 3.0480639418770017} 
{0: '0.0', 1: '1.0', 2: '0.0', 3: '1.0', 4: 1.295474893072595} 
{0: '0.0', 1: '1.0', 2: '0.0', 3: '1.0', 4: 0.07556887398695868} 
{0: '0.0', 1: '1.0', 2: '0.0', 3: '1.0', 4: 0.5791036080130865} 
{0: '0.0', 1: '1.0', 2: '0.0', 3: '1.0', 4: 0.784598919768615} 
{0: '0.0', 1: '1.0', 2: '0.0', 3: '1.0', 4: 0.06009967212628749} 
{0: '0.0', 1: '1.0', 2: '0.0', 3: '1.0', 4: 0.03399709295121574} 
{0: '0.0', 1: '1.0', 2: '0.0', 3: '1.0', 4: 0.817054798296368} 
{0: '0.0', 1: '1.0', 2: '0.0', 3: '1.0', 4: 0.3803699253542452} 
{0: '0.0', 1: '1.0', 2: '0.0', 3: '1.0', 4: 0.03398722127139173} 
{0: '0.0', 1: '1.0', 2: '0.0', 3: '1.0', 4: 2.108075313641882} 
{0: '0.0', 1: '1.0', 2: '0.0', 3: '1.0', 4: 1.63522241959668} 
{0: '0.0', 1: '1.0', 2: '0.0', 3: '1.0', 4: 0.0012822108049417044} 
{0: '0.0', 1: '1.0', 2: '0.0', 3: '1.0', 4: 0.13968737151008637} 
{0: '0.0', 1: '1.0', 2: '0.0', 3: '1.0', 4: 0.7489210822792643} 
{0: '0.0', 1: '1.0', 2: '0.0', 3: '1.0', 4: 1.4315299568533308} 
{0: '0.0', 1: '1.0', 2: '0.0', 3: '1.0', 4: 0.27626075789322707} 
{0: '0.0', 1: '1.0', 2: '0.0', 3: '1.0', 4: 0.061392649974798895} 
{0: '0.0', 1: '1.0', 2: '0.0', 3: '1.0', 4: 0.023141898221992214} 
{0: '0.0', 1: '1.0', 2: '0.0', 3: '1.0', 4: 0.785386252426005} 
{0: '0.0', 1: '1.0', 2: '0.0', 3: '1.0', 4: 3.44290298971003} 
{0: '0.0', 1: '1.0', 2: '0.0', 3: '1.0', 4: 0.753738788685226} 
{0: '0.0', 1: '1.0', 2: '0.0', 3: '1.0', 4: 0.3344540914138717} 
{0: '0.0', 1: '1.0', 2: '0.0', 3: '1.0', 4: 2.428341491878355} 
{0: '0.0', 1: '1.0', 2: '0.0', 3: '1.0', 4: 1.6571378382226833} 
{0: '0.0', 1: '1.0', 2: '0.0', 3: '1.0', 4: 0.26028834905966736} 
{0: '0.0', 1: '1.0', 2: '0.0', 3: '1.0', 4: 0.0029743892604203706} 
{0: '0.0', 1: '1.0', 2: '0.0', 3: '1.0', 4: 0.14205220693289183} 
{0: '0.0', 1: '1.0', 2: '0.0', 3: '1.0', 4: 0.2895939649077306} 
{0: '0.0', 1: '1.0', 2: '0.0', 3: '1.0', 4: 0.14323485962418694} 
{0: '0.0', 1: '1.0', 2: '0.0', 3: '1.0', 4: 0.17577780727838208} 
{0: '0.0', 1: '1.0', 2: '0.0', 3: '1.0', 4: 2.789823079836859} 
{0: '0.0', 1: '1.0', 2: '0.0', 3: '1.0', 4: 0.29218413535481674} 
{0: '0.0', 1: '1.0', 2: '0.0', 3: '1.0', 4: 0.19379773571840583} 
{0: '0.0', 1: '1.0', 2: '0.0', 3: '1.0', 4: 0.16912133718095845} 
{0: '0.0', 1: '1.0', 2: '0.0', 3: '1.0', 4: 0.6057284977296407} 
{0: '0.0', 1: '1.0', 2: '0.0', 3: '1.0', 4: 1.2927753242368203} 
{0: '0.0', 1: '1.0', 2: '0.0', 3: '1.0', 4: 0.8113751573607406} 
{0: '0.0', 1: '1.0', 2: '0.0', 3: '1.0', 4: 0.7514972466368262} 
{0: '0.0', 1: '1.0', 2: '0.0', 3: '1.0', 4: 0.7589122768217459} 
{0: '0.0', 1: '1.0', 2: '0.0', 3: '1.0', 4: 0.823097749565346} 
{0: '0.0', 1: '1.0', 2: '0.0', 3: '1.0', 4: 0.029759902964041313} 
{0: '0.0', 1: '1.0', 2: '0.0', 3: '1.0', 4: 0.7027023265736254} 
{0: '0.0', 1: '1.0', 2: '0.0', 3: '1.0', 4: 0.8159556441071912} 
{0: '0.0', 1: '1.0', 2: '0.0', 3: '1.0', 4: 0.027997912048450015} 
{0: '0.0', 1: '1.0', 2: '0.0', 3: '1.0', 4: 0.08952188813133558} 
{0: '0.0', 1: '1.0', 2: '0.0', 3: '1.0', 4: 0.364361536268288} 
{0: '0.0', 1: '1.0', 2: '0.0', 3: '1.0', 4: 1.2572000561573389} 
{0: '0.0', 1: '1.0', 2: '0.0', 3: '1.0', 4: 0.03759259155974046} 
{0: '0.0', 1: '1.0', 2: '0.0', 3: '1.0', 4: 0.1910731842326529} 
{0: '0.0', 1: '1.0', 2: '0.0', 3: '1.0', 4: 0.40209822092854103} 
{0: '0.0', 1: '1.0', 2: '0.0', 3: '1.0', 4: 0.047103661476900316} 
{0: '0.0', 1: '1.0', 2: '0.0', 3: '1.0', 4: 0.6505124429696287} 
{0: '0.0', 1: '1.0', 2: '0.0', 3: '1.0', 4: 0.12028991549113385} 
{0: '0.0', 1: '1.0', 2: '0.0', 3: '1.0', 4: 0.02234924913053349} 
{0: '0.0', 1: '1.0', 2: '0.0', 3: '1.0', 4: 0.3415872640110764} 
{0: '0.0', 1: '1.0', 2: '0.0', 3: '1.0', 4: 1.6660150277357206} 
{0: '0.0', 1: '1.0', 2: '0.0', 3: '1.0', 4: 0.12304232165610524} 
{0: '0.0', 1: '1.0', 2: '0.0', 3: '1.0', 4: 0.062182036212305385} 
{0: '0.0', 1: '1.0', 2: '0.0', 3: '1.0', 4: 7.232293751164288e-06} 
{0: '0.0', 1: '1.0', 2: '0.0', 3: '1.0', 4: 0.0026584296863110925} 
{0: '0.0', 1: '1.0', 2: '0.0', 3: '1.0', 4: 0.3248039847054775} 
{0: '0.0', 1: '1.0', 2: '0.0', 3: '1.0', 4: 1.278312323643304} 
{0: '0.0', 1: '1.0', 2: '0.0', 3: '1.0', 4: 0.08211285387313072} 
{0: '0.0', 1: '1.0', 2: '0.0', 3: '1.0', 4: 2.0518593464139014} 
{0: '0.0', 1: '1.0', 2: '0.0', 3: '1.0', 4: 0.4509615008044715} 
{0: '0.0', 1: '1.0', 2: '0.0', 3: '1.0', 4: 0.19719042481637353} 
{0: '0.0', 1: '1.0', 2: '0.0', 3: '1.0', 4: 1.1658590696924576} 
{0: '0.0', 1: '1.0', 2: '0.0', 3: '1.0', 4: 0.4254674063587005} 
{0: '0.0', 1: '1.0', 2: '0.0', 3: '1.0', 4: 0.532726839039197} 
{0: '0.0', 1: '1.0', 2: '0.0', 3: '1.0', 4: 1.7247143963233393} 
{0: '0.0', 1: '1.0', 2: '0.0', 3: '1.0', 4: 0.0756487490217801} 
{0: '0.0', 1: '1.0', 2: '0.0', 3: '1.0', 4: 0.008669943282784082} 
{0: '0.0', 1: '1.0', 2: '0.0', 3: '1.0', 4: 0.2755601743035446} 
{0: '0.0', 1: '1.0', 2: '0.0', 3: '1.0', 4: 0.8903226562896559} 
{0: '0.0', 1: '1.0', 2: '0.0', 3: '1.0', 4: 1.5071472428348196} 
{0: '0.0', 1: '1.0', 2: '0.0', 3: '1.0', 4: 1.2338168402075251} 
{0: '0.0', 1: '1.0', 2: '0.0', 3: '1.0', 4: 0.009126357612646277} 
{0: '0.0', 1: '1.0', 2: '0.0', 3: '1.0', 4: 1.4044989215123316} 
{0: '0.0', 1: '1.0', 2: '0.0', 3: '1.0', 4: 0.8784434967146056} 
{0: '0.0', 1: '1.0', 2: '0.0', 3: '1.0', 4: 0.06590516979638573} 
{0: '0.0', 1: '1.0', 2: '0.0', 3: '1.0', 4: 0.9373318462601886} 
{0: '0.0', 1: '1.0', 2: '0.0', 3: '1.0', 4: 0.5958363744098772} 
{0: '0.0', 1: '1.0', 2: '0.0', 3: '1.0', 4: 0.7733222656729898} 
{0: '0.0', 1: '1.0', 2: '0.0', 3: '1.0', 4: 1.6771843105242} 
{0: '0.0', 1: '1.0', 2: '0.0', 3: '1.0', 4: 0.027822172667767278} 
{0: '0.0', 1: '1.0', 2: '0.0', 3: '1.0', 4: 0.43031056109332844} 
{0: '0.0', 1: '1.0', 2: '0.0', 3: '1.0', 4: 1.0420058716579497} 
{0: '0.0', 1: '1.0', 2: '0.0', 3: '1.0', 4: 0.13142272886587927} 
{0: '0.0', 1: '1.0', 2: '0.0', 3: '1.0', 4: 1.8786061703073316} 
{0: '0.0', 1: '1.0', 2: '0.0', 3: '1.0', 4: 0.47017489591635586} 
{0: '0.0', 1: '1.0', 2: '0.0', 3: '1.0', 4: 0.013890893947883957} 
{0: '0.0', 1: '1.0', 2: '0.0', 3: '1.0', 4: 0.013257829336265091} 
{0: '0.0', 1: '1.0', 2: '0.0', 3: '1.0', 4: 0.8745814263476243} 
{0: '0.0', 1: '1.0', 2: '0.0', 3: '1.0', 4: 0.3185671875009426} 
{0: '0.0', 1: '1.0', 2: '0.0', 3: '1.0', 4: 0.08991805133501193} 
{0: '0.0', 1: '1.0', 2: '0.0', 3: '1.0', 4: 5.246213529853352e-05} 
{0: '0.0', 1: '1.0', 2: '0.0', 3: '1.0', 4: 0.04924610905474644} 
{0: '0.0', 1: '1.0', 2: '0.0', 3: '1.0', 4: 1.3825483890505998} 
{0: '0.0', 1: '1.0', 2: '0.0', 3: '1.0', 4: 1.172005801938958} 
{0: '0.0', 1: '1.0', 2: '0.0', 3: '1.0', 4: 0.5027017468995303} 
{0: '0.0', 1: '1.0', 2: '0.0', 3: '1.0', 4: 0.0808023369618568} 
{0: '0.0', 1: '1.0', 2: '0.0', 3: '1.0', 4: 0.28925957603443353} 
{0: '0.0', 1: '1.0', 2: '0.0', 3: '1.0', 4: 0.1605208579118834} 
{0: '0.0', 1: '1.0', 2: '0.0', 3: '1.0', 4: 0.12558869575634934} 
{0: '0.0', 1: '1.0', 2: '0.0', 3: '1.0', 4: 0.00015583779589006734} 
{0: '0.0', 1: '1.0', 2: '0.0', 3: '1.0', 4: 0.23653008427197855} 
{0: '0.0', 1: '1.0', 2: '0.0', 3: '1.0', 4: 0.27800729440798927} 
{0: '0.0', 1: '1.0', 2: '0.0', 3: '1.0', 4: 0.4591134346933258} 
{0: '0.0', 1: '1.0', 2: '0.0', 3: '1.0', 4: 0.0013914957949601005} 
{0: '0.0', 1: '1.0', 2: '0.0', 3: '1.0', 4: 0.054611125978717714} 
{0: '0.0', 1: '1.0', 2: '0.0', 3: '1.0', 4: 0.01679693665298711} 
{0: '0.0', 1: '1.0', 2: '0.0', 3: '1.0', 4: 2.720831619512893} 
{0: '0.0', 1: '1.0', 2: '0.0', 3: '1.0', 4: 0.103396627113833} 
{0: '0.0', 1: '1.0', 2: '0.0', 3: '1.0', 4: 0.7963083184759495} 
{0: '0.0', 1: '1.0', 2: '0.0', 3: '1.0', 4: 0.025776284065035397} 
{0: '0.0', 1: '1.0', 2: '0.0', 3: '1.0', 4: 0.15823581305552248} 
{0: '0.0', 1: '1.0', 2: '0.0', 3: '1.0', 4: 0.28961143098093767} 
{0: '0.0', 1: '1.0', 2: '0.0', 3: '1.0', 4: 0.11299889197801635} 
{0: '0.0', 1: '1.0', 2: '0.0', 3: '1.0', 4: 0.2894610031926553} 
{0: '0.0', 1: '1.0', 2: '0.0', 3: '1.0', 4: 0.877203995451495} 
{0: '0.0', 1: '1.0', 2: '0.0', 3: '1.0', 4: 0.0028200039537266703} 
{0: '0.0', 1: '1.0', 2: '0.0', 3: '1.0', 4: 0.22403757898495313} 
{0: '0.0', 1: '1.0', 2: '0.0', 3: '1.0', 4: 0.003113717135212629} 
{0: '0.0', 1: '1.0', 2: '0.0', 3: '1.0', 4: 0.009685226600427699} 
{0: '0.0', 1: '1.0', 2: '0.0', 3: '1.0', 4: 0.005621578408876005} 
{0: '0.0', 1: '1.0', 2: '0.0', 3: '1.0', 4: 0.4722480050648738} 
{0: '0.0', 1: '1.0', 2: '0.0', 3: '1.0', 4: 1.6515952910801914} 
{0: '0.0', 1: '1.0', 2: '0.0', 3: '1.0', 4: 0.010449691839840044} 
{0: '0.0', 1: '1.0', 2: '0.0', 3: '1.0', 4: 0.5641236296786393} 
{0: '0.0', 1: '1.0', 2: '0.0', 3: '1.0', 4: 1.356009053137396} 
{0: '0.0', 1: '1.0', 2: '0.0', 3: '1.0', 4: 0.9600768725323184} 
{0: '0.0', 1: '1.0', 2: '0.0', 3: '1.0', 4: 0.2893133043115666} 
{0: '0.0', 1: '1.0', 2: '0.0', 3: '1.0', 4: 0.18468896302805948} 
{0: '0.0', 1: '1.0', 2: '0.0', 3: '1.0', 4: 0.8538349019633182} 
{0: '0.0', 1: '1.0', 2: '0.0', 3: '1.0', 4: 0.04804651396207499} 
{0: '0.0', 1: '1.0', 2: '0.0', 3: '1.0', 4: 0.04462150861659244} 
{0: '0.0', 1: '1.0', 2: '0.0', 3: '1.0', 4: 0.31504988425737906} 
{0: '0.0', 1: '1.0', 2: '0.0', 3: '1.0', 4: 0.007917210004960006} 
{0: '0.0', 1: '1.0', 2: '0.0', 3: '1.0', 4: 0.40752714940078916} 
{0: '0.0', 1: '1.0', 2: '0.0', 3: '1.0', 4: 0.08338574629334616} 
{0: '0.0', 1: '1.0', 2: '0.0', 3: '1.0', 4: 0.07443729764459178} 
{0: '0.0', 1: '1.0', 2: '0.0', 3: '1.0', 4: 0.0057614720608734045} 
{0: '0.0', 1: '1.0', 2: '0.0', 3: '1.0', 4: 1.85168642105418} 
{0: '0.0', 1: '1.0', 2: '0.0', 3: '1.0', 4: 1.278725288461836} 
{0: '0.0', 1: '1.0', 2: '0.0', 3: '1.0', 4: 0.055714042336154145} 
{0: '0.0', 1: '1.0', 2: '0.0', 3: '1.0', 4: 0.3441125989331835} 
{0: '0.0', 1: '1.0', 2: '0.0', 3: '1.0', 4: 0.05513392184628735} 
{0: '0.0', 1: '1.0', 2: '0.0', 3: '1.0', 4: 0.1109481703391336} 
{0: '0.0', 1: '1.0', 2: '0.0', 3: '1.0', 4: 0.009677015209442278} 
{0: '0.0', 1: '1.0', 2: '0.0', 3: '1.0', 4: 0.022244450738380706} 
{0: '0.0', 1: '1.0', 2: '0.0', 3: '1.0', 4: 0.6776549434028246} 
{0: '0.0', 1: '1.0', 2: '0.0', 3: '1.0', 4: 0.519840216866489} 
{0: '0.0', 1: '1.0', 2: '0.0', 3: '1.0', 4: 0.03700038518849233} 
{0: '0.0', 1: '1.0', 2: '0.0', 3: '1.0', 4: 0.2397807943109221} 
{0: '0.0', 1: '1.0', 2: '0.0', 3: '1.0', 4: 0.005404678028417072} 
{0: '0.0', 1: '1.0', 2: '0.0', 3: '1.0', 4: 0.4491017191594309} 
{0: '0.0', 1: '1.0', 2: '0.0', 3: '1.0', 4: 0.06777037380134689} 
{0: '0.0', 1: '1.0', 2: '0.0', 3: '1.0', 4: 0.07244707410743939} 
{0: '0.0', 1: '1.0', 2: '0.0', 3: '1.0', 4: 0.6894017745373052} 
{0: '0.0', 1: '1.0', 2: '0.0', 3: '1.0', 4: 0.20185806527040115} 
{0: '0.0', 1: '1.0', 2: '0.0', 3: '1.0', 4: 0.009146213267998365} 
{0: '0.0', 1: '1.0', 2: '0.0', 3: '1.0', 4: 0.7394188935474392} 
{0: '0.0', 1: '1.0', 2: '0.0', 3: '1.0', 4: 0.0013905774578750222} 
{0: '0.0', 1: '1.0', 2: '0.0', 3: '1.0', 4: 1.0421932611413012} 
{0: '0.0', 1: '1.0', 2: '0.0', 3: '1.0', 4: 0.2493373675752823} 
{0: '0.0', 1: '1.0', 2: '0.0', 3: '1.0', 4: 0.15938661350654806} 
{0: '0.0', 1: '1.0', 2: '0.0', 3: '1.0', 4: 2.4344737407842167} 
{0: '0.0', 1: '1.0', 2: '0.0', 3: '1.0', 4: 1.4048762792517342} 
{0: '0.0', 1: '1.0', 2: '0.0', 3: '1.0', 4: 1.0513517961155683} 
{0: '0.0', 1: '1.0', 2: '0.0', 3: '1.0', 4: 0.15615996061744478} 
{0: '0.0', 1: '1.0', 2: '0.0', 3: '1.0', 4: 0.5921225297721728} 
{0: '0.0', 1: '1.0', 2: '0.0', 3: '1.0', 4: 0.02544714507102937} 
{0: '0.0', 1: '1.0', 2: '0.0', 3: '1.0', 4: 0.0419843867745099} 
{0: '0.0', 1: '1.0', 2: '0.0', 3: '1.0', 4: 0.011728363344037877} 
{0: '0.0', 1: '1.0', 2: '0.0', 3: '1.0', 4: 0.2788980711634691} 
{0: '0.0', 1: '1.0', 2: '0.0', 3: '1.0', 4: 0.5393365275138391} 
{0: '0.0', 1: '1.0', 2: '0.0', 3: '1.0', 4: 0.010527595826725546} 
{0: '0.0', 1: '1.0', 2: '0.0', 3: '1.0', 4: 0.026459157976779727} 
{0: '0.0', 1: '1.0', 2: '0.0', 3: '1.0', 4: 0.026354052833839636} 
{0: '0.0', 1: '1.0', 2: '0.0', 3: '1.0', 4: 0.02517828818453422} 
{0: '0.0', 1: '1.0', 2: '0.0', 3: '1.0', 4: 0.5037334494464162} 
{0: '0.0', 1: '1.0', 2: '0.0', 3: '1.0', 4: 1.0529111793962067} 
{0: '0.0', 1: '1.0', 2: '0.0', 3: '1.0', 4: 1.052086290090508} 
{0: '0.0', 1: '1.0', 2: '0.0', 3: '1.0', 4: 0.016307426693823235} 
{0: '0.0', 1: '1.0', 2: '0.0', 3: '1.0', 4: 0.7636260130814093} 
{0: '0.0', 1: '1.0', 2: '0.0', 3: '1.0', 4: 0.12736969605465598} 
{0: '0.0', 1: '1.0', 2: '0.0', 3: '1.0', 4: 0.2964418250262063} 
{0: '0.0', 1: '1.0', 2: '0.0', 3: '1.0', 4: 1.7998372980377035} 
{0: '0.0', 1: '1.0', 2: '0.0', 3: '1.0', 4: 0.3089725121489762} 
{0: '0.0', 1: '1.0', 2: '0.0', 3: '1.0', 4: 2.2818858608335724} 
{0: '0.0', 1: '1.0', 2: '0.0', 3: '1.0', 4: 1.015748013524951} 
{0: '0.0', 1: '1.0', 2: '0.0', 3: '1.0', 4: 0.658727155361829} 
{0: '0.0', 1: '1.0', 2: '0.0', 3: '1.0', 4: 0.023649172682911692} 
{0: '0.0', 1: '1.0', 2: '0.0', 3: '1.0', 4: 0.270772058309648} 
{0: '0.0', 1: '1.0', 2: '0.0', 3: '1.0', 4: 1.2624173164565553} 
{0: '0.0', 1: '1.0', 2: '0.0', 3: '1.0', 4: 0.0564955803478183} 
{0: '0.0', 1: '1.0', 2: '0.0', 3: '1.0', 4: 0.002546223722083924} 
{0: '0.0', 1: '1.0', 2: '0.0', 3: '1.0', 4: 0.006451040775013268} 
{0: '0.0', 1: '1.0', 2: '0.0', 3: '1.0', 4: 0.4215615106350564} 
{0: '0.0', 1: '1.0', 2: '0.0', 3: '1.0', 4: 0.3559978040429206} 
{0: '0.0', 1: '1.0', 2: '0.0', 3: '1.0', 4: 1.5958543310875908} 
{0: '0.0', 1: '1.0', 2: '0.0', 3: '1.0', 4: 0.522622272821347} 
{0: '0.0', 1: '1.0', 2: '0.0', 3: '1.0', 4: 0.47432324661421094} 
{0: '0.0', 1: '1.0', 2: '0.0', 3: '1.0', 4: 0.466903582159727} 
{0: '0.0', 1: '1.0', 2: '0.0', 3: '1.0', 4: 0.6178101863533069} 
{0: '0.0', 1: '1.0', 2: '0.0', 3: '1.0', 4: 0.9843761385946104} 
{0: '0.0', 1: '1.0', 2: '0.0', 3: '1.0', 4: 0.05365857473017413} 
{0: '0.0', 1: '1.0', 2: '0.0', 3: '1.0', 4: 0.0014235921134949149} 
{0: '0.0', 1: '1.0', 2: '0.0', 3: '1.0', 4: 0.35764234514170273} 
{0: '0.0', 1: '1.0', 2: '0.0', 3: '1.0', 4: 0.011348318906233513} 
{0: '0.0', 1: '1.0', 2: '0.0', 3: '1.0', 4: 0.10968685729015733} 
{0: '0.0', 1: '1.0', 2: '0.0', 3: '1.0', 4: 2.0784307957696715} 
{0: '0.0', 1: '1.0', 2: '0.0', 3: '1.0', 4: 0.271720238508976} 
{0: '0.0', 1: '1.0', 2: '0.0', 3: '1.0', 4: 3.0593264707751806} 
{0: '0.0', 1: '1.0', 2: '0.0', 3: '1.0', 4: 0.29584373052133833} 
{0: '0.0', 1: '1.0', 2: '0.0', 3: '1.0', 4: 0.8868780426475801} 
{0: '0.0', 1: '1.0', 2: '0.0', 3: '1.0', 4: 0.6781955351458231} 
{0: '0.0', 1: '1.0', 2: '0.0', 3: '1.0', 4: 2.1310519767402796} 
{0: '0.0', 1: '1.0', 2: '0.0', 3: '1.0', 4: 0.22279675700843898} 
{0: '0.0', 1: '1.0', 2: '0.0', 3: '1.0', 4: 0.628894001731763} 
{0: '0.0', 1: '1.0', 2: '0.0', 3: '1.0', 4: 0.03986632910194577} 
{0: '0.0', 1: '1.0', 2: '0.0', 3: '1.0', 4: 0.01580656571548362} 
{0: '0.0', 1: '1.0', 2: '0.0', 3: '1.0', 4: 0.22705480744024106} 
{0: '0.0', 1: '1.0', 2: '0.0', 3: '1.0', 4: 0.08001084949556542} 
{0: '0.0', 1: '1.0', 2: '0.0', 3: '1.0', 4: 0.01247630954502602} 
{0: '0.0', 1: '1.0', 2: '0.0', 3: '1.0', 4: 0.13037985695706553} 
{0: '0.0', 1: '1.0', 2: '0.0', 3: '1.0', 4: 0.23262909840212548} 
{0: '0.0', 1: '1.0', 2: '0.0', 3: '1.0', 4: 0.15458535175748586} 
{0: '0.0', 1: '1.0', 2: '0.0', 3: '1.0', 4: 0.9010640006621549} 
{0: '0.0', 1: '1.0', 2: '0.0', 3: '1.0', 4: 0.1387427316607384} 
{0: '0.0', 1: '1.0', 2: '0.0', 3: '1.0', 4: 0.013206131341692436} 
{0: '0.0', 1: '1.0', 2: '0.0', 3: '1.0', 4: 0.04867518238669586} 
{0: '0.0', 1: '1.0', 2: '0.0', 3: '1.0', 4: 0.07388992557511685} 
{0: '0.0', 1: '1.0', 2: '0.0', 3: '1.0', 4: 0.005258873583011475} 
{0: '0.0', 1: '1.0', 2: '0.0', 3: '1.0', 4: 0.08228375180234339} 
{0: '0.0', 1: '1.0', 2: '0.0', 3: '1.0', 4: 0.21870530204164226} 
{0: '0.0', 1: '1.0', 2: '0.0', 3: '1.0', 4: 0.06326557214082745} 
{0: '0.0', 1: '1.0', 2: '0.0', 3: '1.0', 4: 0.001705192737469855} 
{0: '0.0', 1: '1.0', 2: '0.0', 3: '1.0', 4: 0.29336794711339786} 
{0: '0.0', 1: '1.0', 2: '0.0', 3: '1.0', 4: 1.2383524819326694} 
{0: '0.0', 1: '1.0', 2: '0.0', 3: '1.0', 4: 1.0740482780238358} 
{0: '0.0', 1: '1.0', 2: '0.0', 3: '1.0', 4: 9.062501959190225e-05} 
{0: '0.0', 1: '1.0', 2: '0.0', 3: '1.0', 4: 0.04325870968302201} 
{0: '0.0', 1: '1.0', 2: '0.0', 3: '1.0', 4: 0.18182262391459925} 
{0: '0.0', 1: '1.0', 2: '0.0', 3: '1.0', 4: 0.23452060040961842} 
{0: '0.0', 1: '1.0', 2: '0.0', 3: '1.0', 4: 0.7962281535983797} 
{0: '0.0', 1: '1.0', 2: '0.0', 3: '1.0', 4: 1.6606554445691306} 
{0: '0.0', 1: '1.0', 2: '0.0', 3: '1.0', 4: 1.2210898327053639} 
{0: '0.0', 1: '1.0', 2: '0.0', 3: '1.0', 4: 0.8891827038303273} 
{0: '0.0', 1: '1.0', 2: '0.0', 3: '1.0', 4: 1.2280568304201205} 
{0: '0.0', 1: '1.0', 2: '0.0', 3: '1.0', 4: 0.023948833994598056} 
{0: '0.0', 1: '1.0', 2: '0.0', 3: '1.0', 4: 0.04504430212165016} 
{0: '0.0', 1: '1.0', 2: '0.0', 3: '1.0', 4: 0.022830396986288772} 
{0: '0.0', 1: '1.0', 2: '0.0', 3: '1.0', 4: 2.8209049185264345} 
{0: '0.0', 1: '1.0', 2: '0.0', 3: '1.0', 4: 1.4729376114868404} 
{0: '0.0', 1: '1.0', 2: '0.0', 3: '1.0', 4: 0.3448121980317083} 
{0: '0.0', 1: '1.0', 2: '0.0', 3: '1.0', 4: 0.06597841041075865} 
{0: '0.0', 1: '1.0', 2: '0.0', 3: '1.0', 4: 0.020162781597277166} 
{0: '0.0', 1: '1.0', 2: '0.0', 3: '1.0', 4: 0.20343276695294749} 
{0: '0.0', 1: '1.0', 2: '0.0', 3: '1.0', 4: 0.35645384060034885} 
{0: '0.0', 1: '1.0', 2: '0.0', 3: '1.0', 4: 0.4130692652128105} 
{0: '0.0', 1: '1.0', 2: '0.0', 3: '1.0', 4: 0.2786990837803398} 
{0: '0.0', 1: '1.0', 2: '0.0', 3: '1.0', 4: 0.4916323963392835} 
{0: '0.0', 1: '1.0', 2: '0.0', 3: '1.0', 4: 0.7770086600992033} 
{0: '0.0', 1: '1.0', 2: '0.0', 3: '1.0', 4: 0.10602720715724845} 
{0: '0.0', 1: '1.0', 2: '0.0', 3: '1.0', 4: 0.0010432024312283727} 
{0: '0.0', 1: '1.0', 2: '0.0', 3: '1.0', 4: 0.4228200412462729} 
{0: '0.0', 1: '1.0', 2: '0.0', 3: '1.0', 4: 0.8337694990963489} 
{0: '0.0', 1: '1.0', 2: '0.0', 3: '1.0', 4: 0.7214357507201709} 
{0: '0.0', 1: '1.0', 2: '0.0', 3: '1.0', 4: 0.01753381733158154} 
{0: '0.0', 1: '1.0', 2: '0.0', 3: '1.0', 4: 0.05473172910177804} 
{0: '0.0', 1: '1.0', 2: '0.0', 3: '1.0', 4: 0.9302369875392612} 
{0: '0.0', 1: '1.0', 2: '0.0', 3: '1.0', 4: 1.5773243148852587} 
{0: '0.0', 1: '1.0', 2: '0.0', 3: '1.0', 4: 0.18951177471991626} 
{0: '0.0', 1: '1.0', 2: '0.0', 3: '1.0', 4: 0.34036503640526933} 
{0: '0.0', 1: '1.0', 2: '0.0', 3: '1.0', 4: 0.007166380197307835} 
{0: '0.0', 1: '1.0', 2: '0.0', 3: '1.0', 4: 0.18077866959689848} 
{0: '0.0', 1: '1.0', 2: '0.0', 3: '1.0', 4: 0.003376340009896868} 
{0: '0.0', 1: '1.0', 2: '0.0', 3: '1.0', 4: 0.040652168326392076} 
{0: '0.0', 1: '1.0', 2: '0.0', 3: '1.0', 4: 0.0164811131619564} 
{0: '0.0', 1: '1.0', 2: '0.0', 3: '1.0', 4: 1.9314738777373583} 
{0: '0.0', 1: '1.0', 2: '0.0', 3: '1.0', 4: 0.47869516821326175} 
{0: '0.0', 1: '1.0', 2: '0.0', 3: '1.0', 4: 0.07905387119781161} 
{0: '0.0', 1: '1.0', 2: '0.0', 3: '1.0', 4: 0.3273754334324971} 
{0: '0.0', 1: '1.0', 2: '0.0', 3: '1.0', 4: 0.2709969795165057} 
{0: '0.0', 1: '1.0', 2: '0.0', 3: '1.0', 4: 0.1612393870504704} 
{0: '0.0', 1: '1.0', 2: '0.0', 3: '1.0', 4: 0.1349150632986581} 
{0: '0.0', 1: '1.0', 2: '0.0', 3: '1.0', 4: 0.21901678736128863} 
{0: '0.0', 1: '1.0', 2: '0.0', 3: '1.0', 4: 1.2151324137118533} 
{0: '0.0', 1: '1.0', 2: '0.0', 3: '1.0', 4: 0.9026239405790493} 
{0: '0.0', 1: '1.0', 2: '0.0', 3: '1.0', 4: 0.18634830067054792} 
{0: '0.0', 1: '1.0', 2: '0.0', 3: '1.0', 4: 0.14320138186882897} 
{0: '0.0', 1: '1.0', 2: '0.0', 3: '1.0', 4: 0.3907677513554607} 
{0: '0.0', 1: '1.0', 2: '0.0', 3: '1.0', 4: 1.1347090090994223} 
{0: '0.0', 1: '1.0', 2: '0.0', 3: '1.0', 4: 0.08735335826980814} 
{0: '0.0', 1: '1.0', 2: '0.0', 3: '1.0', 4: 0.16570062331119495} 
{0: '0.0', 1: '1.0', 2: '0.0', 3: '1.0', 4: 0.000990914647063164} 
{0: '0.0', 1: '1.0', 2: '0.0', 3: '1.0', 4: 0.7910890202042683} 
{0: '0.0', 1: '1.0', 2: '0.0', 3: '1.0', 4: 0.23938003133399044} 
{0: '0.0', 1: '1.0', 2: '0.0', 3: '1.0', 4: 0.004157798375705684} 
{0: '0.0', 1: '1.0', 2: '0.0', 3: '1.0', 4: 0.2470614732871648} 
{0: '0.0', 1: '1.0', 2: '0.0', 3: '1.0', 4: 0.01626516294713724} 
{0: '0.0', 1: '1.0', 2: '0.0', 3: '1.0', 4: 0.1888006957852701} 
{0: '0.0', 1: '1.0', 2: '0.0', 3: '1.0', 4: 0.18423231400446535} 
{0: '0.0', 1: '1.0', 2: '0.0', 3: '1.0', 4: 0.9987019875740726} 
{0: '0.0', 1: '1.0', 2: '0.0', 3: '1.0', 4: 0.3172830044521239} 
{0: '0.0', 1: '1.0', 2: '0.0', 3: '1.0', 4: 0.0684533863649299} 
{0: '0.0', 1: '1.0', 2: '0.0', 3: '1.0', 4: 0.4822059301721852} 
{0: '0.0', 1: '1.0', 2: '0.0', 3: '1.0', 4: 0.00989672470448582} 
{0: '0.0', 1: '1.0', 2: '0.0', 3: '1.0', 4: 0.3345131447490149} 
{0: '0.0', 1: '1.0', 2: '0.0', 3: '1.0', 4: 0.014739278281260516} 
{0: '0.0', 1: '1.0', 2: '0.0', 3: '1.0', 4: 0.10650790971926931} 
{0: '0.0', 1: '1.0', 2: '0.0', 3: '1.0', 4: 0.02482120980008931} 
{0: '0.0', 1: '1.0', 2: '0.0', 3: '1.0', 4: 0.2589139411901278} 
{0: '0.0', 1: '1.0', 2: '0.0', 3: '1.0', 4: 0.13747756232849917} 
{0: '0.0', 1: '1.0', 2: '0.0', 3: '1.0', 4: 0.08919371145965684} 
{0: '0.0', 1: '1.0', 2: '0.0', 3: '1.0', 4: 0.001183812995875278} 
{0: '0.0', 1: '1.0', 2: '0.0', 3: '1.0', 4: 0.07242785535526573} 
{0: '0.0', 1: '1.0', 2: '0.0', 3: '1.0', 4: 0.09078447480762558} 
{0: '0.0', 1: '1.0', 2: '0.0', 3: '1.0', 4: 1.8026312335028976} 
{0: '0.0', 1: '1.0', 2: '0.0', 3: '1.0', 4: 0.21061707190530266} 
{0: '0.0', 1: '1.0', 2: '0.0', 3: '1.0', 4: 0.406076744106983} 
{0: '0.0', 1: '1.0', 2: '0.0', 3: '1.0', 4: 0.5209009423929793} 
{0: '0.0', 1: '1.0', 2: '0.0', 3: '1.0', 4: 0.11861174181041385} 
{0: '0.0', 1: '1.0', 2: '0.0', 3: '1.0', 4: 0.24381391103666591} 
{0: '0.0', 1: '1.0', 2: '0.0', 3: '1.0', 4: 0.002037006517574111} 
{0: '0.0', 1: '1.0', 2: '0.0', 3: '1.0', 4: 0.011460950511008273} 
{0: '0.0', 1: '1.0', 2: '0.0', 3: '1.0', 4: 0.05159248916933345} 
{0: '0.0', 1: '1.0', 2: '0.0', 3: '1.0', 4: 0.08849921520024752} 
{0: '0.0', 1: '1.0', 2: '0.0', 3: '1.0', 4: 0.29841866712910947} 
{0: '0.0', 1: '1.0', 2: '0.0', 3: '1.0', 4: 0.439705703853702} 
{0: '0.0', 1: '1.0', 2: '0.0', 3: '1.0', 4: 0.01578364846543725} 
{0: '0.0', 1: '1.0', 2: '0.0', 3: '1.0', 4: 1.2309463061251888} 
{0: '0.0', 1: '1.0', 2: '0.0', 3: '1.0', 4: 0.050561177035018126} 
{0: '0.0', 1: '1.0', 2: '0.0', 3: '1.0', 4: 0.34578176798699856} 
{0: '0.0', 1: '1.0', 2: '0.0', 3: '1.0', 4: 0.10121395260992103} 
{0: '0.0', 1: '1.0', 2: '0.0', 3: '1.0', 4: 0.7904817201864256} 
{0: '0.0', 1: '1.0', 2: '0.0', 3: '1.0', 4: 0.000870747345753904} 
{0: '0.0', 1: '1.0', 2: '0.0', 3: '1.0', 4: 0.04211955192526989} 
{0: '0.0', 1: '1.0', 2: '0.0', 3: '1.0', 4: 0.8864237274102783} 
{0: '0.0', 1: '1.0', 2: '0.0', 3: '1.0', 4: 0.12881111273316392} 
{0: '0.0', 1: '1.0', 2: '0.0', 3: '1.0', 4: 0.9203390395120068} 
{0: '0.0', 1: '1.0', 2: '0.0', 3: '1.0', 4: 0.060318616430519306} 
{0: '0.0', 1: '1.0', 2: '0.0', 3: '1.0', 4: 0.023649568946636616} 
{0: '0.0', 1: '1.0', 2: '0.0', 3: '1.0', 4: 0.02607314716489014} 
{0: '0.0', 1: '1.0', 2: '0.0', 3: '1.0', 4: 0.31241640102794394} 
{0: '0.0', 1: '1.0', 2: '0.0', 3: '1.0', 4: 0.7672629647235948} 
{0: '0.0', 1: '1.0', 2: '0.0', 3: '1.0', 4: 0.005957378780099964} 
{0: '0.0', 1: '1.0', 2: '0.0', 3: '1.0', 4: 0.00035700379818104464} 
{0: '0.0', 1: '1.0', 2: '0.0', 3: '1.0', 4: 0.28520413754691104} 
{0: '0.0', 1: '1.0', 2: '0.0', 3: '1.0', 4: 0.034602754754206544} 
{0: '0.0', 1: '1.0', 2: '0.0', 3: '1.0', 4: 0.14698826406485332} 
{0: '0.0', 1: '1.0', 2: '0.0', 3: '1.0', 4: 4.244234877038821} 
{0: '0.0', 1: '1.0', 2: '0.0', 3: '1.0', 4: 0.2970470884643556} 
{0: '0.0', 1: '1.0', 2: '0.0', 3: '1.0', 4: 0.181106525746701} 
{0: '0.0', 1: '1.0', 2: '0.0', 3: '1.0', 4: 0.01693883652659782} 
{0: '0.0', 1: '1.0', 2: '0.0', 3: '1.0', 4: 0.1218046600314523} 
{0: '0.0', 1: '1.0', 2: '0.0', 3: '1.0', 4: 0.25927697061550514} 
{0: '0.0', 1: '1.0', 2: '0.0', 3: '1.0', 4: 0.07203821746088157} 
{0: '0.0', 1: '1.0', 2: '0.0', 3: '1.0', 4: 0.028487511943865354} 
{0: '0.0', 1: '1.0', 2: '0.0', 3: '1.0', 4: 0.05286376629759395} 
{0: '0.0', 1: '1.0', 2: '0.0', 3: '1.0', 4: 0.01872833851404641} 
{0: '0.0', 1: '1.0', 2: '0.0', 3: '1.0', 4: 0.05605219851210216} 
{0: '0.0', 1: '1.0', 2: '0.0', 3: '1.0', 4: 0.07641404216576714} 
{0: '0.0', 1: '1.0', 2: '0.0', 3: '1.0', 4: 0.13065345706534096} 
{0: '0.0', 1: '1.0', 2: '0.0', 3: '1.0', 4: 0.07003549846150531} 
{0: '0.0', 1: '1.0', 2: '0.0', 3: '1.0', 4: 1.244178926499179} 
{0: '0.0', 1: '1.0', 2: '0.0', 3: '1.0', 4: 4.638785902945114} 
{0: '0.0', 1: '1.0', 2: '0.0', 3: '1.0', 4: 0.39831940697303264} 
{0: '0.0', 1: '1.0', 2: '0.0', 3: '1.0', 4: 0.004965292701605998} 
{0: '0.0', 1: '1.0', 2: '0.0', 3: '1.0', 4: 0.3403911949844393} 
{0: '0.0', 1: '1.0', 2: '0.0', 3: '1.0', 4: 2.0903975752625064} 
{0: '0.0', 1: '1.0', 2: '0.0', 3: '1.0', 4: 0.025894923209670635} 
{0: '0.0', 1: '1.0', 2: '0.0', 3: '1.0', 4: 5.3960556932857245e-05} 
{0: '0.0', 1: '1.0', 2: '0.0', 3: '1.0', 4: 0.6809507533763514} 
{0: '0.0', 1: '1.0', 2: '0.0', 3: '1.0', 4: 1.7925994711570719} 
{0: '0.0', 1: '1.0', 2: '0.0', 3: '1.0', 4: 0.5728925918163285} 
{0: '0.0', 1: '1.0', 2: '0.0', 3: '1.0', 4: 0.024645581417749272} 
{0: '0.0', 1: '1.0', 2: '0.0', 3: '1.0', 4: 2.5395855445539874} 
{0: '0.0', 1: '1.0', 2: '0.0', 3: '1.0', 4: 0.3216967764957158} 
{0: '0.0', 1: '1.0', 2: '0.0', 3: '1.0', 4: 9.019852657026075e-05} 
{0: '0.0', 1: '1.0', 2: '0.0', 3: '1.0', 4: 0.010495491332342628} 
{0: '0.0', 1: '1.0', 2: '0.0', 3: '1.0', 4: 0.40563323356740594} 
{0: '0.0', 1: '1.0', 2: '0.0', 3: '1.0', 4: 0.08746563932881057} 
{0: '0.0', 1: '1.0', 2: '0.0', 3: '1.0', 4: 0.5308892880608482} 
{0: '0.0', 1: '1.0', 2: '0.0', 3: '1.0', 4: 0.5639695709246523} 
{0: '0.0', 1: '1.0', 2: '0.0', 3: '1.0', 4: 0.3983009058920394} 
{0: '0.0', 1: '1.0', 2: '0.0', 3: '1.0', 4: 0.6324647450294089} 
{0: '0.0', 1: '1.0', 2: '0.0', 3: '1.0', 4: 0.5267604166212491} 
{0: '0.0', 1: '1.0', 2: '0.0', 3: '1.0', 4: 0.1666398046673913} 
{0: '0.0', 1: '1.0', 2: '0.0', 3: '1.0', 4: 0.00553589611791734} 
{0: '0.0', 1: '1.0', 2: '0.0', 3: '1.0', 4: 1.0748213673459084} 
{0: '0.0', 1: '1.0', 2: '0.0', 3: '1.0', 4: 0.25884041052650925} 
{0: '0.0', 1: '1.0', 2: '0.0', 3: '1.0', 4: 0.10787675493681997} 
{0: '0.0', 1: '1.0', 2: '0.0', 3: '1.0', 4: 0.6900842706129722} 
{0: '0.0', 1: '1.0', 2: '0.0', 3: '1.0', 4: 0.07911899468782016} 
{0: '0.0', 1: '1.0', 2: '0.0', 3: '1.0', 4: 0.00016908550735988712} 
{0: '0.0', 1: '1.0', 2: '0.0', 3: '1.0', 4: 0.1539257645587521} 
{0: '0.0', 1: '1.0', 2: '0.0', 3: '1.0', 4: 1.2804512830985444} 
{0: '0.0', 1: '1.0', 2: '0.0', 3: '1.0', 4: 1.4559876294996454} 
{0: '0.0', 1: '1.0', 2: '0.0', 3: '1.0', 4: 0.28425694046604794} 
{0: '0.0', 1: '1.0', 2: '0.0', 3: '1.0', 4: 0.1340762369493417} 
{0: '0.0', 1: '1.0', 2: '0.0', 3: '1.0', 4: 0.13985590198312217} 
{0: '0.0', 1: '1.0', 2: '0.0', 3: '1.0', 4: 0.00036936902211323207} 
{0: '0.0', 1: '1.0', 2: '0.0', 3: '1.0', 4: 0.24254226225304487} 
{0: '0.0', 1: '1.0', 2: '0.0', 3: '1.0', 4: 0.012815861494479398} 
{0: '0.0', 1: '1.0', 2: '0.0', 3: '1.0', 4: 1.4167620254741287} 
{0: '0.0', 1: '1.0', 2: '0.0', 3: '1.0', 4: 0.9202646129024964} 
{0: '0.0', 1: '1.0', 2: '0.0', 3: '1.0', 4: 0.0021645603279463427} 
{0: '0.0', 1: '1.0', 2: '0.0', 3: '1.0', 4: 1.3112986618849012} 
{0: '0.0', 1: '1.0', 2: '0.0', 3: '1.0', 4: 5.9362471343281136e-05} 
{0: '0.0', 1: '1.0', 2: '0.0', 3: '1.0', 4: 1.54596198325212} 
{0: '0.0', 1: '1.0', 2: '0.0', 3: '1.0', 4: 0.6391008843619456} 
{0: '0.0', 1: '1.0', 2: '0.0', 3: '1.0', 4: 0.11553158254591134} 
{0: '0.0', 1: '1.0', 2: '0.0', 3: '1.0', 4: 0.011445705346315956} 
{0: '0.0', 1: '1.0', 2: '0.0', 3: '1.0', 4: 0.6554006934958088} 
{0: '0.0', 1: '1.0', 2: '0.0', 3: '1.0', 4: 0.001213932002005981} 
{0: '0.0', 1: '1.0', 2: '0.0', 3: '1.0', 4: 1.1200944614338444} 
{0: '0.0', 1: '1.0', 2: '0.0', 3: '1.0', 4: 0.6111601099297571} 
{0: '0.0', 1: '1.0', 2: '0.0', 3: '1.0', 4: 0.3996573754626905} 
{0: '0.0', 1: '1.0', 2: '0.0', 3: '1.0', 4: 0.12396343722541017} 
{0: '0.0', 1: '1.0', 2: '0.0', 3: '1.0', 4: 0.9928574312580797} 
{0: '0.0', 1: '1.0', 2: '0.0', 3: '1.0', 4: 0.20945551077712718} 
{0: '0.0', 1: '1.0', 2: '0.0', 3: '1.0', 4: 0.12089071357704484} 
{0: '0.0', 1: '1.0', 2: '0.0', 3: '1.0', 4: 0.05386828097863277} 
{0: '0.0', 1: '1.0', 2: '0.0', 3: '1.0', 4: 0.4822135583156077} 
{0: '0.0', 1: '1.0', 2: '0.0', 3: '1.0', 4: 0.18494304983159582} 
{0: '0.0', 1: '1.0', 2: '0.0', 3: '1.0', 4: 0.03974050693120906} 
{0: '0.0', 1: '1.0', 2: '0.0', 3: '1.0', 4: 0.06584570062097052} 
{0: '0.0', 1: '1.0', 2: '0.0', 3: '1.0', 4: 0.39967087095078524} 
{0: '0.0', 1: '1.0', 2: '0.0', 3: '1.0', 4: 0.5427878019464686} 
{0: '0.0', 1: '1.0', 2: '0.0', 3: '1.0', 4: 0.1366180042945539} 
{0: '0.0', 1: '1.0', 2: '0.0', 3: '1.0', 4: 1.368760581788047} 
{0: '0.0', 1: '1.0', 2: '0.0', 3: '1.0', 4: 0.08096163685621674} 
{0: '0.0', 1: '1.0', 2: '0.0', 3: '1.0', 4: 0.026395600955607508} 
{0: '0.0', 1: '1.0', 2: '0.0', 3: '1.0', 4: 0.2641903092093947} 
{0: '0.0', 1: '1.0', 2: '0.0', 3: '1.0', 4: 0.30449863124459103} 
{0: '0.0', 1: '1.0', 2: '0.0', 3: '1.0', 4: 0.09715639368662067} 
{0: '0.0', 1: '1.0', 2: '0.0', 3: '1.0', 4: 0.1689273694765159} 
{0: '0.0', 1: '1.0', 2: '0.0', 3: '1.0', 4: 0.2124808510509751} 
{0: '0.0', 1: '1.0', 2: '0.0', 3: '1.0', 4: 0.41184255506918344} 
{0: '0.0', 1: '1.0', 2: '0.0', 3: '1.0', 4: 1.1165547771426803} 
{0: '0.0', 1: '1.0', 2: '0.0', 3: '1.0', 4: 0.1776182231433327} 
{0: '0.0', 1: '1.0', 2: '0.0', 3: '1.0', 4: 0.0018722161239216285} 
{0: '0.0', 1: '1.0', 2: '0.0', 3: '1.0', 4: 0.14338021269916285} 
{0: '0.0', 1: '1.0', 2: '0.0', 3: '1.0', 4: 0.01901530434730377} 
{0: '0.0', 1: '1.0', 2: '0.0', 3: '1.0', 4: 0.2130961156342921} 
{0: '0.0', 1: '1.0', 2: '0.0', 3: '1.0', 4: 0.4184348994869651} 
{0: '0.0', 1: '1.0', 2: '0.0', 3: '1.0', 4: 0.03156254693895372} 
{0: '0.0', 1: '1.0', 2: '0.0', 3: '1.0', 4: 0.06760066094463672} 
{0: '0.0', 1: '1.0', 2: '0.0', 3: '1.0', 4: 2.0474272741297943} 
{0: '0.0', 1: '1.0', 2: '0.0', 3: '1.0', 4: 0.4320892980763322} 
{0: '0.0', 1: '1.0', 2: '0.0', 3: '1.0', 4: 0.404932349826404} 
{0: '0.0', 1: '1.0', 2: '0.0', 3: '1.0', 4: 0.02980120537211413} 
{0: '0.0', 1: '1.0', 2: '0.0', 3: '1.0', 4: 0.09687136703191801} 
{0: '0.0', 1: '1.0', 2: '0.0', 3: '1.0', 4: 0.7762812107676765} 
{0: '0.0', 1: '1.0', 2: '0.0', 3: '1.0', 4: 0.010560039651001525} 
{0: '0.0', 1: '1.0', 2: '0.0', 3: '1.0', 4: 0.17010320950749214} 
{0: '0.0', 1: '1.0', 2: '0.0', 3: '1.0', 4: 3.9987503306692807} 
{0: '0.0', 1: '1.0', 2: '0.0', 3: '1.0', 4: 0.00970684907966372} 
{0: '0.0', 1: '1.0', 2: '0.0', 3: '1.0', 4: 1.460893304574431} 
{0: '0.0', 1: '1.0', 2: '0.0', 3: '1.0', 4: 1.4491715532856975} 
{0: '0.0', 1: '1.0', 2: '0.0', 3: '1.0', 4: 0.7890255949829881} 
{0: '0.0', 1: '1.0', 2: '0.0', 3: '1.0', 4: 0.16808449135473327} 
{0: '0.0', 1: '1.0', 2: '0.0', 3: '1.0', 4: 0.15122602558457607} 
{0: '0.0', 1: '1.0', 2: '0.0', 3: '1.0', 4: 0.1398527951036283} 
{0: '0.0', 1: '1.0', 2: '0.0', 3: '1.0', 4: 0.4461378504259756} 
{0: '0.0', 1: '1.0', 2: '0.0', 3: '1.0', 4: 0.4512589803551434} 
{0: '0.0', 1: '1.0', 2: '0.0', 3: '1.0', 4: 0.7748210884466636} 
{0: '0.0', 1: '1.0', 2: '0.0', 3: '1.0', 4: 0.3628947112242976} 
{0: '0.0', 1: '1.0', 2: '0.0', 3: '1.0', 4: 0.04292803619477035} 
{0: '0.0', 1: '1.0', 2: '0.0', 3: '1.0', 4: 0.37947536863477693} 
{0: '0.0', 1: '1.0', 2: '0.0', 3: '1.0', 4: 0.757637385893663} 
{0: '0.0', 1: '1.0', 2: '0.0', 3: '1.0', 4: 0.8849841322226838} 
{0: '0.0', 1: '1.0', 2: '0.0', 3: '1.0', 4: 0.015437796696245551} 
{0: '0.0', 1: '1.0', 2: '0.0', 3: '1.0', 4: 0.33224990082864553} 
{0: '0.0', 1: '1.0', 2: '0.0', 3: '1.0', 4: 0.008205991268145888} 
{0: '0.0', 1: '1.0', 2: '0.0', 3: '1.0', 4: 0.5003568424438525} 
{0: '0.0', 1: '1.0', 2: '0.0', 3: '1.0', 4: 0.12654699312375323} 
{0: '0.0', 1: '1.0', 2: '0.0', 3: '1.0', 4: 0.10382142240372272} 
{0: '0.0', 1: '1.0', 2: '0.0', 3: '1.0', 4: 0.005867757918659321} 
{0: '0.0', 1: '1.0', 2: '0.0', 3: '1.0', 4: 0.3859460702538849} 
{0: '0.0', 1: '1.0', 2: '0.0', 3: '1.0', 4: 1.7579960728817128} 
{0: '0.0', 1: '1.0', 2: '0.0', 3: '1.0', 4: 0.8715274094166655} 
{0: '0.0', 1: '1.0', 2: '0.0', 3: '1.0', 4: 1.2693404506893067} 
{0: '0.0', 1: '1.0', 2: '0.0', 3: '1.0', 4: 0.17285403455662005} 
{0: '0.0', 1: '1.0', 2: '0.0', 3: '1.0', 4: 0.08605319829930819} 
{0: '0.0', 1: '1.0', 2: '0.0', 3: '1.0', 4: 0.4991913939381086} 
{0: '0.0', 1: '1.0', 2: '0.0', 3: '1.0', 4: 0.01349647780038259} 
{0: '0.0', 1: '1.0', 2: '0.0', 3: '1.0', 4: 3.413918667240856} 
{0: '0.0', 1: '1.0', 2: '0.0', 3: '1.0', 4: 0.11825808509407566} 
{0: '0.0', 1: '1.0', 2: '0.0', 3: '1.0', 4: 0.894887576385706} 
{0: '0.0', 1: '1.0', 2: '0.0', 3: '1.0', 4: 1.559170821233985} 
{0: '0.0', 1: '1.0', 2: '0.0', 3: '1.0', 4: 0.12217630932508361} 
{0: '0.0', 1: '1.0', 2: '0.0', 3: '1.0', 4: 0.05198960161595098} 
{0: '0.0', 1: '1.0', 2: '0.0', 3: '1.0', 4: 0.0314617539064453} 
{0: '0.0', 1: '1.0', 2: '0.0', 3: '1.0', 4: 0.48490923869029495} 
{0: '0.0', 1: '1.0', 2: '0.0', 3: '1.0', 4: 1.675506343028827} 
{0: '0.0', 1: '1.0', 2: '0.0', 3: '1.0', 4: 0.022679439087912832} 
{0: '0.0', 1: '1.0', 2: '0.0', 3: '1.0', 4: 0.8943728759009573} 
{0: '0.0', 1: '1.0', 2: '0.0', 3: '1.0', 4: 0.4620719161468869} 
{0: '0.0', 1: '1.0', 2: '0.0', 3: '1.0', 4: 0.04073437884145503} 
{0: '0.0', 1: '1.0', 2: '0.0', 3: '1.0', 4: 0.7767308502519807} 
{0: '0.0', 1: '1.0', 2: '0.0', 3: '1.0', 4: 0.44904933462514435} 
{0: '0.0', 1: '1.0', 2: '0.0', 3: '1.0', 4: 0.31790499347179657} 
{0: '0.0', 1: '1.0', 2: '0.0', 3: '1.0', 4: 1.6598838303365961} 
{0: '0.0', 1: '1.0', 2: '0.0', 3: '1.0', 4: 0.020536885713752593} 
{0: '0.0', 1: '1.0', 2: '0.0', 3: '1.0', 4: 0.1763330351898494} 
{0: '0.0', 1: '1.0', 2: '0.0', 3: '1.0', 4: 0.2737758903505885} 
{0: '0.0', 1: '1.0', 2: '0.0', 3: '1.0', 4: 0.10232089036216598} 
{0: '0.0', 1: '1.0', 2: '0.0', 3: '1.0', 4: 0.0026590391983585815} 
{0: '0.0', 1: '1.0', 2: '0.0', 3: '1.0', 4: 0.017227743824617073} 
{0: '0.0', 1: '1.0', 2: '0.0', 3: '1.0', 4: 0.03155386777179938} 
{0: '0.0', 1: '1.0', 2: '0.0', 3: '1.0', 4: 0.4840106200887789} 
{0: '0.0', 1: '1.0', 2: '0.0', 3: '1.0', 4: 0.04471269229001666} 
{0: '0.0', 1: '1.0', 2: '0.0', 3: '1.0', 4: 1.029549657580305} 
{0: '0.0', 1: '1.0', 2: '0.0', 3: '1.0', 4: 0.005685706736803766} 
{0: '0.0', 1: '1.0', 2: '0.0', 3: '1.0', 4: 0.3408083336036303} 
{0: '0.0', 1: '1.0', 2: '0.0', 3: '1.0', 4: 0.0832422380643649} 
{0: '0.0', 1: '1.0', 2: '0.0', 3: '1.0', 4: 0.02814907158923792} 
{0: '0.0', 1: '1.0', 2: '0.0', 3: '1.0', 4: 1.5864634755343154} 
{0: '0.0', 1: '1.0', 2: '0.0', 3: '1.0', 4: 0.00019054993447327847} 
{0: '0.0', 1: '1.0', 2: '0.0', 3: '1.0', 4: 0.9554507160470403} 
{0: '0.0', 1: '1.0', 2: '0.0', 3: '1.0', 4: 0.2733816823987085} 
{0: '0.0', 1: '1.0', 2: '0.0', 3: '1.0', 4: 0.5231779182819274} 
{0: '0.0', 1: '1.0', 2: '0.0', 3: '1.0', 4: 0.2305991469412237} 
{0: '0.0', 1: '1.0', 2: '0.0', 3: '1.0', 4: 0.44295752302723296} 
{0: '0.0', 1: '1.0', 2: '0.0', 3: '1.0', 4: 0.02760904073932011} 
{0: '0.0', 1: '1.0', 2: '0.0', 3: '1.0', 4: 0.5631136450174721} 
{0: '0.0', 1: '1.0', 2: '0.0', 3: '1.0', 4: 0.34685984413266807} 
{0: '0.0', 1: '1.0', 2: '0.0', 3: '1.0', 4: 0.05377542867640318} 
{0: '0.0', 1: '1.0', 2: '0.0', 3: '1.0', 4: 0.18344444871521762} 
{0: '0.0', 1: '1.0', 2: '0.0', 3: '1.0', 4: 0.013700725580996623} 
{0: '0.0', 1: '1.0', 2: '0.0', 3: '1.0', 4: 0.0641381604476096} 
{0: '0.0', 1: '1.0', 2: '0.0', 3: '1.0', 4: 0.00022075454003095144} 
{0: '0.0', 1: '1.0', 2: '0.0', 3: '1.0', 4: 0.03940692134052049} 
{0: '0.0', 1: '1.0', 2: '0.0', 3: '1.0', 4: 0.43902830759090533} 
{0: '0.0', 1: '1.0', 2: '0.0', 3: '1.0', 4: 0.14620439454154777} 
{0: '0.0', 1: '1.0', 2: '0.0', 3: '1.0', 4: 2.8753055755310277} 
{0: '0.0', 1: '1.0', 2: '0.0', 3: '1.0', 4: 5.596721437137083e-06} 
{0: '0.0', 1: '1.0', 2: '0.0', 3: '1.0', 4: 1.034162548912097} 
{0: '0.0', 1: '1.0', 2: '0.0', 3: '1.0', 4: 0.07381198644473318} 
{0: '0.0', 1: '1.0', 2: '0.0', 3: '1.0', 4: 0.038643758882739895} 
{0: '0.0', 1: '1.0', 2: '0.0', 3: '1.0', 4: 0.02407282522494502} 
{0: '0.0', 1: '1.0', 2: '0.0', 3: '1.0', 4: 0.006147264850543967} 
{0: '0.0', 1: '1.0', 2: '0.0', 3: '1.0', 4: 0.032181015743531195} 
{0: '0.0', 1: '1.0', 2: '0.0', 3: '1.0', 4: 0.05052023303547198} 
{0: '0.0', 1: '1.0', 2: '0.0', 3: '1.0', 4: 0.016491652949046975} 
{0: '0.0', 1: '1.0', 2: '0.0', 3: '1.0', 4: 0.41910452690515176} 
{0: '0.0', 1: '1.0', 2: '0.0', 3: '1.0', 4: 0.259924619107747} 
{0: '0.0', 1: '1.0', 2: '0.0', 3: '1.0', 4: 0.2712506823144116} 
{0: '0.0', 1: '1.0', 2: '0.0', 3: '1.0', 4: 0.09018390765380377} 
{0: '0.0', 1: '1.0', 2: '0.0', 3: '1.0', 4: 0.02933219810557252} 
{0: '0.0', 1: '1.0', 2: '0.0', 3: '1.0', 4: 0.04068819315051104} 
{0: '0.0', 1: '1.0', 2: '0.0', 3: '1.0', 4: 0.537181534475958} 
{0: '0.0', 1: '1.0', 2: '0.0', 3: '1.0', 4: 1.3230688352628246} 
{0: '0.0', 1: '1.0', 2: '0.0', 3: '1.0', 4: 0.40511931073288004} 
{0: '0.0', 1: '1.0', 2: '0.0', 3: '1.0', 4: 0.9275001480730101} 
{0: '0.0', 1: '1.0', 2: '0.0', 3: '1.0', 4: 0.2954787029420809} 
{0: '0.0', 1: '1.0', 2: '0.0', 3: '1.0', 4: 0.3443754692170749} 
{0: '0.0', 1: '1.0', 2: '0.0', 3: '1.0', 4: 0.08237086570525336} 
{0: '0.0', 1: '1.0', 2: '0.0', 3: '1.0', 4: 0.00210151191526864} 
{0: '0.0', 1: '1.0', 2: '0.0', 3: '1.0', 4: 0.27132314500040794} 
{0: '0.0', 1: '1.0', 2: '0.0', 3: '1.0', 4: 0.6424038541253848} 
{0: '0.0', 1: '1.0', 2: '0.0', 3: '1.0', 4: 0.6611501883536332} 
{0: '0.0', 1: '1.0', 2: '0.0', 3: '1.0', 4: 0.6956983022761232} 
{0: '0.0', 1: '1.0', 2: '0.0', 3: '1.0', 4: 0.2713225075216576} 
{0: '0.0', 1: '1.0', 2: '0.0', 3: '1.0', 4: 0.7065452299502833} 
{0: '0.0', 1: '1.0', 2: '0.0', 3: '1.0', 4: 0.0017076387566156658} 
{0: '0.0', 1: '1.0', 2: '0.0', 3: '1.0', 4: 0.15392865204607836} 
{0: '0.0', 1: '1.0', 2: '0.0', 3: '1.0', 4: 0.0065908392425598926} 
{0: '0.0', 1: '1.0', 2: '0.0', 3: '1.0', 4: 0.20930067493241597} 
{0: '0.0', 1: '1.0', 2: '0.0', 3: '1.0', 4: 0.012580284136227051} 
{0: '0.0', 1: '1.0', 2: '0.0', 3: '1.0', 4: 0.003052236819420982} 
{0: '0.0', 1: '1.0', 2: '0.0', 3: '1.0', 4: 0.013357114660084251} 
{0: '0.0', 1: '1.0', 2: '0.0', 3: '1.0', 4: 0.3795823783869665} 
{0: '0.0', 1: '1.0', 2: '0.0', 3: '1.0', 4: 0.3060516251365817} 
{0: '0.0', 1: '1.0', 2: '0.0', 3: '1.0', 4: 0.2097639216984952} 
{0: '0.0', 1: '1.0', 2: '0.0', 3: '1.0', 4: 0.05556704606018884} 
{0: '0.0', 1: '1.0', 2: '0.0', 3: '1.0', 4: 1.1864703028441985} 
{0: '0.0', 1: '1.0', 2: '0.0', 3: '1.0', 4: 0.06314167606801363} 
{0: '0.0', 1: '1.0', 2: '0.0', 3: '1.0', 4: 0.030974187690428093} 
{0: '0.0', 1: '1.0', 2: '0.0', 3: '1.0', 4: 0.003080918444056244} 
{0: '0.0', 1: '1.0', 2: '0.0', 3: '1.0', 4: 0.09950903662374479} 
{0: '0.0', 1: '1.0', 2: '0.0', 3: '1.0', 4: 1.108563324038558} 
{0: '0.0', 1: '1.0', 2: '0.0', 3: '1.0', 4: 0.00027171205302872276} 
{0: '0.0', 1: '1.0', 2: '0.0', 3: '1.0', 4: 0.431361949391906} 
{0: '0.0', 1: '1.0', 2: '0.0', 3: '1.0', 4: 0.7044187052845877} 
{0: '0.0', 1: '1.0', 2: '0.0', 3: '1.0', 4: 2.232270868823003} 
{0: '0.0', 1: '1.0', 2: '0.0', 3: '1.0', 4: 0.6138698835156855} 
{0: '0.0', 1: '1.0', 2: '0.0', 3: '1.0', 4: 0.007693264408814677} 
{0: '0.0', 1: '1.0', 2: '0.0', 3: '1.0', 4: 0.23546337600708947} 
{0: '0.0', 1: '1.0', 2: '0.0', 3: '1.0', 4: 0.012345092622347953} 
{0: '0.0', 1: '1.0', 2: '0.0', 3: '1.0', 4: 0.452381129419639} 
{0: '0.0', 1: '1.0', 2: '0.0', 3: '1.0', 4: 0.31451922843802754} 
{0: '0.0', 1: '1.0', 2: '0.0', 3: '1.0', 4: 0.8127129844137158} 
{0: '0.0', 1: '1.0', 2: '0.0', 3: '1.0', 4: 0.00901686610518687} 
{0: '0.0', 1: '1.0', 2: '0.0', 3: '1.0', 4: 0.06410079766876695} 
{0: '0.0', 1: '1.0', 2: '0.0', 3: '1.0', 4: 0.12132266875621944} 
{0: '0.0', 1: '1.0', 2: '0.0', 3: '1.0', 4: 0.1264627546960729} 
{0: '0.0', 1: '1.0', 2: '0.0', 3: '1.0', 4: 0.15509928541315468} 
{0: '0.0', 1: '1.0', 2: '0.0', 3: '1.0', 4: 0.16827190774899928} 
{0: '0.0', 1: '1.0', 2: '0.0', 3: '1.0', 4: 0.6889381610781825} 
{0: '0.0', 1: '1.0', 2: '0.0', 3: '1.0', 4: 1.547565004317841} 
{0: '0.0', 1: '1.0', 2: '0.0', 3: '1.0', 4: 0.11016588630191525} 
{0: '0.0', 1: '1.0', 2: '0.0', 3: '1.0', 4: 0.1795323784320116} 
{0: '0.0', 1: '1.0', 2: '0.0', 3: '1.0', 4: 0.09447817032473119} 
{0: '0.0', 1: '1.0', 2: '0.0', 3: '1.0', 4: 1.520531312543068} 
{0: '0.0', 1: '1.0', 2: '0.0', 3: '1.0', 4: 0.5830027676233388} 
{0: '0.0', 1: '1.0', 2: '0.0', 3: '1.0', 4: 0.022614177588476708} 
{0: '0.0', 1: '1.0', 2: '0.0', 3: '1.0', 4: 0.4822297071157219} 
{0: '0.0', 1: '1.0', 2: '0.0', 3: '1.0', 4: 0.006057179180980168} 
{0: '0.0', 1: '1.0', 2: '0.0', 3: '1.0', 4: 0.09236174582451219} 
{0: '0.0', 1: '1.0', 2: '0.0', 3: '1.0', 4: 0.37093674818991895} 
{0: '0.0', 1: '1.0', 2: '0.0', 3: '1.0', 4: 0.6599208885272536} 
{0: '0.0', 1: '1.0', 2: '0.0', 3: '1.0', 4: 0.38556553857806886} 
{0: '0.0', 1: '1.0', 2: '0.0', 3: '1.0', 4: 0.004174964367031327} 
{0: '0.0', 1: '1.0', 2: '0.0', 3: '1.0', 4: 0.14201503225877615} 
{0: '0.0', 1: '1.0', 2: '0.0', 3: '1.0', 4: 0.05901106046086786} 
{0: '0.0', 1: '1.0', 2: '0.0', 3: '1.0', 4: 1.4613454010181868} 
{0: '0.0', 1: '1.0', 2: '0.0', 3: '1.0', 4: 1.3109176410009764} 
{0: '0.0', 1: '1.0', 2: '0.0', 3: '1.0', 4: 1.2117620851117445} 
{0: '0.0', 1: '1.0', 2: '0.0', 3: '1.0', 4: 0.11991271011506208} 
{0: '0.0', 1: '1.0', 2: '0.0', 3: '1.0', 4: 0.41401133012293506} 
{0: '0.0', 1: '1.0', 2: '0.0', 3: '1.0', 4: 0.049618651057725546} 
{0: '0.0', 1: '1.0', 2: '0.0', 3: '1.0', 4: 0.06658278091543215} 
{0: '0.0', 1: '1.0', 2: '0.0', 3: '1.0', 4: 0.013771655048484504} 
{0: '0.0', 1: '1.0', 2: '0.0', 3: '1.0', 4: 0.13367723651961075} 
{0: '0.0', 1: '1.0', 2: '0.0', 3: '1.0', 4: 0.004928532098320478} 
{0: '0.0', 1: '1.0', 2: '0.0', 3: '1.0', 4: 0.10322619414731976} 
{0: '0.0', 1: '1.0', 2: '0.0', 3: '1.0', 4: 0.652897529436275} 
{0: '0.0', 1: '1.0', 2: '0.0', 3: '1.0', 4: 0.3665270600222174} 
{0: '0.0', 1: '1.0', 2: '0.0', 3: '1.0', 4: 0.2522239374912249} 
{0: '0.0', 1: '1.0', 2: '0.0', 3: '1.0', 4: 0.21273922324725256} 
{0: '0.0', 1: '1.0', 2: '0.0', 3: '1.0', 4: 0.13390883513632598} 
{0: '0.0', 1: '1.0', 2: '0.0', 3: '1.0', 4: 0.04999840357710909} 
{0: '0.0', 1: '1.0', 2: '0.0', 3: '1.0', 4: 0.617991286917854} 
{0: '0.0', 1: '1.0', 2: '0.0', 3: '1.0', 4: 0.010049429459551588} 
{0: '0.0', 1: '1.0', 2: '0.0', 3: '1.0', 4: 0.3856690525709501} 
{0: '0.0', 1: '1.0', 2: '0.0', 3: '1.0', 4: 0.6656200850146126} 
{0: '0.0', 1: '1.0', 2: '0.0', 3: '1.0', 4: 2.417644231152366} 
{0: '0.0', 1: '1.0', 2: '0.0', 3: '1.0', 4: 0.004602833783516664} 
{0: '0.0', 1: '1.0', 2: '0.0', 3: '1.0', 4: 0.3832888903274868} 
{0: '0.0', 1: '1.0', 2: '0.0', 3: '1.0', 4: 1.7995362394043848} 
{0: '0.0', 1: '1.0', 2: '0.0', 3: '1.0', 4: 0.3314822596147296} 
{0: '0.0', 1: '1.0', 2: '0.0', 3: '1.0', 4: 0.9261441294590244} 
{0: '0.0', 1: '1.0', 2: '0.0', 3: '1.0', 4: 0.15029913343225157} 
{0: '0.0', 1: '1.0', 2: '0.0', 3: '1.0', 4: 1.1632067632342016} 
{0: '0.0', 1: '1.0', 2: '0.0', 3: '1.0', 4: 0.4165864895265484} 
{0: '0.0', 1: '1.0', 2: '0.0', 3: '1.0', 4: 0.40313539501474177} 
{0: '0.0', 1: '1.0', 2: '0.0', 3: '1.0', 4: 0.2234868990779824} 
{0: '0.0', 1: '1.0', 2: '0.0', 3: '1.0', 4: 0.024235455348661134} 
{0: '0.0', 1: '1.0', 2: '0.0', 3: '1.0', 4: 0.09374945147036537} 
{0: '0.0', 1: '1.0', 2: '0.0', 3: '1.0', 4: 0.37026564020991265} 
{0: '0.0', 1: '1.0', 2: '0.0', 3: '1.0', 4: 0.243945165364288} 
{0: '0.0', 1: '1.0', 2: '0.0', 3: '1.0', 4: 1.13665461344856} 
{0: '0.0', 1: '1.0', 2: '0.0', 3: '1.0', 4: 0.2130883517067103} 
{0: '0.0', 1: '1.0', 2: '0.0', 3: '1.0', 4: 0.007780793572388365} 
{0: '0.0', 1: '1.0', 2: '0.0', 3: '1.0', 4: 0.23169259975316361} 
{0: '0.0', 1: '1.0', 2: '0.0', 3: '1.0', 4: 0.12205983145175288} 
{0: '0.0', 1: '1.0', 2: '0.0', 3: '1.0', 4: 0.004352078067507638} 
{0: '0.0', 1: '1.0', 2: '0.0', 3: '1.0', 4: 0.022021958732418034} 
{0: '0.0', 1: '1.0', 2: '0.0', 3: '1.0', 4: 0.2488415020596071} 
{0: '0.0', 1: '1.0', 2: '0.0', 3: '1.0', 4: 2.1379132515428947} 
{0: '0.0', 1: '1.0', 2: '0.0', 3: '1.0', 4: 1.393419853500337} 
{0: '0.0', 1: '1.0', 2: '0.0', 3: '1.0', 4: 0.052071885745978985} 
{0: '0.0', 1: '1.0', 2: '0.0', 3: '1.0', 4: 1.2802362396610278} 
{0: '0.0', 1: '1.0', 2: '0.0', 3: '1.0', 4: 0.03602187919311598} 
{0: '0.0', 1: '1.0', 2: '0.0', 3: '1.0', 4: 0.3724995370121496} 
{0: '0.0', 1: '1.0', 2: '0.0', 3: '1.0', 4: 1.9421618168333645} 
{0: '0.0', 1: '1.0', 2: '0.0', 3: '1.0', 4: 0.7042668441560131} 
{0: '0.0', 1: '1.0', 2: '0.0', 3: '1.0', 4: 0.30749852568326663} 
{0: '0.0', 1: '1.0', 2: '0.0', 3: '1.0', 4: 0.0025991225257719014} 
{0: '0.0', 1: '1.0', 2: '0.0', 3: '1.0', 4: 0.7833992104518871} 
{0: '0.0', 1: '1.0', 2: '0.0', 3: '1.0', 4: 0.013407940196173133} 
{0: '0.0', 1: '1.0', 2: '0.0', 3: '1.0', 4: 1.758447983418834} 
{0: '0.0', 1: '1.0', 2: '0.0', 3: '1.0', 4: 1.8627784289406698e-06} 
{0: '0.0', 1: '1.0', 2: '0.0', 3: '1.0', 4: 0.011909612269145975} 
{0: '0.0', 1: '1.0', 2: '0.0', 3: '1.0', 4: 0.16505459851998452} 
{0: '0.0', 1: '1.0', 2: '0.0', 3: '1.0', 4: 0.30748422502624584} 
{0: '0.0', 1: '1.0', 2: '0.0', 3: '1.0', 4: 0.9880343225746302} 
{0: '0.0', 1: '1.0', 2: '0.0', 3: '1.0', 4: 0.16907319527787354} 
{0: '0.0', 1: '1.0', 2: '0.0', 3: '1.0', 4: 2.564483953248818} 
{0: '0.0', 1: '1.0', 2: '0.0', 3: '1.0', 4: 0.13642198659616175} 
{0: '0.0', 1: '1.0', 2: '0.0', 3: '1.0', 4: 0.03470288044220726} 
{0: '0.0', 1: '1.0', 2: '0.0', 3: '1.0', 4: 0.06917227132165074} 
{0: '0.0', 1: '1.0', 2: '0.0', 3: '1.0', 4: 0.04166626344347286} 
{0: '0.0', 1: '1.0', 2: '0.0', 3: '1.0', 4: 1.7882390937280488} 
{0: '0.0', 1: '1.0', 2: '0.0', 3: '1.0', 4: 0.5674826744268159} 
{0: '0.0', 1: '1.0', 2: '0.0', 3: '1.0', 4: 0.06371827671699935} 
{0: '0.0', 1: '1.0', 2: '0.0', 3: '1.0', 4: 1.4960257067780487} 
{0: '0.0', 1: '1.0', 2: '0.0', 3: '1.0', 4: 0.012103205561458557} 
{0: '0.0', 1: '1.0', 2: '0.0', 3: '1.0', 4: 2.5908824686695637} 
{0: '0.0', 1: '1.0', 2: '0.0', 3: '1.0', 4: 0.2046508582778936} 
{0: '0.0', 1: '1.0', 2: '0.0', 3: '1.0', 4: 0.7622902510048172} 
{0: '0.0', 1: '1.0', 2: '0.0', 3: '1.0', 4: 0.48069026722315156} 
{0: '0.0', 1: '1.0', 2: '0.0', 3: '1.0', 4: 0.01363935229889669} 
{0: '0.0', 1: '1.0', 2: '0.0', 3: '1.0', 4: 0.058775579870545595} 
{0: '0.0', 1: '1.0', 2: '0.0', 3: '1.0', 4: 0.08247637505734426} 
{0: '0.0', 1: '1.0', 2: '0.0', 3: '1.0', 4: 0.479004255270961} 
{0: '0.0', 1: '1.0', 2: '0.0', 3: '1.0', 4: 0.003279971503140758} 
{0: '0.0', 1: '1.0', 2: '0.0', 3: '1.0', 4: 1.3557682951258525} 
{0: '0.0', 1: '1.0', 2: '0.0', 3: '1.0', 4: 0.11037334253117743} 
{0: '0.0', 1: '1.0', 2: '0.0', 3: '1.0', 4: 0.0357142046639704} 
{0: '0.0', 1: '1.0', 2: '0.0', 3: '1.0', 4: 0.05220045593050859} 
{0: '0.0', 1: '1.0', 2: '0.0', 3: '1.0', 4: 0.07554571742299457} 
{0: '0.0', 1: '1.0', 2: '0.0', 3: '1.0', 4: 1.12451962854192} 
{0: '0.0', 1: '1.0', 2: '0.0', 3: '1.0', 4: 0.5328210614586438} 
{0: '0.0', 1: '1.0', 2: '0.0', 3: '1.0', 4: 0.5305987665981887} 
{0: '0.0', 1: '1.0', 2: '0.0', 3: '1.0', 4: 1.8925783211467349} 
{0: '0.0', 1: '1.0', 2: '0.0', 3: '1.0', 4: 0.2759962377092896} 
{0: '0.0', 1: '1.0', 2: '0.0', 3: '1.0', 4: 0.32592399688691737} 
{0: '0.0', 1: '1.0', 2: '0.0', 3: '1.0', 4: 0.008313389875113921} 
{0: '0.0', 1: '1.0', 2: '0.0', 3: '1.0', 4: 0.0007261978514492997} 
{0: '0.0', 1: '1.0', 2: '0.0', 3: '1.0', 4: 0.007223419819943262} 
{0: '0.0', 1: '1.0', 2: '0.0', 3: '1.0', 4: 0.017155636051476016} 
{0: '0.0', 1: '1.0', 2: '0.0', 3: '1.0', 4: 0.14548589555510538} 
{0: '0.0', 1: '1.0', 2: '0.0', 3: '1.0', 4: 1.0920479611681546} 
{0: '0.0', 1: '1.0', 2: '0.0', 3: '1.0', 4: 0.012318286782257153} 
{0: '0.0', 1: '1.0', 2: '0.0', 3: '1.0', 4: 0.8955631801356998} 
{0: '0.0', 1: '1.0', 2: '0.0', 3: '1.0', 4: 0.0631091370835298} 
{0: '0.0', 1: '1.0', 2: '0.0', 3: '1.0', 4: 0.015651612497402177} 
{0: '0.0', 1: '1.0', 2: '0.0', 3: '1.0', 4: 1.1580956111737013} 
{0: '0.0', 1: '1.0', 2: '0.0', 3: '1.0', 4: 0.09984829379618303} 
{0: '0.0', 1: '1.0', 2: '0.0', 3: '1.0', 4: 0.7176372540806559} 
{0: '0.0', 1: '1.0', 2: '0.0', 3: '1.0', 4: 0.3841270424748276} 
{0: '0.0', 1: '1.0', 2: '0.0', 3: '1.0', 4: 0.10738581383127585} 
{0: '0.0', 1: '1.0', 2: '0.0', 3: '1.0', 4: 0.12716522473558184} 
{0: '0.0', 1: '1.0', 2: '0.0', 3: '1.0', 4: 0.0023680489387325667} 
{0: '0.0', 1: '1.0', 2: '0.0', 3: '1.0', 4: 0.008187437666896495} 
{0: '0.0', 1: '1.0', 2: '0.0', 3: '1.0', 4: 0.065761010662145} 
{0: '0.0', 1: '1.0', 2: '0.0', 3: '1.0', 4: 0.08104337396984958} 
{0: '0.0', 1: '1.0', 2: '0.0', 3: '1.0', 4: 0.6689551965957782} 
{0: '0.0', 1: '1.0', 2: '0.0', 3: '1.0', 4: 1.963297946971016} 
{0: '0.0', 1: '1.0', 2: '0.0', 3: '1.0', 4: 0.08620406755102605} 
{0: '0.0', 1: '1.0', 2: '0.0', 3: '1.0', 4: 0.15160489460980472} 
{0: '0.0', 1: '1.0', 2: '0.0', 3: '1.0', 4: 0.04879916869726404} 
{0: '0.0', 1: '1.0', 2: '0.0', 3: '1.0', 4: 0.0011702112731916394} 
{0: '0.0', 1: '1.0', 2: '0.0', 3: '1.0', 4: 1.1321941043828951} 
{0: '0.0', 1: '1.0', 2: '0.0', 3: '1.0', 4: 0.10501357971834113} 
{0: '0.0', 1: '1.0', 2: '0.0', 3: '1.0', 4: 0.02977132888989166} 
{0: '0.0', 1: '1.0', 2: '0.0', 3: '1.0', 4: 0.018789845504673212} 
{0: '0.0', 1: '1.0', 2: '0.0', 3: '1.0', 4: 0.21698278725194478} 
{0: '0.0', 1: '1.0', 2: '0.0', 3: '1.0', 4: 0.0026626211227824587} 
{0: '0.0', 1: '1.0', 2: '0.0', 3: '1.0', 4: 0.2092516788565575} 
{0: '0.0', 1: '1.0', 2: '0.0', 3: '1.0', 4: 2.869268030192074} 
{0: '0.0', 1: '1.0', 2: '0.0', 3: '1.0', 4: 0.1316790273458843} 
{0: '0.0', 1: '1.0', 2: '0.0', 3: '1.0', 4: 0.03951392948230788} 
{0: '0.0', 1: '1.0', 2: '0.0', 3: '1.0', 4: 0.11768147259574398} 
{0: '0.0', 1: '1.0', 2: '0.0', 3: '1.0', 4: 0.29989590341308525} 
{0: '0.0', 1: '1.0', 2: '0.0', 3: '1.0', 4: 0.7189249569676609} 
{0: '0.0', 1: '1.0', 2: '0.0', 3: '1.0', 4: 0.0713148598036327} 
{0: '0.0', 1: '1.0', 2: '0.0', 3: '1.0', 4: 0.1164493511385629} 
{0: '0.0', 1: '1.0', 2: '0.0', 3: '1.0', 4: 0.28824697534684496} 
{0: '0.0', 1: '1.0', 2: '0.0', 3: '1.0', 4: 1.211565088756894} 
{0: '0.0', 1: '1.0', 2: '0.0', 3: '1.0', 4: 1.3232986211654458} 
{0: '0.0', 1: '1.0', 2: '0.0', 3: '1.0', 4: 2.2285976719256584} 
{0: '0.0', 1: '1.0', 2: '0.0', 3: '1.0', 4: 0.135209178081089} 
{0: '0.0', 1: '1.0', 2: '0.0', 3: '1.0', 4: 0.12457047214020464} 
{0: '0.0', 1: '1.0', 2: '0.0', 3: '1.0', 4: 0.4036626967226052} 
{0: '0.0', 1: '1.0', 2: '0.0', 3: '1.0', 4: 2.43865090052362} 
{0: '0.0', 1: '1.0', 2: '0.0', 3: '1.0', 4: 0.04000126026666788} 
{0: '0.0', 1: '1.0', 2: '0.0', 3: '1.0', 4: 0.208920365386461} 
{0: '0.0', 1: '1.0', 2: '0.0', 3: '1.0', 4: 0.17420005897234803} 
{0: '0.0', 1: '1.0', 2: '0.0', 3: '1.0', 4: 0.01917537966114887} 
{0: '0.0', 1: '1.0', 2: '0.0', 3: '1.0', 4: 0.08524342977813017} 
{0: '0.0', 1: '1.0', 2: '0.0', 3: '1.0', 4: 0.15369886692307308} 
{0: '0.0', 1: '1.0', 2: '0.0', 3: '1.0', 4: 0.09399015117368188} 
{0: '0.0', 1: '1.0', 2: '0.0', 3: '1.0', 4: 0.056445533803810115} 
{0: '0.0', 1: '1.0', 2: '0.0', 3: '1.0', 4: 2.6150836750399833} 
{0: '0.0', 1: '1.0', 2: '0.0', 3: '1.0', 4: 0.5524827587291932} 
{0: '0.0', 1: '1.0', 2: '0.0', 3: '1.0', 4: 0.1034986660359196} 
{0: '0.0', 1: '1.0', 2: '0.0', 3: '1.0', 4: 0.18799553670542885} 
{0: '0.0', 1: '1.0', 2: '0.0', 3: '1.0', 4: 9.656072185732396e-06} 
{0: '0.0', 1: '1.0', 2: '0.0', 3: '1.0', 4: 1.9541775305456168} 
{0: '0.0', 1: '1.0', 2: '0.0', 3: '1.0', 4: 0.14316833850769836} 
{0: '0.0', 1: '1.0', 2: '0.0', 3: '1.0', 4: 0.06883439708640109} 
{0: '0.0', 1: '1.0', 2: '0.0', 3: '1.0', 4: 0.04938567317336139} 
{0: '0.0', 1: '1.0', 2: '0.0', 3: '1.0', 4: 0.18241581251963354} 
{0: '0.0', 1: '1.0', 2: '0.0', 3: '1.0', 4: 0.0065107621585974} 
{0: '0.0', 1: '1.0', 2: '0.0', 3: '1.0', 4: 0.8551429646198487} 
{0: '0.0', 1: '1.0', 2: '0.0', 3: '1.0', 4: 0.726683673249562} 
{0: '0.0', 1: '1.0', 2: '0.0', 3: '1.0', 4: 0.0757574747372825} 
{0: '0.0', 1: '1.0', 2: '0.0', 3: '1.0', 4: 0.20270090975809046} 
{0: '0.0', 1: '1.0', 2: '0.0', 3: '1.0', 4: 0.3965787639542166} 
{0: '0.0', 1: '1.0', 2: '0.0', 3: '1.0', 4: 1.9377587277354567} 
{0: '0.0', 1: '1.0', 2: '0.0', 3: '1.0', 4: 0.12431249274032528} 
{0: '0.0', 1: '1.0', 2: '0.0', 3: '1.0', 4: 0.03275896396425364} 
{0: '0.0', 1: '1.0', 2: '0.0', 3: '1.0', 4: 0.1701900379007105} 
{0: '0.0', 1: '1.0', 2: '0.0', 3: '1.0', 4: 2.9165079075478686} 
{0: '0.0', 1: '1.0', 2: '0.0', 3: '1.0', 4: 1.5750803043695947} 
{0: '0.0', 1: '1.0', 2: '0.0', 3: '1.0', 4: 1.1458819205834379} 
{0: '0.0', 1: '1.0', 2: '0.0', 3: '1.0', 4: 0.01603449921515251} 
{0: '0.0', 1: '1.0', 2: '0.0', 3: '1.0', 4: 0.07863089729162008} 
{0: '0.0', 1: '1.0', 2: '0.0', 3: '1.0', 4: 0.07687678546743532} 
{0: '0.0', 1: '1.0', 2: '0.0', 3: '1.0', 4: 2.0468657042907092} 
{0: '0.0', 1: '1.0', 2: '0.0', 3: '1.0', 4: 1.3348172616587912} 
{0: '0.0', 1: '1.0', 2: '0.0', 3: '1.0', 4: 1.498232027272189} 
{0: '0.0', 1: '1.0', 2: '0.0', 3: '1.0', 4: 1.12532549573276} 
{0: '0.0', 1: '1.0', 2: '0.0', 3: '1.0', 4: 0.004322008910123691} 
{0: '0.0', 1: '1.0', 2: '0.0', 3: '1.0', 4: 3.1134627095657326} 
{0: '0.0', 1: '1.0', 2: '0.0', 3: '1.0', 4: 0.6259056099321009} 
{0: '0.0', 1: '1.0', 2: '0.0', 3: '1.0', 4: 1.0917378830830984} 
{0: '0.0', 1: '1.0', 2: '0.0', 3: '1.0', 4: 0.324929887405977} 
{0: '0.0', 1: '1.0', 2: '0.0', 3: '1.0', 4: 0.8908471065912732} 
{0: '0.0', 1: '1.0', 2: '0.0', 3: '1.0', 4: 0.36741863610454545} 
{0: '0.0', 1: '1.0', 2: '0.0', 3: '1.0', 4: 0.10925965137432156} 
{0: '0.0', 1: '1.0', 2: '0.0', 3: '1.0', 4: 1.4859716314698475} 
{0: '0.0', 1: '1.0', 2: '0.0', 3: '1.0', 4: 0.18305778752420923} 
{0: '0.0', 1: '1.0', 2: '0.0', 3: '1.0', 4: 0.04693233267166861} 
{0: '0.0', 1: '1.0', 2: '0.0', 3: '1.0', 4: 0.12266898415576952} 
{0: '0.0', 1: '1.0', 2: '0.0', 3: '1.0', 4: 0.028857828551586025} 
{0: '0.0', 1: '1.0', 2: '0.0', 3: '1.0', 4: 0.03740562527154633} 
{0: '0.0', 1: '1.0', 2: '0.0', 3: '1.0', 4: 0.495360165919319} 
{0: '0.0', 1: '1.0', 2: '0.0', 3: '1.0', 4: 0.5979475751428005} 
{0: '0.0', 1: '1.0', 2: '0.0', 3: '1.0', 4: 0.03036984452458428} 
{0: '0.0', 1: '1.0', 2: '0.0', 3: '1.0', 4: 2.990951718616222e-07} 
{0: '0.0', 1: '1.0', 2: '0.0', 3: '1.0', 4: 0.00032879789800222274} 
{0: '0.0', 1: '1.0', 2: '0.0', 3: '1.0', 4: 0.03149321125704734} 
{0: '0.0', 1: '1.0', 2: '0.0', 3: '1.0', 4: 0.4043086278458276} 
{0: '0.0', 1: '1.0', 2: '0.0', 3: '1.0', 4: 0.5377196333636383} 
{0: '0.0', 1: '1.0', 2: '0.0', 3: '1.0', 4: 0.5380629124391129} 
{0: '0.0', 1: '1.0', 2: '0.0', 3: '1.0', 4: 0.7152521398823571} 
{0: '0.0', 1: '1.0', 2: '0.0', 3: '1.0', 4: 0.25466779246657695} 
{0: '0.0', 1: '1.0', 2: '0.0', 3: '1.0', 4: 0.05122633317708933} 
{0: '0.0', 1: '1.0', 2: '0.0', 3: '1.0', 4: 0.07986055016576983} 
{0: '0.0', 1: '1.0', 2: '0.0', 3: '1.0', 4: 2.719864802205292} 
{0: '0.0', 1: '1.0', 2: '0.0', 3: '1.0', 4: 0.16815945636376553} 
{0: '0.0', 1: '1.0', 2: '0.0', 3: '1.0', 4: 0.5143071583840707} 
{0: '0.0', 1: '1.0', 2: '0.0', 3: '1.0', 4: 0.07752004384436299} 
{0: '0.0', 1: '1.0', 2: '0.0', 3: '1.0', 4: 0.5592154184658348} 
{0: '0.0', 1: '1.0', 2: '0.0', 3: '1.0', 4: 0.1263959270336124} 
{0: '0.0', 1: '1.0', 2: '0.0', 3: '1.0', 4: 0.055900682663154753} 
{0: '0.0', 1: '1.0', 2: '0.0', 3: '1.0', 4: 0.29701870687655596} 
{0: '0.0', 1: '1.0', 2: '0.0', 3: '1.0', 4: 0.07941616161189817} 
{0: '0.0', 1: '1.0', 2: '0.0', 3: '1.0', 4: 0.1610369054551017} 
{0: '0.0', 1: '1.0', 2: '0.0', 3: '1.0', 4: 0.5826586703561225} 
{0: '0.0', 1: '1.0', 2: '0.0', 3: '1.0', 4: 0.1024973679623782} 
{0: '0.0', 1: '1.0', 2: '0.0', 3: '1.0', 4: 0.004512851723963569} 
{0: '0.0', 1: '1.0', 2: '0.0', 3: '1.0', 4: 0.5681877973752247} 
{0: '0.0', 1: '1.0', 2: '0.0', 3: '1.0', 4: 0.48813613180469023} 
{0: '0.0', 1: '1.0', 2: '0.0', 3: '1.0', 4: 2.72205000447113} 
{0: '0.0', 1: '1.0', 2: '0.0', 3: '1.0', 4: 0.1891044683946437} 
{0: '0.0', 1: '1.0', 2: '0.0', 3: '1.0', 4: 0.2717495499722916} 
{0: '0.0', 1: '1.0', 2: '0.0', 3: '1.0', 4: 0.0028231244241351027} 
{0: '0.0', 1: '1.0', 2: '0.0', 3: '1.0', 4: 1.8049528987218404} 
{0: '0.0', 1: '1.0', 2: '0.0', 3: '1.0', 4: 0.45943689128532184} 
{0: '0.0', 1: '1.0', 2: '0.0', 3: '1.0', 4: 0.20685840092470767} 
{0: '0.0', 1: '1.0', 2: '0.0', 3: '1.0', 4: 0.159348772170013} 
{0: '0.0', 1: '1.0', 2: '0.0', 3: '1.0', 4: 0.5584552121529589} 
{0: '0.0', 1: '1.0', 2: '0.0', 3: '1.0', 4: 1.842688298922488} 
{0: '0.0', 1: '1.0', 2: '0.0', 3: '1.0', 4: 0.06759606729234112} 
{0: '0.0', 1: '1.0', 2: '0.0', 3: '1.0', 4: 0.06058776091794048} 
{0: '0.0', 1: '1.0', 2: '0.0', 3: '1.0', 4: 0.009526089083600729} 
{0: '0.0', 1: '1.0', 2: '0.0', 3: '1.0', 4: 1.318292221038598} 
{0: '0.0', 1: '1.0', 2: '0.0', 3: '1.0', 4: 1.3729936101341973} 
{0: '0.0', 1: '1.0', 2: '0.0', 3: '1.0', 4: 1.765024429836543} 
{0: '0.0', 1: '1.0', 2: '0.0', 3: '1.0', 4: 0.024132278233415537} 
{0: '0.0', 1: '1.0', 2: '0.0', 3: '1.0', 4: 0.0019831977651322548} 
{0: '0.0', 1: '1.0', 2: '0.0', 3: '1.0', 4: 0.6338124196313126} 
{0: '0.0', 1: '1.0', 2: '0.0', 3: '1.0', 4: 1.3322604381134449} 
{0: '0.0', 1: '1.0', 2: '0.0', 3: '1.0', 4: 0.25934889730881144} 
{0: '0.0', 1: '1.0', 2: '0.0', 3: '1.0', 4: 0.9863687242960729} 
{0: '0.0', 1: '1.0', 2: '0.0', 3: '1.0', 4: 3.2287000060727125} 
{0: '0.0', 1: '1.0', 2: '0.0', 3: '1.0', 4: 0.005256433693934999} 
{0: '0.0', 1: '1.0', 2: '0.0', 3: '1.0', 4: 1.0758018507208336} 
{0: '0.0', 1: '1.0', 2: '0.0', 3: '1.0', 4: 0.0013300993804980855} 
{0: '0.0', 1: '1.0', 2: '0.0', 3: '1.0', 4: 0.14356595930643443} 
{0: '0.0', 1: '1.0', 2: '0.0', 3: '1.0', 4: 2.074688127280373} 
{0: '0.0', 1: '1.0', 2: '0.0', 3: '1.0', 4: 1.0926078189808173} 
{0: '0.0', 1: '1.0', 2: '0.0', 3: '1.0', 4: 0.0017596889106597233} 
{0: '0.0', 1: '1.0', 2: '0.0', 3: '1.0', 4: 0.5062257867360734} 
{0: '0.0', 1: '1.0', 2: '0.0', 3: '1.0', 4: 0.03962530137098196} 
{0: '0.0', 1: '1.0', 2: '0.0', 3: '1.0', 4: 0.4207740569606608} 
{0: '0.0', 1: '1.0', 2: '0.0', 3: '1.0', 4: 0.2910651108700412} 
{0: '0.0', 1: '1.0', 2: '0.0', 3: '1.0', 4: 0.6323158307546883} 
{0: '0.0', 1: '1.0', 2: '0.0', 3: '1.0', 4: 0.011115778751701277} 
{0: '0.0', 1: '1.0', 2: '0.0', 3: '1.0', 4: 0.0004110905685624273} 
{0: '0.0', 1: '1.0', 2: '0.0', 3: '1.0', 4: 0.04994908099444925} 
{0: '0.0', 1: '1.0', 2: '0.0', 3: '1.0', 4: 0.3500742390785706} 
{0: '0.0', 1: '1.0', 2: '0.0', 3: '1.0', 4: 0.15021833025625025} 
{0: '0.0', 1: '1.0', 2: '0.0', 3: '1.0', 4: 0.08096286048100772} 
{0: '0.0', 1: '1.0', 2: '0.0', 3: '1.0', 4: 0.36870105244633605} 
{0: '0.0', 1: '1.0', 2: '0.0', 3: '1.0', 4: 0.025403842075626223} 
{0: '0.0', 1: '1.0', 2: '0.0', 3: '1.0', 4: 1.1602572895797567} 
{0: '0.0', 1: '1.0', 2: '0.0', 3: '1.0', 4: 0.0743930023623123} 
{0: '0.0', 1: '1.0', 2: '0.0', 3: '1.0', 4: 0.09601443588388489} 
{0: '0.0', 1: '1.0', 2: '0.0', 3: '1.0', 4: 0.1680499456282981} 
{0: '0.0', 1: '1.0', 2: '0.0', 3: '1.0', 4: 1.6769355676160314} 
{0: '0.0', 1: '1.0', 2: '0.0', 3: '1.0', 4: 0.11366052250224051} 
{0: '0.0', 1: '1.0', 2: '0.0', 3: '1.0', 4: 0.371208977870437} 
{0: '0.0', 1: '1.0', 2: '0.0', 3: '1.0', 4: 0.34033369302148475} 
{0: '0.0', 1: '1.0', 2: '0.0', 3: '1.0', 4: 0.11584875013817936} 
{0: '0.0', 1: '1.0', 2: '0.0', 3: '1.0', 4: 0.2376485879598758} 
{0: '0.0', 1: '1.0', 2: '0.0', 3: '1.0', 4: 0.680658174899156} 
{0: '0.0', 1: '1.0', 2: '0.0', 3: '1.0', 4: 0.3863488227383593} 
{0: '0.0', 1: '1.0', 2: '0.0', 3: '1.0', 4: 0.3087642927759328} 
{0: '0.0', 1: '1.0', 2: '0.0', 3: '1.0', 4: 0.6773018595345831} 
{0: '0.0', 1: '1.0', 2: '0.0', 3: '1.0', 4: 0.5019008645154313} 
{0: '0.0', 1: '1.0', 2: '0.0', 3: '1.0', 4: 0.15130574210148} 
{0: '0.0', 1: '1.0', 2: '0.0', 3: '1.0', 4: 0.8673325879737701} 
{0: '0.0', 1: '1.0', 2: '0.0', 3: '1.0', 4: 1.707941236034303} 
{0: '0.0', 1: '1.0', 2: '0.0', 3: '1.0', 4: 0.7323995840928424} 
{0: '0.0', 1: '1.0', 2: '0.0', 3: '1.0', 4: 0.0390917525462851} 
{0: '0.0', 1: '1.0', 2: '0.0', 3: '1.0', 4: 0.0011706778637936954} 
{0: '0.0', 1: '1.0', 2: '0.0', 3: '1.0', 4: 2.491910884986494} 
{0: '0.0', 1: '1.0', 2: '0.0', 3: '1.0', 4: 0.06332733302260743} 
{0: '0.0', 1: '1.0', 2: '0.0', 3: '1.0', 4: 0.18095390462362695} 
{0: '0.0', 1: '1.0', 2: '0.0', 3: '1.0', 4: 0.33831737007237256} 
{0: '0.0', 1: '1.0', 2: '0.0', 3: '1.0', 4: 0.027093253597182315} 
{0: '0.0', 1: '1.0', 2: '0.0', 3: '1.0', 4: 0.5510440038490437} 
{0: '0.0', 1: '1.0', 2: '0.0', 3: '1.0', 4: 0.22742427463109458} 
{0: '0.0', 1: '1.0', 2: '0.0', 3: '1.0', 4: 0.15495280809522435} 
{0: '0.0', 1: '1.0', 2: '0.0', 3: '1.0', 4: 0.1473748674193624} 
{0: '0.0', 1: '1.0', 2: '0.0', 3: '1.0', 4: 0.5533800566717261} 
{0: '0.0', 1: '1.0', 2: '0.0', 3: '1.0', 4: 0.14294151431133012} 
{0: '0.0', 1: '1.0', 2: '0.0', 3: '1.0', 4: 0.0038968731444542675} 
{0: '0.0', 1: '1.0', 2: '0.0', 3: '1.0', 4: 0.7411238415606888} 
{0: '0.0', 1: '1.0', 2: '0.0', 3: '1.0', 4: 2.105468305495285} 
{0: '0.0', 1: '1.0', 2: '0.0', 3: '1.0', 4: 0.01715787593616402} 
{0: '0.0', 1: '1.0', 2: '0.0', 3: '1.0', 4: 0.05249909131758929} 
{0: '0.0', 1: '1.0', 2: '0.0', 3: '1.0', 4: 0.029587668944264872} 
{0: '0.0', 1: '1.0', 2: '0.0', 3: '1.0', 4: 0.35355264982697054} 
{0: '0.0', 1: '1.0', 2: '0.0', 3: '1.0', 4: 0.9607275977425707} 
{0: '0.0', 1: '1.0', 2: '0.0', 3: '1.0', 4: 0.9467279114420187} 
{0: '0.0', 1: '1.0', 2: '0.0', 3: '1.0', 4: 0.5833151906938787} 
{0: '0.0', 1: '1.0', 2: '0.0', 3: '1.0', 4: 0.40224701713697586} 
{0: '0.0', 1: '1.0', 2: '0.0', 3: '1.0', 4: 0.011895008853177829} 
{0: '0.0', 1: '1.0', 2: '0.0', 3: '1.0', 4: 0.4721008892967352} 
{0: '0.0', 1: '1.0', 2: '0.0', 3: '1.0', 4: 0.09032597638481801} 
{0: '0.0', 1: '1.0', 2: '0.0', 3: '1.0', 4: 0.35147272390533596} 
{0: '0.0', 1: '1.0', 2: '0.0', 3: '1.0', 4: 0.012739453583861964} 
{0: '0.0', 1: '1.0', 2: '0.0', 3: '1.0', 4: 0.18470668844938012} 
{0: '0.0', 1: '1.0', 2: '0.0', 3: '1.0', 4: 0.06656673489270692} 
{0: '0.0', 1: '1.0', 2: '0.0', 3: '1.0', 4: 1.0078314348529547} 
{0: '0.0', 1: '1.0', 2: '0.0', 3: '1.0', 4: 1.7449854364782518} 
{0: '0.0', 1: '1.0', 2: '0.0', 3: '1.0', 4: 1.7414444421434583} 
{0: '0.0', 1: '1.0', 2: '0.0', 3: '1.0', 4: 1.1154705015489037} 
{0: '0.0', 1: '1.0', 2: '0.0', 3: '1.0', 4: 0.20932860148052795} 
{0: '0.0', 1: '1.0', 2: '0.0', 3: '1.0', 4: 0.6241613250791332} 
{0: '0.0', 1: '1.0', 2: '0.0', 3: '1.0', 4: 0.12324284235509021} 
{0: '0.0', 1: '1.0', 2: '0.0', 3: '1.0', 4: 0.17942058531880667} 
{0: '0.0', 1: '1.0', 2: '0.0', 3: '1.0', 4: 1.3168514469602013} 
{0: '0.0', 1: '1.0', 2: '0.0', 3: '1.0', 4: 0.035677440687064646} 
{0: '0.0', 1: '1.0', 2: '0.0', 3: '1.0', 4: 0.031471204609752265} 
{0: '0.0', 1: '1.0', 2: '0.0', 3: '1.0', 4: 0.10465396173533394} 
{0: '0.0', 1: '1.0', 2: '0.0', 3: '1.0', 4: 0.3332336255505551} 
{0: '0.0', 1: '1.0', 2: '0.0', 3: '1.0', 4: 0.3045715475773625} 
{0: '0.0', 1: '1.0', 2: '0.0', 3: '1.0', 4: 0.09356210866126985} 
{0: '0.0', 1: '1.0', 2: '0.0', 3: '1.0', 4: 0.20427981332696882} 
{0: '0.0', 1: '1.0', 2: '0.0', 3: '1.0', 4: 0.3515597074884651} 
{0: '0.0', 1: '1.0', 2: '0.0', 3: '1.0', 4: 0.00023090038456001496} 
{0: '0.0', 1: '1.0', 2: '0.0', 3: '1.0', 4: 1.4024460843567272} 
{0: '0.0', 1: '1.0', 2: '0.0', 3: '1.0', 4: 0.7187320371192176} 
{0: '0.0', 1: '1.0', 2: '0.0', 3: '1.0', 4: 0.011416233167884848} 
{0: '0.0', 1: '1.0', 2: '0.0', 3: '1.0', 4: 0.7806939774964344} 
{0: '0.0', 1: '1.0', 2: '0.0', 3: '1.0', 4: 0.000849911522679703} 
{0: '0.0', 1: '1.0', 2: '0.0', 3: '1.0', 4: 0.11917701660643674} 
{0: '0.0', 1: '1.0', 2: '0.0', 3: '1.0', 4: 0.4760783218051693} 
{0: '0.0', 1: '1.0', 2: '0.0', 3: '1.0', 4: 0.022662559506917115} 
{0: '0.0', 1: '1.0', 2: '0.0', 3: '1.0', 4: 0.2828330089714515} 
{0: '0.0', 1: '1.0', 2: '0.0', 3: '1.0', 4: 0.2613805800111923} 
{0: '0.0', 1: '1.0', 2: '0.0', 3: '1.0', 4: 1.7712141754988937} 
{0: '0.0', 1: '1.0', 2: '0.0', 3: '1.0', 4: 0.8651623076853869} 
{0: '0.0', 1: '1.0', 2: '0.0', 3: '1.0', 4: 3.452427536134986} 
{0: '0.0', 1: '1.0', 2: '0.0', 3: '1.0', 4: 0.004584769548646979} 
{0: '0.0', 1: '1.0', 2: '0.0', 3: '1.0', 4: 0.1503348174477183} 
{0: '0.0', 1: '1.0', 2: '0.0', 3: '1.0', 4: 0.8421124164091963} 
{0: '0.0', 1: '1.0', 2: '0.0', 3: '1.0', 4: 0.8143427814960764} 
{0: '0.0', 1: '1.0', 2: '0.0', 3: '1.0', 4: 0.6046110689637444} 
{0: '0.0', 1: '1.0', 2: '0.0', 3: '1.0', 4: 0.07633027145428058} 
{0: '0.0', 1: '1.0', 2: '0.0', 3: '1.0', 4: 0.6472514134561946} 
{0: '0.0', 1: '1.0', 2: '0.0', 3: '1.0', 4: 0.7831437321870535} 
{0: '0.0', 1: '1.0', 2: '0.0', 3: '1.0', 4: 2.928218745874399} 
{0: '0.0', 1: '1.0', 2: '0.0', 3: '1.0', 4: 0.2277022678911119} 
{0: '0.0', 1: '1.0', 2: '0.0', 3: '1.0', 4: 0.5872867904053686} 
{0: '0.0', 1: '1.0', 2: '0.0', 3: '1.0', 4: 0.1412460685451413} 
{0: '0.0', 1: '1.0', 2: '0.0', 3: '1.0', 4: 0.957608311058279} 
{0: '0.0', 1: '1.0', 2: '0.0', 3: '1.0', 4: 0.2963901970204226} 
{0: '0.0', 1: '1.0', 2: '0.0', 3: '1.0', 4: 2.5819967432835393} 
{0: '0.0', 1: '1.0', 2: '0.0', 3: '1.0', 4: 0.04595216155854611} 
{0: '0.0', 1: '1.0', 2: '0.0', 3: '1.0', 4: 0.2527320330369657} 
{0: '0.0', 1: '1.0', 2: '0.0', 3: '1.0', 4: 0.1037683258179397} 
{0: '0.0', 1: '1.0', 2: '0.0', 3: '1.0', 4: 0.34399943930778143} 
{0: '0.0', 1: '1.0', 2: '0.0', 3: '1.0', 4: 0.2526249388561874} 
{0: '0.0', 1: '1.0', 2: '0.0', 3: '1.0', 4: 0.26045514048461177} 
{0: '0.0', 1: '1.0', 2: '0.0', 3: '1.0', 4: 0.7136171142611034} 
{0: '0.0', 1: '1.0', 2: '0.0', 3: '1.0', 4: 0.1115313640174649} 
{0: '0.0', 1: '1.0', 2: '0.0', 3: '1.0', 4: 0.5576264130201578} 
{0: '0.0', 1: '1.0', 2: '0.0', 3: '1.0', 4: 0.1786645709887925} 
{0: '0.0', 1: '1.0', 2: '0.0', 3: '1.0', 4: 2.5213498145366913} 
{0: '0.0', 1: '1.0', 2: '0.0', 3: '1.0', 4: 2.4067687061396907} 
{0: '0.0', 1: '1.0', 2: '0.0', 3: '1.0', 4: 1.1592208584421086} 
{0: '0.0', 1: '1.0', 2: '0.0', 3: '1.0', 4: 0.768105289765947} 
{0: '0.0', 1: '1.0', 2: '0.0', 3: '1.0', 4: 0.007153270155193897} 
{0: '0.0', 1: '1.0', 2: '0.0', 3: '1.0', 4: 0.24871838103053784} 
{0: '0.0', 1: '1.0', 2: '0.0', 3: '1.0', 4: 1.4177278506338222} 
{0: '0.0', 1: '1.0', 2: '0.0', 3: '1.0', 4: 0.18131019048410074} 
{0: '0.0', 1: '1.0', 2: '0.0', 3: '1.0', 4: 0.0010849126984493087} 
{0: '0.0', 1: '1.0', 2: '0.0', 3: '1.0', 4: 0.07988191995064883} 
{0: '0.0', 1: '1.0', 2: '0.0', 3: '1.0', 4: 0.3132106986737458} 
{0: '0.0', 1: '1.0', 2: '0.0', 3: '1.0', 4: 0.1393211504537392} 
{0: '0.0', 1: '1.0', 2: '0.0', 3: '1.0', 4: 0.4193657213287559} 
{0: '0.0', 1: '1.0', 2: '0.0', 3: '1.0', 4: 0.061994607816679516} 
{0: '0.0', 1: '1.0', 2: '0.0', 3: '1.0', 4: 0.726571904870588} 
{0: '0.0', 1: '1.0', 2: '0.0', 3: '1.0', 4: 0.3405261833741192} 
{0: '0.0', 1: '1.0', 2: '0.0', 3: '1.0', 4: 1.9428125082342453} 
{0: '0.0', 1: '1.0', 2: '0.0', 3: '1.0', 4: 0.4371322875306756} 
{0: '0.0', 1: '1.0', 2: '0.0', 3: '1.0', 4: 0.0973244256068816} 
{0: '0.0', 1: '1.0', 2: '0.0', 3: '1.0', 4: 0.006360294735624807} 
{0: '0.0', 1: '1.0', 2: '0.0', 3: '1.0', 4: 1.4787539463270205} 
{0: '0.0', 1: '1.0', 2: '0.0', 3: '1.0', 4: 1.1865437595978658} 
{0: '0.0', 1: '1.0', 2: '0.0', 3: '1.0', 4: 0.8276097382312869} 
{0: '0.0', 1: '1.0', 2: '0.0', 3: '1.0', 4: 0.0006903466453041322} 
{0: '0.0', 1: '1.0', 2: '0.0', 3: '1.0', 4: 0.4195684062272948} 
{0: '0.0', 1: '1.0', 2: '0.0', 3: '1.0', 4: 0.16743149045210404} 
{0: '0.0', 1: '1.0', 2: '0.0', 3: '1.0', 4: 0.2865366855957097} 
{0: '0.0', 1: '1.0', 2: '0.0', 3: '1.0', 4: 0.29598339816302727} 
{0: '0.0', 1: '1.0', 2: '0.0', 3: '1.0', 4: 1.6059801573708812} 
{0: '0.0', 1: '1.0', 2: '0.0', 3: '1.0', 4: 0.1189014803677696} 
{0: '0.0', 1: '1.0', 2: '0.0', 3: '1.0', 4: 0.08313812312404771} 
{0: '0.0', 1: '1.0', 2: '0.0', 3: '1.0', 4: 0.07838052744940217} 
{0: '0.0', 1: '1.0', 2: '0.0', 3: '1.0', 4: 0.7082754067529676} 
{0: '0.0', 1: '1.0', 2: '0.0', 3: '1.0', 4: 0.16123731473029287} 
{0: '0.0', 1: '1.0', 2: '0.0', 3: '1.0', 4: 0.005877849939411547} 
{0: '0.0', 1: '1.0', 2: '0.0', 3: '1.0', 4: 0.003911602718811232} 
{0: '0.0', 1: '1.0', 2: '0.0', 3: '1.0', 4: 0.000788761224631359} 
{0: '0.0', 1: '1.0', 2: '0.0', 3: '1.0', 4: 0.22922168576862662} 
{0: '0.0', 1: '1.0', 2: '0.0', 3: '1.0', 4: 0.09938801572998027} 
{0: '0.0', 1: '1.0', 2: '0.0', 3: '1.0', 4: 1.4906188447371935} 
{0: '0.0', 1: '1.0', 2: '0.0', 3: '1.0', 4: 0.02626100358940272} 
{0: '0.0', 1: '1.0', 2: '0.0', 3: '1.0', 4: 0.054749552956918995} 
{0: '0.0', 1: '1.0', 2: '0.0', 3: '1.0', 4: 2.459964787763448} 
{0: '0.0', 1: '1.0', 2: '0.0', 3: '1.0', 4: 0.43354256369334343} 
{0: '0.0', 1: '1.0', 2: '0.0', 3: '1.0', 4: 1.2209531487779397} 
{0: '0.0', 1: '1.0', 2: '0.0', 3: '1.0', 4: 0.5882560747880317} 
{0: '0.0', 1: '1.0', 2: '0.0', 3: '1.0', 4: 0.09104766571006634} 
{0: '0.0', 1: '1.0', 2: '0.0', 3: '1.0', 4: 4.814229034633939} 
{0: '0.0', 1: '1.0', 2: '0.0', 3: '1.0', 4: 0.0004645621400822105} 
{0: '0.0', 1: '1.0', 2: '0.0', 3: '1.0', 4: 0.6069322938796498} 
{0: '0.0', 1: '1.0', 2: '0.0', 3: '1.0', 4: 0.03743714742901861} 
{0: '0.0', 1: '1.0', 2: '0.0', 3: '1.0', 4: 0.08787083380326734} 
{0: '0.0', 1: '1.0', 2: '0.0', 3: '1.0', 4: 0.11218625550197421} 
{0: '0.0', 1: '1.0', 2: '0.0', 3: '1.0', 4: 0.6891653650925977} 
{0: '0.0', 1: '1.0', 2: '0.0', 3: '1.0', 4: 0.1374292392254163} 
{0: '0.0', 1: '1.0', 2: '0.0', 3: '1.0', 4: 0.10551733094448809} 
{0: '0.0', 1: '1.0', 2: '0.0', 3: '1.0', 4: 1.0197974035335526} 
{0: '0.0', 1: '1.0', 2: '0.0', 3: '1.0', 4: 0.3440893161451793} 
{0: '0.0', 1: '1.0', 2: '0.0', 3: '1.0', 4: 0.12999964756415736} 
{0: '0.0', 1: '1.0', 2: '0.0', 3: '1.0', 4: 0.3442241870930215} 
{0: '0.0', 1: '1.0', 2: '0.0', 3: '1.0', 4: 0.5783282518858656} 
{0: '0.0', 1: '1.0', 2: '0.0', 3: '1.0', 4: 1.036170031460479} 
{0: '0.0', 1: '1.0', 2: '0.0', 3: '1.0', 4: 0.270212213713173} 
{0: '0.0', 1: '1.0', 2: '0.0', 3: '1.0', 4: 0.013829534668960987} 
{0: '0.0', 1: '1.0', 2: '0.0', 3: '1.0', 4: 1.9758483360579657} 
{0: '0.0', 1: '1.0', 2: '0.0', 3: '1.0', 4: 0.03068469142643774} 
{0: '0.0', 1: '1.0', 2: '0.0', 3: '1.0', 4: 0.475487861935069} 
{0: '0.0', 1: '1.0', 2: '0.0', 3: '1.0', 4: 0.1210695551005623} 
{0: '0.0', 1: '1.0', 2: '0.0', 3: '1.0', 4: 0.2891792322036438} 
{0: '0.0', 1: '1.0', 2: '0.0', 3: '1.0', 4: 1.3379638756149703} 
{0: '0.0', 1: '1.0', 2: '0.0', 3: '1.0', 4: 0.013784403247936027} 
{0: '0.0', 1: '1.0', 2: '0.0', 3: '1.0', 4: 0.5335957192560633} 
{0: '0.0', 1: '1.0', 2: '0.0', 3: '1.0', 4: 0.018702843729277302} 
{0: '0.0', 1: '1.0', 2: '0.0', 3: '1.0', 4: 0.4907137217114227} 
{0: '0.0', 1: '1.0', 2: '0.0', 3: '1.0', 4: 0.2324711517536536} 
{0: '0.0', 1: '1.0', 2: '0.0', 3: '1.0', 4: 0.05130941280276161} 
{0: '0.0', 1: '1.0', 2: '0.0', 3: '1.0', 4: 0.2959018932715151} 
{0: '0.0', 1: '1.0', 2: '0.0', 3: '1.0', 4: 0.06524678998121411} 
{0: '0.0', 1: '1.0', 2: '0.0', 3: '1.0', 4: 0.9893579703137217} 
{0: '0.0', 1: '1.0', 2: '0.0', 3: '1.0', 4: 0.25426664432515045} 
{0: '0.0', 1: '1.0', 2: '0.0', 3: '1.0', 4: 0.8879374659705539} 
{0: '0.0', 1: '1.0', 2: '0.0', 3: '1.0', 4: 0.012024822682946643} 
{0: '0.0', 1: '1.0', 2: '0.0', 3: '1.0', 4: 0.5477183226907265} 
{0: '0.0', 1: '1.0', 2: '0.0', 3: '1.0', 4: 0.6395013488189946} 
{0: '0.0', 1: '1.0', 2: '0.0', 3: '1.0', 4: 2.5784783032603635} 
{0: '0.0', 1: '1.0', 2: '0.0', 3: '1.0', 4: 0.45228274697299536} 
{0: '0.0', 1: '1.0', 2: '0.0', 3: '1.0', 4: 0.0315349570947147} 
{0: '0.0', 1: '1.0', 2: '0.0', 3: '1.0', 4: 0.052193416662410064} 
{0: '0.0', 1: '1.0', 2: '0.0', 3: '1.0', 4: 0.28916189649865165} 
{0: '0.0', 1: '1.0', 2: '0.0', 3: '1.0', 4: 1.2856300271500776} 
{0: '0.0', 1: '1.0', 2: '0.0', 3: '1.0', 4: 1.9686541776362043} 
{0: '0.0', 1: '1.0', 2: '0.0', 3: '1.0', 4: 1.5253139992653533} 
{0: '0.0', 1: '1.0', 2: '0.0', 3: '1.0', 4: 0.057514502401020955} 
{0: '0.0', 1: '1.0', 2: '0.0', 3: '1.0', 4: 0.0010871924497641463} 
{0: '0.0', 1: '1.0', 2: '0.0', 3: '1.0', 4: 0.12878066428982066} 
{0: '0.0', 1: '1.0', 2: '0.0', 3: '1.0', 4: 0.0005477754201973962} 
{0: '0.0', 1: '1.0', 2: '0.0', 3: '1.0', 4: 0.558664938299327} 
{0: '0.0', 1: '1.0', 2: '0.0', 3: '1.0', 4: 0.8478767241868445} 
{0: '0.0', 1: '1.0', 2: '0.0', 3: '1.0', 4: 0.598887090463441} 
{0: '0.0', 1: '1.0', 2: '0.0', 3: '1.0', 4: 0.12822568414072455} 
{0: '0.0', 1: '1.0', 2: '0.0', 3: '1.0', 4: 4.399671695650579} 
{0: '0.0', 1: '1.0', 2: '0.0', 3: '1.0', 4: 0.015285518662431281} 
{0: '0.0', 1: '1.0', 2: '0.0', 3: '1.0', 4: 1.1374027522663037} 
{0: '0.0', 1: '1.0', 2: '0.0', 3: '1.0', 4: 0.013539738358388929} 
{0: '0.0', 1: '1.0', 2: '0.0', 3: '1.0', 4: 1.4280002446518985} 
{0: '0.0', 1: '1.0', 2: '0.0', 3: '1.0', 4: 4.174214722394242} 
{0: '0.0', 1: '1.0', 2: '0.0', 3: '1.0', 4: 0.6490870193895737} 
{0: '0.0', 1: '1.0', 2: '0.0', 3: '1.0', 4: 0.20683123652278865} 
{0: '0.0', 1: '1.0', 2: '0.0', 3: '1.0', 4: 0.00014715557631446915} 
{0: '0.0', 1: '1.0', 2: '0.0', 3: '1.0', 4: 0.17354761009156128} 
{0: '0.0', 1: '1.0', 2: '0.0', 3: '1.0', 4: 1.5260330882258557} 
{0: '0.0', 1: '1.0', 2: '0.0', 3: '1.0', 4: 0.0008927460506077946} 
{0: '0.0', 1: '1.0', 2: '0.0', 3: '1.0', 4: 0.17941880526437562} 
{0: '0.0', 1: '1.0', 2: '0.0', 3: '1.0', 4: 0.1631053111881123} 
{0: '0.0', 1: '1.0', 2: '0.0', 3: '1.0', 4: 0.008688333685463408} 
{0: '0.0', 1: '1.0', 2: '0.0', 3: '1.0', 4: 2.452731483059989} 
{0: '0.0', 1: '1.0', 2: '0.0', 3: '1.0', 4: 0.2513024687580963} 
{0: '0.0', 1: '1.0', 2: '0.0', 3: '1.0', 4: 0.5460420700806182} 
{0: '0.0', 1: '1.0', 2: '0.0', 3: '1.0', 4: 0.0038064379464646803} 
{0: '0.0', 1: '1.0', 2: '0.0', 3: '1.0', 4: 0.22527263184939486} 
{0: '0.0', 1: '1.0', 2: '0.0', 3: '1.0', 4: 0.2262996025067468} 
{0: '0.0', 1: '1.0', 2: '0.0', 3: '1.0', 4: 0.1924170990587436} 
{0: '0.0', 1: '1.0', 2: '0.0', 3: '1.0', 4: 0.31156405605355875} 
{0: '0.0', 1: '1.0', 2: '0.0', 3: '1.0', 4: 0.0862635700118332} 
{0: '0.0', 1: '1.0', 2: '0.0', 3: '1.0', 4: 1.5829321484497068e-05} 
{0: '0.0', 1: '1.0', 2: '0.0', 3: '1.0', 4: 0.0988313609383312} 
{0: '0.0', 1: '1.0', 2: '0.0', 3: '1.0', 4: 0.07472711940573983} 
{0: '0.0', 1: '1.0', 2: '0.0', 3: '1.0', 4: 0.05934627372415925} 
{0: '0.0', 1: '1.0', 2: '0.0', 3: '1.0', 4: 0.6133604078399817} 
{0: '0.0', 1: '1.0', 2: '0.0', 3: '1.0', 4: 0.043922061865914075} 
{0: '0.0', 1: '1.0', 2: '0.0', 3: '1.0', 4: 0.5896124473562766} 
{0: '0.0', 1: '1.0', 2: '0.0', 3: '1.0', 4: 2.1563937865743505} 
{0: '0.0', 1: '1.0', 2: '0.0', 3: '1.0', 4: 0.19220295610506197} 
{0: '0.0', 1: '1.0', 2: '0.0', 3: '1.0', 4: 0.7125904272818078} 
{0: '0.0', 1: '1.0', 2: '0.0', 3: '1.0', 4: 0.22789466307199224} 
{0: '0.0', 1: '1.0', 2: '0.0', 3: '1.0', 4: 0.0035117303016026944} 
{0: '0.0', 1: '1.0', 2: '0.0', 3: '1.0', 4: 1.8023719749779674} 
{0: '0.0', 1: '1.0', 2: '0.0', 3: '1.0', 4: 0.03108024384973494} 
{0: '0.0', 1: '1.0', 2: '0.0', 3: '1.0', 4: 0.11179512391617956} 
{0: '0.0', 1: '1.0', 2: '0.0', 3: '1.0', 4: 0.15897444324848461} 
{0: '0.0', 1: '1.0', 2: '0.0', 3: '1.0', 4: 0.779382229043984} 
{0: '0.0', 1: '1.0', 2: '0.0', 3: '1.0', 4: 0.0909904504621648} 
{0: '0.0', 1: '1.0', 2: '0.0', 3: '1.0', 4: 9.11684552542256e-05} 
{0: '0.0', 1: '1.0', 2: '0.0', 3: '1.0', 4: 0.32053769936763876} 
{0: '0.0', 1: '1.0', 2: '0.0', 3: '1.0', 4: 0.03674566194455201} 
{0: '0.0', 1: '1.0', 2: '0.0', 3: '1.0', 4: 0.3114010074871184} 
{0: '0.0', 1: '1.0', 2: '0.0', 3: '1.0', 4: 0.9835702273339685} 
{0: '0.0', 1: '1.0', 2: '0.0', 3: '1.0', 4: 0.10307732229847723} 
{0: '0.0', 1: '1.0', 2: '0.0', 3: '1.0', 4: 0.36648329188997597} 
{0: '0.0', 1: '1.0', 2: '0.0', 3: '1.0', 4: 1.8911025785675675} 
{0: '0.0', 1: '1.0', 2: '0.0', 3: '1.0', 4: 0.47583797820058177} 
{0: '0.0', 1: '1.0', 2: '0.0', 3: '1.0', 4: 0.6807993536783511} 
{0: '0.0', 1: '1.0', 2: '0.0', 3: '1.0', 4: 0.2714470312333891} 
{0: '0.0', 1: '1.0', 2: '0.0', 3: '1.0', 4: 0.9057546238008682} 
{0: '0.0', 1: '1.0', 2: '0.0', 3: '1.0', 4: 0.3380989856511064} 
{0: '0.0', 1: '1.0', 2: '0.0', 3: '1.0', 4: 0.19140192490138075} 
{0: '0.0', 1: '1.0', 2: '0.0', 3: '1.0', 4: 0.1362771127504671} 
{0: '0.0', 1: '1.0', 2: '0.0', 3: '1.0', 4: 1.0878370368198433} 
{0: '0.0', 1: '1.0', 2: '0.0', 3: '1.0', 4: 1.2068960474535118} 
{0: '0.0', 1: '1.0', 2: '0.0', 3: '1.0', 4: 0.04871958035866198} 
{0: '0.0', 1: '1.0', 2: '0.0', 3: '1.0', 4: 0.11210517546594059} 
{0: '0.0', 1: '1.0', 2: '0.0', 3: '1.0', 4: 0.10287207257158622} 
{0: '0.0', 1: '1.0', 2: '0.0', 3: '1.0', 4: 0.16300048696030842} 
{0: '0.0', 1: '1.0', 2: '0.0', 3: '1.0', 4: 0.004382548106718011} 
{0: '0.0', 1: '1.0', 2: '0.0', 3: '1.0', 4: 0.4031647415190389} 
{0: '0.0', 1: '1.0', 2: '0.0', 3: '1.0', 4: 1.0003746108834237} 
{0: '0.0', 1: '1.0', 2: '0.0', 3: '1.0', 4: 0.0940008317496285} 
{0: '0.0', 1: '1.0', 2: '0.0', 3: '1.0', 4: 1.3369868927378181} 
{0: '0.0', 1: '1.0', 2: '0.0', 3: '1.0', 4: 0.17869073605361446} 
{0: '0.0', 1: '1.0', 2: '0.0', 3: '1.0', 4: 0.060354505916725365} 
{0: '0.0', 1: '1.0', 2: '0.0', 3: '1.0', 4: 2.8959717925371065} 
{0: '0.0', 1: '1.0', 2: '0.0', 3: '1.0', 4: 0.10664386239593672} 
{0: '0.0', 1: '1.0', 2: '0.0', 3: '1.0', 4: 0.08560189822068334} 
{0: '0.0', 1: '1.0', 2: '0.0', 3: '1.0', 4: 0.030843372710200462} 
{0: '0.0', 1: '1.0', 2: '0.0', 3: '1.0', 4: 0.2130582085222183} 
{0: '0.0', 1: '1.0', 2: '0.0', 3: '1.0', 4: 0.14308291548316882} 
{0: '0.0', 1: '1.0', 2: '0.0', 3: '1.0', 4: 0.27414816438009304} 
{0: '0.0', 1: '1.0', 2: '0.0', 3: '1.0', 4: 1.8190353421428045} 
{0: '0.0', 1: '1.0', 2: '0.0', 3: '1.0', 4: 0.3696567827568221} 
{0: '0.0', 1: '1.0', 2: '0.0', 3: '1.0', 4: 0.5186946888573364} 
{0: '0.0', 1: '1.0', 2: '0.0', 3: '1.0', 4: 1.420580135251578} 
{0: '0.0', 1: '1.0', 2: '0.0', 3: '1.0', 4: 0.0072065318592149956} 
{0: '0.0', 1: '1.0', 2: '0.0', 3: '1.0', 4: 1.0166572656168509} 
{0: '0.0', 1: '1.0', 2: '0.0', 3: '1.0', 4: 0.015792982139558636} 
{0: '0.0', 1: '1.0', 2: '0.0', 3: '1.0', 4: 0.17761963592436836} 
{0: '0.0', 1: '1.0', 2: '0.0', 3: '1.0', 4: 0.07456187609717585} 
{0: '0.0', 1: '1.0', 2: '0.0', 3: '1.0', 4: 0.08969329268450824} 
{0: '0.0', 1: '1.0', 2: '0.0', 3: '1.0', 4: 0.10117276795634404} 
{0: '0.0', 1: '1.0', 2: '0.0', 3: '1.0', 4: 3.0133168933244407} 
{0: '0.0', 1: '1.0', 2: '0.0', 3: '1.0', 4: 0.19794554966583852} 
{0: '0.0', 1: '1.0', 2: '0.0', 3: '1.0', 4: 0.13710556535782678} 
{0: '0.0', 1: '1.0', 2: '0.0', 3: '1.0', 4: 0.5418638549004811} 
{0: '0.0', 1: '1.0', 2: '0.0', 3: '1.0', 4: 0.5692874398124652} 
{0: '0.0', 1: '1.0', 2: '0.0', 3: '1.0', 4: 0.016348390626692674} 
{0: '0.0', 1: '1.0', 2: '0.0', 3: '1.0', 4: 0.18865270120896924} 
{0: '0.0', 1: '1.0', 2: '0.0', 3: '1.0', 4: 8.419401790259998e-05} 
{0: '0.0', 1: '1.0', 2: '0.0', 3: '1.0', 4: 0.35805504267684224} 
{0: '0.0', 1: '1.0', 2: '0.0', 3: '1.0', 4: 0.19869143827493518} 
{0: '0.0', 1: '1.0', 2: '0.0', 3: '1.0', 4: 2.2521599916608843} 
{0: '0.0', 1: '1.0', 2: '0.0', 3: '1.0', 4: 0.052815807589507005} 
{0: '0.0', 1: '1.0', 2: '0.0', 3: '1.0', 4: 0.31886859734842915} 
{0: '0.0', 1: '1.0', 2: '0.0', 3: '1.0', 4: 0.36352712900776185} 
{0: '0.0', 1: '1.0', 2: '0.0', 3: '1.0', 4: 0.013865392683598361} 
{0: '0.0', 1: '1.0', 2: '0.0', 3: '1.0', 4: 0.10610211476976057} 
{0: '0.0', 1: '1.0', 2: '0.0', 3: '1.0', 4: 0.49700012693896145} 
{0: '0.0', 1: '1.0', 2: '0.0', 3: '1.0', 4: 0.008680775179243379} 
{0: '0.0', 1: '1.0', 2: '0.0', 3: '1.0', 4: 1.4762553181110138} 
{0: '0.0', 1: '1.0', 2: '0.0', 3: '1.0', 4: 0.39868816106257704} 
{0: '0.0', 1: '1.0', 2: '0.0', 3: '1.0', 4: 0.1941704516943082} 
{0: '0.0', 1: '1.0', 2: '0.0', 3: '1.0', 4: 0.12133564712310044} 
{0: '0.0', 1: '1.0', 2: '0.0', 3: '1.0', 4: 0.597507592937912} 
{0: '0.0', 1: '1.0', 2: '0.0', 3: '1.0', 4: 0.001228099223721754} 
{0: '0.0', 1: '1.0', 2: '0.0', 3: '1.0', 4: 0.016527130468215055} 
{0: '0.0', 1: '1.0', 2: '0.0', 3: '1.0', 4: 0.3252738365146225} 
{0: '0.0', 1: '1.0', 2: '0.0', 3: '1.0', 4: 0.03465334674808976} 
{0: '0.0', 1: '1.0', 2: '0.0', 3: '1.0', 4: 0.799300764284467} 
{0: '0.0', 1: '1.0', 2: '0.0', 3: '1.0', 4: 0.00014232846698786813} 
{0: '0.0', 1: '1.0', 2: '0.0', 3: '1.0', 4: 0.36888879568566146} 
{0: '0.0', 1: '1.0', 2: '0.0', 3: '1.0', 4: 0.02902006387029274} 
{0: '0.0', 1: '1.0', 2: '0.0', 3: '1.0', 4: 0.18668386146692895} 
{0: '0.0', 1: '1.0', 2: '0.0', 3: '1.0', 4: 0.20363152008605348} 
{0: '0.0', 1: '1.0', 2: '0.0', 3: '1.0', 4: 0.4741071688802422} 
{0: '0.0', 1: '1.0', 2: '0.0', 3: '1.0', 4: 0.08939751672037433} 
{0: '0.0', 1: '1.0', 2: '0.0', 3: '1.0', 4: 0.918158159457874} 
{0: '0.0', 1: '1.0', 2: '0.0', 3: '1.0', 4: 0.05955288674771362} 
{0: '0.0', 1: '1.0', 2: '0.0', 3: '1.0', 4: 0.002608505844520188} 
{0: '0.0', 1: '1.0', 2: '0.0', 3: '1.0', 4: 0.18528975154124555} 
{0: '0.0', 1: '1.0', 2: '0.0', 3: '1.0', 4: 0.4723119834130266} 
{0: '0.0', 1: '1.0', 2: '0.0', 3: '1.0', 4: 0.33609130983390806} 
{0: '0.0', 1: '1.0', 2: '0.0', 3: '1.0', 4: 0.3543181219002462} 
{0: '0.0', 1: '1.0', 2: '0.0', 3: '1.0', 4: 0.21778374571903064} 
{0: '0.0', 1: '1.0', 2: '0.0', 3: '1.0', 4: 0.015633172658283314} 
{0: '0.0', 1: '1.0', 2: '0.0', 3: '1.0', 4: 0.07206571007109601} 
{0: '0.0', 1: '1.0', 2: '0.0', 3: '1.0', 4: 0.08154343953601524} 
{0: '0.0', 1: '1.0', 2: '0.0', 3: '1.0', 4: 0.17560770437513093} 
{0: '0.0', 1: '1.0', 2: '0.0', 3: '1.0', 4: 0.7711478888649943} 
{0: '0.0', 1: '1.0', 2: '0.0', 3: '1.0', 4: 0.04525401380200876} 
{0: '0.0', 1: '1.0', 2: '0.0', 3: '1.0', 4: 0.0004315291403857919} 
{0: '0.0', 1: '1.0', 2: '0.0', 3: '1.0', 4: 0.7546112015504961} 
{0: '0.0', 1: '1.0', 2: '0.0', 3: '1.0', 4: 9.988806140816427e-05} 
{0: '0.0', 1: '1.0', 2: '0.0', 3: '1.0', 4: 2.822711290756237} 
{0: '0.0', 1: '1.0', 2: '0.0', 3: '1.0', 4: 1.064932499121348} 
{0: '0.0', 1: '1.0', 2: '0.0', 3: '1.0', 4: 0.04382989673800032} 
{0: '0.0', 1: '1.0', 2: '0.0', 3: '1.0', 4: 0.9218403322523261} 
{0: '0.0', 1: '1.0', 2: '0.0', 3: '1.0', 4: 0.043233947209942336} 
{0: '0.0', 1: '1.0', 2: '0.0', 3: '1.0', 4: 0.06082921290039123} 
{0: '0.0', 1: '1.0', 2: '0.0', 3: '1.0', 4: 1.106108273918116} 
{0: '0.0', 1: '1.0', 2: '0.0', 3: '1.0', 4: 0.028882337301108053} 
{0: '0.0', 1: '1.0', 2: '0.0', 3: '1.0', 4: 0.42000678088789034} 
{0: '0.0', 1: '1.0', 2: '0.0', 3: '1.0', 4: 0.9345125386504002} 
{0: '0.0', 1: '1.0', 2: '0.0', 3: '1.0', 4: 0.0074650798517946855} 
{0: '0.0', 1: '1.0', 2: '0.0', 3: '1.0', 4: 0.17702297435257802} 
{0: '0.0', 1: '1.0', 2: '0.0', 3: '1.0', 4: 1.2049785894828509} 
{0: '0.0', 1: '1.0', 2: '0.0', 3: '1.0', 4: 0.6701493202054567} 
{0: '0.0', 1: '1.0', 2: '0.0', 3: '1.0', 4: 1.1159530482237994} 
{0: '0.0', 1: '1.0', 2: '0.0', 3: '1.0', 4: 0.2879705370819358} 
{0: '0.0', 1: '1.0', 2: '0.0', 3: '1.0', 4: 0.024780435786123326} 
{0: '0.0', 1: '1.0', 2: '0.0', 3: '1.0', 4: 0.43761169692055946} 
{0: '0.0', 1: '1.0', 2: '0.0', 3: '1.0', 4: 0.6218631641597874} 
{0: '0.0', 1: '1.0', 2: '0.0', 3: '1.0', 4: 0.021686030236181812} 
{0: '0.0', 1: '1.0', 2: '0.0', 3: '1.0', 4: 0.779290351148466} 
{0: '0.0', 1: '1.0', 2: '0.0', 3: '1.0', 4: 0.05921139025178638} 
{0: '0.0', 1: '1.0', 2: '0.0', 3: '1.0', 4: 0.0003777224295709829} 
{0: '0.0', 1: '1.0', 2: '0.0', 3: '1.0', 4: 0.7624828274263085} 
{0: '0.0', 1: '1.0', 2: '0.0', 3: '1.0', 4: 0.5529902825717623} 
{0: '0.0', 1: '1.0', 2: '0.0', 3: '1.0', 4: 1.2064545212666107} 
{0: '0.0', 1: '1.0', 2: '0.0', 3: '1.0', 4: 0.4380051325754815} 
{0: '0.0', 1: '1.0', 2: '0.0', 3: '1.0', 4: 0.0407225018082872} 
{0: '0.0', 1: '1.0', 2: '0.0', 3: '1.0', 4: 0.7275161536182618} 
{0: '0.0', 1: '1.0', 2: '0.0', 3: '1.0', 4: 0.05970642345336087} 
{0: '0.0', 1: '1.0', 2: '0.0', 3: '1.0', 4: 0.32997019743700695} 
{0: '0.0', 1: '1.0', 2: '0.0', 3: '1.0', 4: 0.14593438903166614} 
{0: '0.0', 1: '1.0', 2: '0.0', 3: '1.0', 4: 0.0188234256073383} 
{0: '0.0', 1: '1.0', 2: '0.0', 3: '1.0', 4: 0.4389148589297085} 
{0: '0.0', 1: '1.0', 2: '0.0', 3: '1.0', 4: 0.4959319760078236} 
{0: '0.0', 1: '1.0', 2: '0.0', 3: '1.0', 4: 1.3473278302197504} 
{0: '0.0', 1: '1.0', 2: '0.0', 3: '1.0', 4: 0.01811943021881963} 
{0: '0.0', 1: '1.0', 2: '0.0', 3: '1.0', 4: 1.6018408566305975} 
{0: '0.0', 1: '1.0', 2: '0.0', 3: '1.0', 4: 0.0163653672392921} 
{0: '0.0', 1: '1.0', 2: '0.0', 3: '1.0', 4: 0.017154317055339176} 
{0: '0.0', 1: '1.0', 2: '0.0', 3: '1.0', 4: 0.04710730828688931} 
{0: '0.0', 1: '1.0', 2: '0.0', 3: '1.0', 4: 0.9468309432225583} 
{0: '0.0', 1: '1.0', 2: '0.0', 3: '1.0', 4: 0.00688527534693738} 
{0: '0.0', 1: '1.0', 2: '0.0', 3: '1.0', 4: 0.15094749472867328} 
{0: '0.0', 1: '1.0', 2: '0.0', 3: '1.0', 4: 0.46122610503572053} 
{0: '0.0', 1: '1.0', 2: '0.0', 3: '1.0', 4: 0.28351699669562863} 
{0: '0.0', 1: '1.0', 2: '0.0', 3: '1.0', 4: 0.11994212312469578} 
{0: '0.0', 1: '1.0', 2: '0.0', 3: '1.0', 4: 0.011367665455975286} 
{0: '0.0', 1: '1.0', 2: '0.0', 3: '1.0', 4: 0.0032871045849866046} 
{0: '0.0', 1: '1.0', 2: '0.0', 3: '1.0', 4: 0.3827692532271963} 
{0: '0.0', 1: '1.0', 2: '0.0', 3: '1.0', 4: 2.869926755302832} 
{0: '0.0', 1: '1.0', 2: '0.0', 3: '1.0', 4: 0.0862007515770835} 
{0: '0.0', 1: '1.0', 2: '0.0', 3: '1.0', 4: 0.06199373958405428} 
{0: '0.0', 1: '1.0', 2: '0.0', 3: '1.0', 4: 0.04849245610508757} 
{0: '0.0', 1: '1.0', 2: '0.0', 3: '1.0', 4: 0.009382409002328862} 
{0: '0.0', 1: '1.0', 2: '0.0', 3: '1.0', 4: 1.1257500377085978} 
{0: '0.0', 1: '1.0', 2: '0.0', 3: '1.0', 4: 0.14194020705854782} 
{0: '0.0', 1: '1.0', 2: '0.0', 3: '1.0', 4: 0.6920217550058136} 
{0: '0.0', 1: '1.0', 2: '0.0', 3: '1.0', 4: 1.0492503609312265} 
{0: '0.0', 1: '1.0', 2: '0.0', 3: '1.0', 4: 1.0087767988199463} 
{0: '0.0', 1: '1.0', 2: '0.0', 3: '1.0', 4: 0.13033321936691533} 
{0: '0.0', 1: '1.0', 2: '0.0', 3: '1.0', 4: 0.3519736288915142} 
{0: '0.0', 1: '1.0', 2: '0.0', 3: '1.0', 4: 1.941991454797433} 
{0: '0.0', 1: '1.0', 2: '0.0', 3: '1.0', 4: 0.08084899444207841} 
{0: '0.0', 1: '1.0', 2: '0.0', 3: '1.0', 4: 0.03143469866241436} 
{0: '0.0', 1: '1.0', 2: '0.0', 3: '1.0', 4: 0.3235676296057976} 
{0: '0.0', 1: '1.0', 2: '0.0', 3: '1.0', 4: 0.10027582961059034} 
{0: '0.0', 1: '1.0', 2: '0.0', 3: '1.0', 4: 0.07642639554033864} 
{0: '0.0', 1: '1.0', 2: '0.0', 3: '1.0', 4: 3.8039620779258594} 
{0: '0.0', 1: '1.0', 2: '0.0', 3: '1.0', 4: 0.01224169230117672} 
{0: '0.0', 1: '1.0', 2: '0.0', 3: '1.0', 4: 0.5551148305611607} 
{0: '0.0', 1: '1.0', 2: '0.0', 3: '1.0', 4: 0.2185504379215664} 
{0: '0.0', 1: '1.0', 2: '0.0', 3: '1.0', 4: 0.0092921782402719} 
{0: '0.0', 1: '1.0', 2: '0.0', 3: '1.0', 4: 0.03470995789607766} 
{0: '0.0', 1: '1.0', 2: '0.0', 3: '1.0', 4: 0.3969338095146597} 
{0: '0.0', 1: '1.0', 2: '0.0', 3: '1.0', 4: 0.2759707736867512} 
{0: '0.0', 1: '1.0', 2: '0.0', 3: '1.0', 4: 0.15281290040774634} 
{0: '0.0', 1: '1.0', 2: '0.0', 3: '1.0', 4: 0.992406983033114} 
{0: '0.0', 1: '1.0', 2: '0.0', 3: '1.0', 4: 0.006163475382845812} 
{0: '0.0', 1: '1.0', 2: '0.0', 3: '1.0', 4: 0.05171477214083772} 
{0: '0.0', 1: '1.0', 2: '0.0', 3: '1.0', 4: 2.2232676101541746} 
{0: '0.0', 1: '1.0', 2: '0.0', 3: '1.0', 4: 2.1717811586054103} 
{0: '0.0', 1: '1.0', 2: '0.0', 3: '1.0', 4: 0.6141963074819825} 
{0: '0.0', 1: '1.0', 2: '0.0', 3: '1.0', 4: 0.0423820199903991} 
{0: '0.0', 1: '1.0', 2: '0.0', 3: '1.0', 4: 1.1971618890370751e-05} 
{0: '0.0', 1: '1.0', 2: '0.0', 3: '1.0', 4: 0.013773318214149588} 
{0: '0.0', 1: '1.0', 2: '0.0', 3: '1.0', 4: 0.21677063381021108} 
{0: '0.0', 1: '1.0', 2: '0.0', 3: '1.0', 4: 0.009853063971413185} 
{0: '0.0', 1: '1.0', 2: '0.0', 3: '1.0', 4: 1.9185841128394177} 
{0: '0.0', 1: '1.0', 2: '0.0', 3: '1.0', 4: 0.0008814899889081832} 
{0: '0.0', 1: '1.0', 2: '0.0', 3: '1.0', 4: 0.0022911234253208215} 
{0: '0.0', 1: '1.0', 2: '0.0', 3: '1.0', 4: 0.19758269810438725} 
{0: '0.0', 1: '1.0', 2: '0.0', 3: '1.0', 4: 1.0000652198630218} 
{0: '0.0', 1: '1.0', 2: '0.0', 3: '1.0', 4: 0.002892232508089915} 
{0: '0.0', 1: '1.0', 2: '0.0', 3: '1.0', 4: 0.008280669211521676} 
{0: '0.0', 1: '1.0', 2: '0.0', 3: '1.0', 4: 0.13497348927846045} 
{0: '0.0', 1: '1.0', 2: '0.0', 3: '1.0', 4: 0.5590904582903105} 
{0: '0.0', 1: '1.0', 2: '0.0', 3: '1.0', 4: 0.7400066871460053} 
{0: '0.0', 1: '1.0', 2: '0.0', 3: '1.0', 4: 0.12434925136281233} 
{0: '0.0', 1: '1.0', 2: '0.0', 3: '1.0', 4: 2.31382549204913} 
{0: '0.0', 1: '1.0', 2: '0.0', 3: '1.0', 4: 0.24520549029256175} 
{0: '0.0', 1: '1.0', 2: '0.0', 3: '1.0', 4: 0.08246060810209774} 
{0: '0.0', 1: '1.0', 2: '0.0', 3: '1.0', 4: 0.03740481819951193} 
{0: '0.0', 1: '1.0', 2: '0.0', 3: '1.0', 4: 0.1852120839102654} 
{0: '0.0', 1: '1.0', 2: '0.0', 3: '1.0', 4: 0.052127442952118644} 
{0: '0.0', 1: '1.0', 2: '0.0', 3: '1.0', 4: 0.04882492310694942} 
{0: '0.0', 1: '1.0', 2: '0.0', 3: '1.0', 4: 0.28235108299876505} 
{0: '0.0', 1: '1.0', 2: '0.0', 3: '1.0', 4: 0.007473458393500938} 
{0: '0.0', 1: '1.0', 2: '0.0', 3: '1.0', 4: 0.004955573864540387} 
{0: '0.0', 1: '1.0', 2: '0.0', 3: '1.0', 4: 0.8263105655348301} 
{0: '0.0', 1: '1.0', 2: '0.0', 3: '1.0', 4: 0.2630591124966264} 
{0: '0.0', 1: '1.0', 2: '0.0', 3: '1.0', 4: 0.1540962083346351} 
{0: '0.0', 1: '1.0', 2: '0.0', 3: '1.0', 4: 0.09345503130516054} 
{0: '0.0', 1: '1.0', 2: '0.0', 3: '1.0', 4: 0.24239424743673058} 
{0: '0.0', 1: '1.0', 2: '0.0', 3: '1.0', 4: 0.124357418297849} 
{0: '0.0', 1: '1.0', 2: '0.0', 3: '1.0', 4: 1.0224308579023031} 
{0: '0.0', 1: '1.0', 2: '0.0', 3: '1.0', 4: 0.2133953617742341} 
{0: '0.0', 1: '1.0', 2: '0.0', 3: '1.0', 4: 1.0171207851023258} 
{0: '0.0', 1: '1.0', 2: '0.0', 3: '1.0', 4: 9.86432566216116e-06} 
{0: '0.0', 1: '1.0', 2: '0.0', 3: '1.0', 4: 0.3447498202306946} 
{0: '0.0', 1: '1.0', 2: '0.0', 3: '1.0', 4: 8.951253821691134} 
{0: '0.0', 1: '1.0', 2: '0.0', 3: '1.0', 4: 1.0794309527937307} 
{0: '0.0', 1: '1.0', 2: '0.0', 3: '1.0', 4: 0.10476116243660967} 
{0: '0.0', 1: '1.0', 2: '0.0', 3: '1.0', 4: 0.11485087601153886} 
{0: '0.0', 1: '1.0', 2: '0.0', 3: '1.0', 4: 0.24122961376095892} 
{0: '0.0', 1: '1.0', 2: '0.0', 3: '1.0', 4: 0.5942861199620691} 
{0: '0.0', 1: '1.0', 2: '0.0', 3: '1.0', 4: 0.09401040028291245} 
{0: '0.0', 1: '1.0', 2: '0.0', 3: '1.0', 4: 0.8847991905047367} 
{0: '0.0', 1: '1.0', 2: '0.0', 3: '1.0', 4: 0.09146266039828586} 
{0: '0.0', 1: '1.0', 2: '0.0', 3: '1.0', 4: 0.05065252694271324} 
{0: '0.0', 1: '1.0', 2: '0.0', 3: '1.0', 4: 0.09783943638736374} 
{0: '0.0', 1: '1.0', 2: '0.0', 3: '1.0', 4: 0.0005256458040748378} 
{0: '0.0', 1: '1.0', 2: '0.0', 3: '1.0', 4: 0.0005993838522855365} 
{0: '0.0', 1: '1.0', 2: '0.0', 3: '1.0', 4: 1.405864915275894} 
{0: '0.0', 1: '1.0', 2: '0.0', 3: '1.0', 4: 0.04020501293210507} 
{0: '0.0', 1: '1.0', 2: '0.0', 3: '1.0', 4: 0.33710032924993705} 
{0: '0.0', 1: '1.0', 2: '0.0', 3: '1.0', 4: 0.3147362966695663} 
{0: '0.0', 1: '1.0', 2: '0.0', 3: '1.0', 4: 0.009764836129493998} 
{0: '0.0', 1: '1.0', 2: '0.0', 3: '1.0', 4: 1.0578793623286975} 
{0: '0.0', 1: '1.0', 2: '0.0', 3: '1.0', 4: 0.009597890287975076} 
{0: '0.0', 1: '1.0', 2: '0.0', 3: '1.0', 4: 0.05743503763054176} 
{0: '0.0', 1: '1.0', 2: '0.0', 3: '1.0', 4: 0.19665067222876462} 
{0: '0.0', 1: '1.0', 2: '0.0', 3: '1.0', 4: 1.7021632989422193} 
{0: '0.0', 1: '1.0', 2: '0.0', 3: '1.0', 4: 0.018453585540950623} 
{0: '0.0', 1: '1.0', 2: '0.0', 3: '1.0', 4: 0.37170873042210634} 
{0: '0.0', 1: '1.0', 2: '0.0', 3: '1.0', 4: 0.6936234791177062} 
{0: '0.0', 1: '1.0', 2: '0.0', 3: '1.0', 4: 0.16040691044948513} 
{0: '0.0', 1: '1.0', 2: '0.0', 3: '1.0', 4: 2.667970465069046} 
{0: '0.0', 1: '1.0', 2: '0.0', 3: '1.0', 4: 0.33356020721178603} 
{0: '0.0', 1: '1.0', 2: '0.0', 3: '1.0', 4: 2.451716647416262} 
{0: '0.0', 1: '1.0', 2: '0.0', 3: '1.0', 4: 0.22650474333004908} 
{0: '0.0', 1: '1.0', 2: '0.0', 3: '1.0', 4: 0.17127445405752806} 
{0: '0.0', 1: '1.0', 2: '0.0', 3: '1.0', 4: 2.6605314967762274e-05} 
{0: '0.0', 1: '1.0', 2: '0.0', 3: '1.0', 4: 0.9097918204669896} 
{0: '0.0', 1: '1.0', 2: '0.0', 3: '1.0', 4: 3.6132879956805866} 
{0: '0.0', 1: '1.0', 2: '0.0', 3: '1.0', 4: 0.6597640453613202} 
{0: '0.0', 1: '1.0', 2: '0.0', 3: '1.0', 4: 2.584722392459294} 
{0: '0.0', 1: '1.0', 2: '0.0', 3: '1.0', 4: 0.35203936607778225} 
{0: '0.0', 1: '1.0', 2: '0.0', 3: '1.0', 4: 0.2362451530588412} 
{0: '0.0', 1: '1.0', 2: '0.0', 3: '1.0', 4: 2.744328840265056} 
{0: '0.0', 1: '1.0', 2: '0.0', 3: '1.0', 4: 0.21017053977864628} 
{0: '0.0', 1: '1.0', 2: '0.0', 3: '1.0', 4: 0.011774921941848527} 
{0: '0.0', 1: '1.0', 2: '0.0', 3: '1.0', 4: 0.9545479224162684} 
{0: '0.0', 1: '1.0', 2: '0.0', 3: '1.0', 4: 0.09927366907482303} 
{0: '0.0', 1: '1.0', 2: '0.0', 3: '1.0', 4: 0.07695642600495543} 
{0: '0.0', 1: '1.0', 2: '0.0', 3: '1.0', 4: 0.3203617048540045} 
{0: '0.0', 1: '1.0', 2: '0.0', 3: '1.0', 4: 0.08434419101576214} 
{0: '0.0', 1: '1.0', 2: '0.0', 3: '1.0', 4: 0.018148659439182115} 
{0: '0.0', 1: '1.0', 2: '0.0', 3: '1.0', 4: 0.3726646003201944} 
{0: '0.0', 1: '1.0', 2: '0.0', 3: '1.0', 4: 0.3911643303544604} 
{0: '0.0', 1: '1.0', 2: '0.0', 3: '1.0', 4: 0.10998011120028675} 
{0: '0.0', 1: '1.0', 2: '0.0', 3: '1.0', 4: 0.06164169854059482} 
{0: '0.0', 1: '1.0', 2: '0.0', 3: '1.0', 4: 0.28664562686339223} 
{0: '0.0', 1: '1.0', 2: '0.0', 3: '1.0', 4: 2.260147146666162} 
{0: '0.0', 1: '1.0', 2: '0.0', 3: '1.0', 4: 0.005048598149409704} 
{0: '0.0', 1: '1.0', 2: '0.0', 3: '1.0', 4: 0.33672329483803076} 
{0: '0.0', 1: '1.0', 2: '0.0', 3: '1.0', 4: 0.3237190101362958} 
{0: '0.0', 1: '1.0', 2: '0.0', 3: '1.0', 4: 0.09963965617657147} 
{0: '0.0', 1: '1.0', 2: '0.0', 3: '1.0', 4: 1.4483322269530456} 
{0: '0.0', 1: '1.0', 2: '0.0', 3: '1.0', 4: 0.00011256572941451798} 
{0: '0.0', 1: '1.0', 2: '0.0', 3: '1.0', 4: 0.23301539278389244} 
{0: '0.0', 1: '1.0', 2: '0.0', 3: '1.0', 4: 1.0579884455136176e-08} 
{0: '0.0', 1: '1.0', 2: '0.0', 3: '1.0', 4: 0.7402375760133869} 
{0: '0.0', 1: '1.0', 2: '0.0', 3: '1.0', 4: 0.08496077015078136} 
{0: '0.0', 1: '1.0', 2: '0.0', 3: '1.0', 4: 0.5215054498840825} 
{0: '0.0', 1: '1.0', 2: '0.0', 3: '1.0', 4: 1.5672680856916716} 
{0: '0.0', 1: '1.0', 2: '0.0', 3: '1.0', 4: 0.42398516334420067} 
{0: '0.0', 1: '1.0', 2: '0.0', 3: '1.0', 4: 1.3737268841193007} 
{0: '0.0', 1: '1.0', 2: '0.0', 3: '1.0', 4: 0.12442750161721082} 
{0: '0.0', 1: '1.0', 2: '0.0', 3: '1.0', 4: 0.052471014846865734} 
{0: '0.0', 1: '1.0', 2: '0.0', 3: '1.0', 4: 0.022556949180149232} 
{0: '0.0', 1: '1.0', 2: '0.0', 3: '1.0', 4: 0.5556277143438172} 
{0: '0.0', 1: '1.0', 2: '0.0', 3: '1.0', 4: 0.06356431036348648} 
{0: '0.0', 1: '1.0', 2: '0.0', 3: '1.0', 4: 0.24028143952319178} 
{0: '0.0', 1: '1.0', 2: '0.0', 3: '1.0', 4: 0.41147422254059873} 
{0: '0.0', 1: '1.0', 2: '0.0', 3: '1.0', 4: 0.1740272402539939} 
{0: '0.0', 1: '1.0', 2: '0.0', 3: '1.0', 4: 0.7092832923696307} 
{0: '0.0', 1: '1.0', 2: '0.0', 3: '1.0', 4: 0.5906974111967233} 
{0: '0.0', 1: '1.0', 2: '0.0', 3: '1.0', 4: 2.3671211834765375} 
{0: '0.0', 1: '1.0', 2: '0.0', 3: '1.0', 4: 0.1600269163200861} 
{0: '0.0', 1: '1.0', 2: '0.0', 3: '1.0', 4: 1.67593578419587} 
{0: '0.0', 1: '1.0', 2: '0.0', 3: '1.0', 4: 0.153774894804975} 
{0: '0.0', 1: '1.0', 2: '0.0', 3: '1.0', 4: 0.0012085719950461129} 
{0: '0.0', 1: '1.0', 2: '0.0', 3: '1.0', 4: 0.05950581764597559} 
{0: '0.0', 1: '1.0', 2: '0.0', 3: '1.0', 4: 1.555583764132563} 
{0: '0.0', 1: '1.0', 2: '0.0', 3: '1.0', 4: 1.935733195019469} 
{0: '0.0', 1: '1.0', 2: '0.0', 3: '1.0', 4: 1.660871594569785} 
{0: '0.0', 1: '1.0', 2: '0.0', 3: '1.0', 4: 0.3521016806639143} 
{0: '0.0', 1: '1.0', 2: '0.0', 3: '1.0', 4: 3.0481592829830313} 
{0: '0.0', 1: '1.0', 2: '0.0', 3: '1.0', 4: 0.010145806824859858} 
{0: '0.0', 1: '1.0', 2: '0.0', 3: '1.0', 4: 0.09031833935195165} 
{0: '0.0', 1: '1.0', 2: '0.0', 3: '1.0', 4: 1.5672561246327508} 
{0: '0.0', 1: '1.0', 2: '0.0', 3: '1.0', 4: 0.08589735370309781} 
{0: '0.0', 1: '1.0', 2: '0.0', 3: '1.0', 4: 0.17816794400749322} 
{0: '0.0', 1: '1.0', 2: '0.0', 3: '1.0', 4: 4.301330916866327} 
{0: '0.0', 1: '1.0', 2: '0.0', 3: '1.0', 4: 0.7985264107231511} 
{0: '0.0', 1: '1.0', 2: '0.0', 3: '1.0', 4: 1.0707642423076325} 
{0: '0.0', 1: '1.0', 2: '0.0', 3: '1.0', 4: 0.16688724274956293} 
{0: '0.0', 1: '1.0', 2: '0.0', 3: '1.0', 4: 0.24367179020438998} 
{0: '0.0', 1: '1.0', 2: '0.0', 3: '1.0', 4: 0.0468766532742222} 
{0: '0.0', 1: '1.0', 2: '0.0', 3: '1.0', 4: 0.03790514382388969} 
{0: '0.0', 1: '1.0', 2: '0.0', 3: '1.0', 4: 0.2975182356234497} 
{0: '0.0', 1: '1.0', 2: '0.0', 3: '1.0', 4: 0.16993359817257409} 
{0: '0.0', 1: '1.0', 2: '0.0', 3: '1.0', 4: 0.00655469629633942} 
{0: '0.0', 1: '1.0', 2: '0.0', 3: '1.0', 4: 0.6231800685067316} 
{0: '0.0', 1: '1.0', 2: '0.0', 3: '1.0', 4: 0.6073667130814548} 
{0: '0.0', 1: '1.0', 2: '0.0', 3: '1.0', 4: 0.003981316704773199} 
{0: '0.0', 1: '1.0', 2: '0.0', 3: '1.0', 4: 0.028597232405958888} 
{0: '0.0', 1: '1.0', 2: '0.0', 3: '1.0', 4: 0.034433316966237394} 
{0: '0.0', 1: '1.0', 2: '0.0', 3: '1.0', 4: 0.6609359501103304} 
{0: '0.0', 1: '1.0', 2: '0.0', 3: '1.0', 4: 0.0015378035107701648} 
{0: '0.0', 1: '1.0', 2: '0.0', 3: '1.0', 4: 0.0033519076482530614} 
{0: '0.0', 1: '1.0', 2: '0.0', 3: '1.0', 4: 0.014055256635749715} 
{0: '0.0', 1: '1.0', 2: '0.0', 3: '1.0', 4: 0.16485428406521258} 
{0: '0.0', 1: '1.0', 2: '0.0', 3: '1.0', 4: 0.0968952429857034} 
{0: '0.0', 1: '1.0', 2: '0.0', 3: '1.0', 4: 0.1589094156868882} 
{0: '0.0', 1: '1.0', 2: '0.0', 3: '1.0', 4: 0.03590278615538876} 
{0: '0.0', 1: '1.0', 2: '0.0', 3: '1.0', 4: 0.1540461397393188} 
{0: '0.0', 1: '1.0', 2: '0.0', 3: '1.0', 4: 2.8144846870136764} 
{0: '0.0', 1: '1.0', 2: '0.0', 3: '1.0', 4: 0.8330288144455584} 
{0: '0.0', 1: '1.0', 2: '0.0', 3: '1.0', 4: 0.3327998518931857} 
{0: '0.0', 1: '1.0', 2: '0.0', 3: '1.0', 4: 0.08037903164282795} 
{0: '0.0', 1: '1.0', 2: '0.0', 3: '1.0', 4: 0.011271447496246588} 
{0: '0.0', 1: '1.0', 2: '0.0', 3: '1.0', 4: 0.6051651339078781} 
{0: '0.0', 1: '1.0', 2: '0.0', 3: '1.0', 4: 0.07076035651356948} 
{0: '0.0', 1: '1.0', 2: '0.0', 3: '1.0', 4: 0.39372669673247584} 
{0: '0.0', 1: '1.0', 2: '0.0', 3: '1.0', 4: 0.07405916634524863} 
{0: '0.0', 1: '1.0', 2: '0.0', 3: '1.0', 4: 0.33115911261689557} 
{0: '0.0', 1: '1.0', 2: '0.0', 3: '1.0', 4: 0.1297919660009162} 
{0: '0.0', 1: '1.0', 2: '0.0', 3: '1.0', 4: 0.1476942272457646} 
{0: '0.0', 1: '1.0', 2: '0.0', 3: '1.0', 4: 1.2933743663402708} 
{0: '0.0', 1: '1.0', 2: '0.0', 3: '1.0', 4: 0.4362226690096112} 
{0: '0.0', 1: '1.0', 2: '0.0', 3: '1.0', 4: 0.006874937083641671} 
{0: '0.0', 1: '1.0', 2: '0.0', 3: '1.0', 4: 1.1122662818904192} 
{0: '0.0', 1: '1.0', 2: '0.0', 3: '1.0', 4: 0.07151310710536124} 
{0: '0.0', 1: '1.0', 2: '0.0', 3: '1.0', 4: 0.20812425691069367} 
{0: '0.0', 1: '1.0', 2: '0.0', 3: '1.0', 4: 0.4430306204376143} 
{0: '0.0', 1: '1.0', 2: '0.0', 3: '1.0', 4: 0.28588493892832134} 
{0: '0.0', 1: '1.0', 2: '0.0', 3: '1.0', 4: 0.13907467485457728} 
{0: '0.0', 1: '1.0', 2: '0.0', 3: '1.0', 4: 2.2076948402192116} 
{0: '0.0', 1: '1.0', 2: '0.0', 3: '1.0', 4: 1.9914565387425969} 
{0: '0.0', 1: '1.0', 2: '0.0', 3: '1.0', 4: 0.11490280822103566} 
{0: '0.0', 1: '1.0', 2: '0.0', 3: '1.0', 4: 0.6951692872959955} 
{0: '0.0', 1: '1.0', 2: '0.0', 3: '1.0', 4: 0.15932638023265774} 
{0: '0.0', 1: '1.0', 2: '0.0', 3: '1.0', 4: 0.2509088853239147} 
{0: '0.0', 1: '1.0', 2: '0.0', 3: '1.0', 4: 0.3770204649695719} 
{0: '0.0', 1: '1.0', 2: '0.0', 3: '1.0', 4: 0.04930378847955748} 
{0: '0.0', 1: '1.0', 2: '0.0', 3: '1.0', 4: 0.46679198916667286} 
{0: '0.0', 1: '1.0', 2: '0.0', 3: '1.0', 4: 0.9486510573736952} 
{0: '0.0', 1: '1.0', 2: '0.0', 3: '1.0', 4: 0.6705057110785674} 
{0: '0.0', 1: '1.0', 2: '0.0', 3: '1.0', 4: 0.060354074542180225} 
{0: '0.0', 1: '1.0', 2: '0.0', 3: '1.0', 4: 0.613244527987308} 
{0: '0.0', 1: '1.0', 2: '0.0', 3: '1.0', 4: 0.49510012713495} 
{0: '0.0', 1: '1.0', 2: '0.0', 3: '1.0', 4: 3.19539492401669} 
{0: '0.0', 1: '1.0', 2: '0.0', 3: '1.0', 4: 0.32371612600780103} 
{0: '0.0', 1: '1.0', 2: '0.0', 3: '1.0', 4: 2.928101732528938} 
{0: '0.0', 1: '1.0', 2: '0.0', 3: '1.0', 4: 0.21710224164243136} 
{0: '0.0', 1: '1.0', 2: '0.0', 3: '1.0', 4: 1.437126680301905} 
{0: '0.0', 1: '1.0', 2: '0.0', 3: '1.0', 4: 0.21963596005330438} 
{0: '0.0', 1: '1.0', 2: '0.0', 3: '1.0', 4: 0.48397099319709963} 
{0: '0.0', 1: '1.0', 2: '0.0', 3: '1.0', 4: 0.020190512529957124} 
{0: '0.0', 1: '1.0', 2: '0.0', 3: '1.0', 4: 0.11197546423429952} 
{0: '0.0', 1: '1.0', 2: '0.0', 3: '1.0', 4: 0.014557813220757538} 
{0: '0.0', 1: '1.0', 2: '0.0', 3: '1.0', 4: 0.24304750719899354} 
{0: '0.0', 1: '1.0', 2: '0.0', 3: '1.0', 4: 0.36259634227090687} 
{0: '0.0', 1: '1.0', 2: '0.0', 3: '1.0', 4: 0.20442223342698837} 
{0: '0.0', 1: '1.0', 2: '0.0', 3: '1.0', 4: 0.9327849443440642} 
{0: '0.0', 1: '1.0', 2: '0.0', 3: '1.0', 4: 0.038095422329508875} 
{0: '0.0', 1: '1.0', 2: '0.0', 3: '1.0', 4: 2.014613356987176} 
{0: '0.0', 1: '1.0', 2: '0.0', 3: '1.0', 4: 0.3879008510965075} 
{0: '0.0', 1: '1.0', 2: '0.0', 3: '1.0', 4: 0.037724335342684795} 
{0: '0.0', 1: '1.0', 2: '0.0', 3: '1.0', 4: 0.07765878721183161} 
{0: '0.0', 1: '1.0', 2: '0.0', 3: '1.0', 4: 1.2059233068840165} 
{0: '0.0', 1: '1.0', 2: '0.0', 3: '1.0', 4: 0.08574683008412598} 
{0: '0.0', 1: '1.0', 2: '0.0', 3: '1.0', 4: 0.3118630758339997} 
{0: '0.0', 1: '1.0', 2: '0.0', 3: '1.0', 4: 0.26813394804033386} 
{0: '0.0', 1: '1.0', 2: '0.0', 3: '1.0', 4: 0.3375110841427815} 
{0: '0.0', 1: '1.0', 2: '0.0', 3: '1.0', 4: 1.0490282279380945} 
{0: '0.0', 1: '1.0', 2: '0.0', 3: '1.0', 4: 0.10572994454172882} 
{0: '0.0', 1: '1.0', 2: '0.0', 3: '1.0', 4: 1.1252888568627926} 
{0: '0.0', 1: '1.0', 2: '0.0', 3: '1.0', 4: 0.21571326768144647} 
{0: '0.0', 1: '1.0', 2: '0.0', 3: '1.0', 4: 0.8334892882902111} 
{0: '0.0', 1: '1.0', 2: '0.0', 3: '1.0', 4: 0.5137828837161882} 
{0: '0.0', 1: '1.0', 2: '0.0', 3: '1.0', 4: 0.2088070485855594} 
{0: '0.0', 1: '1.0', 2: '0.0', 3: '1.0', 4: 0.6441230205734237} 
{0: '0.0', 1: '1.0', 2: '0.0', 3: '1.0', 4: 2.954273726412681} 
{0: '0.0', 1: '1.0', 2: '0.0', 3: '1.0', 4: 0.2867334303747491} 
{0: '0.0', 1: '1.0', 2: '0.0', 3: '1.0', 4: 0.002829734232328222} 
{0: '0.0', 1: '1.0', 2: '0.0', 3: '1.0', 4: 0.6052482012862355} 
{0: '0.0', 1: '1.0', 2: '0.0', 3: '1.0', 4: 0.6631546361584976} 
{0: '0.0', 1: '1.0', 2: '0.0', 3: '1.0', 4: 0.05747075650575268} 
{0: '0.0', 1: '1.0', 2: '0.0', 3: '1.0', 4: 0.027084547690740302} 
{0: '0.0', 1: '1.0', 2: '0.0', 3: '1.0', 4: 0.0904361868370157} 
{0: '0.0', 1: '1.0', 2: '0.0', 3: '1.0', 4: 0.08788256511323556} 
{0: '0.0', 1: '1.0', 2: '0.0', 3: '1.0', 4: 0.02483998376279572} 
{0: '0.0', 1: '1.0', 2: '0.0', 3: '1.0', 4: 0.00031261526122279066} 
{0: '0.0', 1: '1.0', 2: '0.0', 3: '1.0', 4: 0.048180516216818174} 
{0: '0.0', 1: '1.0', 2: '0.0', 3: '1.0', 4: 0.8969012596375364} 
{0: '0.0', 1: '1.0', 2: '0.0', 3: '1.0', 4: 0.06937234238304608} 
{0: '0.0', 1: '1.0', 2: '0.0', 3: '1.0', 4: 0.004460192719932185} 
{0: '0.0', 1: '1.0', 2: '0.0', 3: '1.0', 4: 0.0468337363778886} 
{0: '0.0', 1: '1.0', 2: '0.0', 3: '1.0', 4: 1.015177307674659} 
{0: '0.0', 1: '1.0', 2: '0.0', 3: '1.0', 4: 0.0811818489047808} 
{0: '0.0', 1: '1.0', 2: '0.0', 3: '1.0', 4: 0.052826242590585486} 
{0: '0.0', 1: '1.0', 2: '0.0', 3: '1.0', 4: 0.3978175124486386} 
{0: '0.0', 1: '1.0', 2: '0.0', 3: '1.0', 4: 0.1927066170246397} 
{0: '0.0', 1: '1.0', 2: '0.0', 3: '1.0', 4: 0.11545053939962391} 
{0: '0.0', 1: '1.0', 2: '0.0', 3: '1.0', 4: 0.33923930837342736} 
{0: '0.0', 1: '1.0', 2: '0.0', 3: '1.0', 4: 0.08894014355549103} 
{0: '0.0', 1: '1.0', 2: '0.0', 3: '1.0', 4: 0.1987460536401808} 
{0: '0.0', 1: '1.0', 2: '0.0', 3: '1.0', 4: 0.007735037275007108} 
{0: '0.0', 1: '1.0', 2: '0.0', 3: '1.0', 4: 2.8364222859340407} 
{0: '0.0', 1: '1.0', 2: '0.0', 3: '1.0', 4: 0.005400269543460024} 
{0: '0.0', 1: '1.0', 2: '0.0', 3: '1.0', 4: 0.6336523139912734} 
{0: '0.0', 1: '1.0', 2: '0.0', 3: '1.0', 4: 0.2623073273155278} 
{0: '0.0', 1: '1.0', 2: '0.0', 3: '1.0', 4: 0.08626798564479103} 
{0: '0.0', 1: '1.0', 2: '0.0', 3: '1.0', 4: 0.4397119258174049} 
{0: '0.0', 1: '1.0', 2: '0.0', 3: '1.0', 4: 0.3459003696145059} 
{0: '0.0', 1: '1.0', 2: '0.0', 3: '1.0', 4: 1.3829257390899292} 
{0: '0.0', 1: '1.0', 2: '0.0', 3: '1.0', 4: 0.02071166800495083} 
{0: '0.0', 1: '1.0', 2: '0.0', 3: '1.0', 4: 0.9977106819501174} 
{0: '0.0', 1: '1.0', 2: '0.0', 3: '1.0', 4: 1.4591632291552659} 
{0: '0.0', 1: '1.0', 2: '0.0', 3: '1.0', 4: 1.306900950908297} 
{0: '0.0', 1: '1.0', 2: '0.0', 3: '1.0', 4: 0.4533230908280373} 
{0: '0.0', 1: '1.0', 2: '0.0', 3: '1.0', 4: 1.654937533650974} 
{0: '0.0', 1: '1.0', 2: '0.0', 3: '1.0', 4: 0.050989913453382114} 
{0: '0.0', 1: '1.0', 2: '0.0', 3: '1.0', 4: 0.31413442440433653} 
{0: '0.0', 1: '1.0', 2: '0.0', 3: '1.0', 4: 0.022214036341621692} 
{0: '0.0', 1: '1.0', 2: '0.0', 3: '1.0', 4: 0.5316249985046306} 
{0: '0.0', 1: '1.0', 2: '0.0', 3: '1.0', 4: 0.045294099610403434} 
{0: '0.0', 1: '1.0', 2: '0.0', 3: '1.0', 4: 0.4490815897552824} 
{0: '0.0', 1: '1.0', 2: '0.0', 3: '1.0', 4: 0.24824223825266342} 
{0: '0.0', 1: '1.0', 2: '0.0', 3: '1.0', 4: 1.4266732650403462} 
{0: '0.0', 1: '1.0', 2: '0.0', 3: '1.0', 4: 0.12053145394810626} 
{0: '0.0', 1: '1.0', 2: '0.0', 3: '1.0', 4: 0.910056848493653} 
{0: '0.0', 1: '1.0', 2: '0.0', 3: '1.0', 4: 2.238213878616355} 
{0: '0.0', 1: '1.0', 2: '0.0', 3: '1.0', 4: 0.03671475333602013} 
{0: '0.0', 1: '1.0', 2: '0.0', 3: '1.0', 4: 1.365210966945089} 
{0: '0.0', 1: '1.0', 2: '0.0', 3: '1.0', 4: 0.23868815914061764} 
{0: '0.0', 1: '1.0', 2: '0.0', 3: '1.0', 4: 0.790858710389162} 
{0: '0.0', 1: '1.0', 2: '0.0', 3: '1.0', 4: 0.9753176111225267} 
{0: '0.0', 1: '1.0', 2: '0.0', 3: '1.0', 4: 0.12001366732761426} 
{0: '0.0', 1: '1.0', 2: '0.0', 3: '1.0', 4: 1.5987439632671685} 
{0: '0.0', 1: '1.0', 2: '0.0', 3: '1.0', 4: 0.20534060728371928} 
{0: '0.0', 1: '1.0', 2: '0.0', 3: '1.0', 4: 1.8166046819043002} 
{0: '0.0', 1: '1.0', 2: '0.0', 3: '1.0', 4: 0.024599863978531297} 
{0: '0.0', 1: '1.0', 2: '0.0', 3: '1.0', 4: 0.14092197662007935} 
{0: '0.0', 1: '1.0', 2: '0.0', 3: '1.0', 4: 0.5307150327885226} 
{0: '0.0', 1: '1.0', 2: '0.0', 3: '1.0', 4: 0.11741788341404553} 
{0: '0.0', 1: '1.0', 2: '0.0', 3: '1.0', 4: 0.13305524928923965} 
{0: '0.0', 1: '1.0', 2: '0.0', 3: '1.0', 4: 0.4241307554900021} 
{0: '0.0', 1: '1.0', 2: '0.0', 3: '1.0', 4: 0.09526891245762444} 
{0: '0.0', 1: '1.0', 2: '0.0', 3: '1.0', 4: 0.002101459425840119} 
{0: '0.0', 1: '1.0', 2: '0.0', 3: '1.0', 4: 0.03524337448263655} 
{0: '0.0', 1: '1.0', 2: '0.0', 3: '1.0', 4: 0.004147618760796532} 
{0: '0.0', 1: '1.0', 2: '0.0', 3: '1.0', 4: 0.028369897080209733} 
{0: '0.0', 1: '1.0', 2: '0.0', 3: '1.0', 4: 0.565273226891258} 
{0: '0.0', 1: '1.0', 2: '0.0', 3: '1.0', 4: 0.6091188562848902} 
{0: '0.0', 1: '1.0', 2: '0.0', 3: '1.0', 4: 0.4303291127658364} 
{0: '0.0', 1: '1.0', 2: '0.0', 3: '1.0', 4: 0.1970340163106358} 
{0: '0.0', 1: '1.0', 2: '0.0', 3: '1.0', 4: 0.5149882913699644} 
{0: '0.0', 1: '1.0', 2: '0.0', 3: '1.0', 4: 0.08816297605455607} 
{0: '0.0', 1: '1.0', 2: '0.0', 3: '1.0', 4: 0.07272045900845825} 
{0: '0.0', 1: '1.0', 2: '0.0', 3: '1.0', 4: 0.0743675597701463} 
{0: '0.0', 1: '1.0', 2: '0.0', 3: '1.0', 4: 0.025557153676783698} 
{0: '0.0', 1: '1.0', 2: '0.0', 3: '1.0', 4: 0.00010595260953975765} 
{0: '0.0', 1: '1.0', 2: '0.0', 3: '1.0', 4: 0.43647935196184573} 
{0: '0.0', 1: '1.0', 2: '0.0', 3: '1.0', 4: 0.27798368226270453} 
{0: '0.0', 1: '1.0', 2: '0.0', 3: '1.0', 4: 0.05775020220251248} 
{0: '0.0', 1: '1.0', 2: '0.0', 3: '1.0', 4: 0.08802865042080879} 
{0: '0.0', 1: '1.0', 2: '0.0', 3: '1.0', 4: 0.549200507400275} 
{0: '0.0', 1: '1.0', 2: '0.0', 3: '1.0', 4: 0.3991370282871002} 
{0: '0.0', 1: '1.0', 2: '0.0', 3: '1.0', 4: 0.43344678120205166} 
{0: '0.0', 1: '1.0', 2: '0.0', 3: '1.0', 4: 1.3585336638553631} 
{0: '0.0', 1: '1.0', 2: '0.0', 3: '1.0', 4: 0.2610521210596305} 
{0: '0.0', 1: '1.0', 2: '0.0', 3: '1.0', 4: 0.0001658601491579632} 
{0: '0.0', 1: '1.0', 2: '0.0', 3: '1.0', 4: 0.24477272346973747} 
{0: '0.0', 1: '1.0', 2: '0.0', 3: '1.0', 4: 2.1198231033874193} 
{0: '0.0', 1: '1.0', 2: '0.0', 3: '1.0', 4: 0.3440029900477513} 
{0: '0.0', 1: '1.0', 2: '0.0', 3: '1.0', 4: 0.07517427328030604} 
{0: '0.0', 1: '1.0', 2: '0.0', 3: '1.0', 4: 0.05791257123553704} 
{0: '0.0', 1: '1.0', 2: '0.0', 3: '1.0', 4: 0.004028687141703654} 
{0: '0.0', 1: '1.0', 2: '0.0', 3: '1.0', 4: 1.4032407571432783} 
{0: '0.0', 1: '1.0', 2: '0.0', 3: '1.0', 4: 0.005215103000184088} 
{0: '0.0', 1: '1.0', 2: '0.0', 3: '1.0', 4: 0.09992374184295866} 
{0: '0.0', 1: '1.0', 2: '0.0', 3: '1.0', 4: 0.0165385065789404} 
{0: '0.0', 1: '1.0', 2: '0.0', 3: '1.0', 4: 0.12572517145975026} 
{0: '0.0', 1: '1.0', 2: '0.0', 3: '1.0', 4: 0.8897188737243331} 
{0: '0.0', 1: '1.0', 2: '0.0', 3: '1.0', 4: 1.0443780160407665} 
{0: '0.0', 1: '1.0', 2: '0.0', 3: '1.0', 4: 0.9972599566443131} 
{0: '0.0', 1: '1.0', 2: '0.0', 3: '1.0', 4: 0.09616585616765867} 
{0: '0.0', 1: '1.0', 2: '0.0', 3: '1.0', 4: 0.21952782052330772} 
{0: '0.0', 1: '1.0', 2: '0.0', 3: '1.0', 4: 0.22214877770326114} 
{0: '0.0', 1: '1.0', 2: '0.0', 3: '1.0', 4: 0.47480700263554343} 
{0: '0.0', 1: '1.0', 2: '0.0', 3: '1.0', 4: 0.10659108658319812} 
{0: '0.0', 1: '1.0', 2: '0.0', 3: '1.0', 4: 0.001756157779118085} 
{0: '0.0', 1: '1.0', 2: '0.0', 3: '1.0', 4: 0.09385919459852199} 
{0: '0.0', 1: '1.0', 2: '0.0', 3: '1.0', 4: 0.2463196839539986} 
{0: '0.0', 1: '1.0', 2: '0.0', 3: '1.0', 4: 0.10121369078291728} 
{0: '0.0', 1: '1.0', 2: '0.0', 3: '1.0', 4: 0.2732632441412261} 
{0: '0.0', 1: '1.0', 2: '0.0', 3: '1.0', 4: 1.0513880464004361} 
{0: '0.0', 1: '1.0', 2: '0.0', 3: '1.0', 4: 3.4265011837413897} 
{0: '0.0', 1: '1.0', 2: '0.0', 3: '1.0', 4: 0.13750112512468335} 
{0: '0.0', 1: '1.0', 2: '0.0', 3: '1.0', 4: 0.018917210763629934} 
{0: '0.0', 1: '1.0', 2: '0.0', 3: '1.0', 4: 0.9349776647149114} 
{0: '0.0', 1: '1.0', 2: '0.0', 3: '1.0', 4: 0.6579505505847004} 
{0: '0.0', 1: '1.0', 2: '0.0', 3: '1.0', 4: 0.0009572032865960588} 
{0: '0.0', 1: '1.0', 2: '0.0', 3: '1.0', 4: 0.7785306541476689} 
{0: '0.0', 1: '1.0', 2: '0.0', 3: '1.0', 4: 0.12713750116134995} 
{0: '0.0', 1: '1.0', 2: '0.0', 3: '1.0', 4: 0.03181136468601668} 
{0: '0.0', 1: '1.0', 2: '0.0', 3: '1.0', 4: 0.1688855713589451} 
{0: '0.0', 1: '1.0', 2: '0.0', 3: '1.0', 4: 2.4010700976915618} 
{0: '0.0', 1: '1.0', 2: '0.0', 3: '1.0', 4: 0.2145433768836018} 
{0: '0.0', 1: '1.0', 2: '0.0', 3: '1.0', 4: 0.09827688180493922} 
{0: '0.0', 1: '1.0', 2: '0.0', 3: '1.0', 4: 0.2587776315505825} 
{0: '0.0', 1: '1.0', 2: '0.0', 3: '1.0', 4: 0.8657949265133338} 
{0: '0.0', 1: '1.0', 2: '0.0', 3: '1.0', 4: 0.2582905852262611} 
{0: '0.0', 1: '1.0', 2: '0.0', 3: '1.0', 4: 0.8013697764655502} 
{0: '0.0', 1: '1.0', 2: '0.0', 3: '1.0', 4: 1.4286500583702977} 
{0: '0.0', 1: '1.0', 2: '0.0', 3: '1.0', 4: 2.2129177100702258} 
{0: '0.0', 1: '1.0', 2: '0.0', 3: '1.0', 4: 0.13546394103806883} 
{0: '0.0', 1: '1.0', 2: '0.0', 3: '1.0', 4: 0.13986610754798331} 
{0: '0.0', 1: '1.0', 2: '0.0', 3: '1.0', 4: 0.09673310034421417} 
{0: '0.0', 1: '1.0', 2: '0.0', 3: '1.0', 4: 0.0065329591818217405} 
{0: '0.0', 1: '1.0', 2: '0.0', 3: '1.0', 4: 0.30705874111736847} 
{0: '0.0', 1: '1.0', 2: '0.0', 3: '1.0', 4: 0.3215107321250116} 
{0: '0.0', 1: '1.0', 2: '0.0', 3: '1.0', 4: 0.15672788301695728} 
{0: '0.0', 1: '1.0', 2: '0.0', 3: '1.0', 4: 2.006864109650412} 
{0: '0.0', 1: '1.0', 2: '0.0', 3: '1.0', 4: 0.20981538453808} 
{0: '0.0', 1: '1.0', 2: '0.0', 3: '1.0', 4: 1.41887499713966} 
{0: '0.0', 1: '1.0', 2: '0.0', 3: '1.0', 4: 0.609440753112427} 
{0: '0.0', 1: '1.0', 2: '0.0', 3: '1.0', 4: 1.0082494998722877} 
{0: '0.0', 1: '1.0', 2: '0.0', 3: '1.0', 4: 0.8763116326119218} 
{0: '0.0', 1: '1.0', 2: '0.0', 3: '1.0', 4: 0.843629770476222} 
{0: '0.0', 1: '1.0', 2: '0.0', 3: '1.0', 4: 0.7368201600180049} 
{0: '0.0', 1: '1.0', 2: '0.0', 3: '1.0', 4: 0.37826158761053147} 
{0: '0.0', 1: '1.0', 2: '0.0', 3: '1.0', 4: 7.668651200526644e-05} 
{0: '0.0', 1: '1.0', 2: '0.0', 3: '1.0', 4: 0.20952407811690454} 
{0: '0.0', 1: '1.0', 2: '0.0', 3: '1.0', 4: 0.18014414175160975} 
{0: '0.0', 1: '1.0', 2: '0.0', 3: '1.0', 4: 0.003649900573249927} 
{0: '0.0', 1: '1.0', 2: '0.0', 3: '1.0', 4: 0.4816218721036352} 
{0: '0.0', 1: '1.0', 2: '0.0', 3: '1.0', 4: 0.0017504007916239125} 
{0: '0.0', 1: '1.0', 2: '0.0', 3: '1.0', 4: 0.33699858992492415} 
{0: '0.0', 1: '1.0', 2: '0.0', 3: '1.0', 4: 0.5055319765880807} 
{0: '0.0', 1: '1.0', 2: '0.0', 3: '1.0', 4: 0.7327615681541585} 
{0: '0.0', 1: '1.0', 2: '0.0', 3: '1.0', 4: 0.2757187782589928} 
{0: '0.0', 1: '1.0', 2: '0.0', 3: '1.0', 4: 0.03833525202576488} 
{0: '0.0', 1: '1.0', 2: '0.0', 3: '1.0', 4: 0.46841246437985534} 
{0: '0.0', 1: '1.0', 2: '0.0', 3: '1.0', 4: 0.4994426813754866} 
{0: '0.0', 1: '1.0', 2: '0.0', 3: '1.0', 4: 0.053852980619780416} 
{0: '0.0', 1: '1.0', 2: '0.0', 3: '1.0', 4: 0.38820559102456625} 
{0: '0.0', 1: '1.0', 2: '0.0', 3: '1.0', 4: 2.3324349523585886} 
{0: '0.0', 1: '1.0', 2: '0.0', 3: '1.0', 4: 0.19869544106710152} 
{0: '0.0', 1: '1.0', 2: '0.0', 3: '1.0', 4: 0.3333025111098913} 
{0: '0.0', 1: '1.0', 2: '0.0', 3: '1.0', 4: 0.6373158906377712} 
{0: '0.0', 1: '1.0', 2: '0.0', 3: '1.0', 4: 0.0034049748855490463} 
{0: '0.0', 1: '1.0', 2: '0.0', 3: '1.0', 4: 2.7676061562073997} 
{0: '0.0', 1: '1.0', 2: '0.0', 3: '1.0', 4: 2.2166347108522713} 
{0: '0.0', 1: '1.0', 2: '0.0', 3: '1.0', 4: 0.26925157213230066} 
{0: '0.0', 1: '1.0', 2: '0.0', 3: '1.0', 4: 0.06605306282366061} 
{0: '0.0', 1: '1.0', 2: '0.0', 3: '1.0', 4: 1.413152367674538} 
{0: '0.0', 1: '1.0', 2: '0.0', 3: '1.0', 4: 0.027574393343767673} 
{0: '0.0', 1: '1.0', 2: '0.0', 3: '1.0', 4: 1.2305793233464604} 
{0: '0.0', 1: '1.0', 2: '0.0', 3: '1.0', 4: 0.07947740195309107} 
{0: '0.0', 1: '1.0', 2: '0.0', 3: '1.0', 4: 0.48219030774808125} 
{0: '0.0', 1: '1.0', 2: '0.0', 3: '1.0', 4: 1.6330209274342569} 
{0: '0.0', 1: '1.0', 2: '0.0', 3: '1.0', 4: 0.36956012356372603} 
{0: '0.0', 1: '1.0', 2: '0.0', 3: '1.0', 4: 0.02974552602256488} 
{0: '0.0', 1: '1.0', 2: '0.0', 3: '1.0', 4: 0.5362629334163705} 
{0: '0.0', 1: '1.0', 2: '0.0', 3: '1.0', 4: 0.01093516901275204} 
{0: '0.0', 1: '1.0', 2: '0.0', 3: '1.0', 4: 0.07883546982272988} 
{0: '0.0', 1: '1.0', 2: '0.0', 3: '1.0', 4: 0.4216399585385402} 
{0: '0.0', 1: '1.0', 2: '0.0', 3: '1.0', 4: 0.03956382665841711} 
{0: '0.0', 1: '1.0', 2: '0.0', 3: '1.0', 4: 0.2802762862806942} 
{0: '0.0', 1: '1.0', 2: '0.0', 3: '1.0', 4: 0.09628157739289397} 
{0: '0.0', 1: '1.0', 2: '0.0', 3: '1.0', 4: 0.6169205681967542} 
{0: '0.0', 1: '1.0', 2: '0.0', 3: '1.0', 4: 0.4369099437796145} 
{0: '0.0', 1: '1.0', 2: '0.0', 3: '1.0', 4: 0.10856040880923053} 
{0: '0.0', 1: '1.0', 2: '0.0', 3: '1.0', 4: 0.015846972178199525} 
{0: '0.0', 1: '1.0', 2: '0.0', 3: '1.0', 4: 0.2484370125856253} 
{0: '0.0', 1: '1.0', 2: '0.0', 3: '1.0', 4: 0.4138886506941946} 
{0: '0.0', 1: '1.0', 2: '0.0', 3: '1.0', 4: 0.22108377925311748} 
{0: '0.0', 1: '1.0', 2: '0.0', 3: '1.0', 4: 1.1954713411597022} 
{0: '0.0', 1: '1.0', 2: '0.0', 3: '1.0', 4: 0.7469770040023825} 
{0: '0.0', 1: '1.0', 2: '0.0', 3: '1.0', 4: 0.25638820244460864} 
{0: '0.0', 1: '1.0', 2: '0.0', 3: '1.0', 4: 0.08401960700969488} 
{0: '0.0', 1: '1.0', 2: '0.0', 3: '1.0', 4: 0.09837161211747067} 
{0: '0.0', 1: '1.0', 2: '0.0', 3: '1.0', 4: 0.0164462252916309} 
{0: '0.0', 1: '1.0', 2: '0.0', 3: '1.0', 4: 0.9071460377192998} 
{0: '0.0', 1: '1.0', 2: '0.0', 3: '1.0', 4: 1.2579118655109252} 
{0: '0.0', 1: '1.0', 2: '0.0', 3: '1.0', 4: 0.20584012628402795} 
{0: '0.0', 1: '1.0', 2: '0.0', 3: '1.0', 4: 0.5595590538774644} 
{0: '0.0', 1: '1.0', 2: '0.0', 3: '1.0', 4: 0.007253950026710379} 
{0: '0.0', 1: '1.0', 2: '0.0', 3: '1.0', 4: 0.03343162971506916} 
{0: '0.0', 1: '1.0', 2: '0.0', 3: '1.0', 4: 0.011757805086065316} 
{0: '0.0', 1: '1.0', 2: '0.0', 3: '1.0', 4: 2.0856658107414745} 
{0: '0.0', 1: '1.0', 2: '0.0', 3: '1.0', 4: 0.9820788060553347} 
{0: '0.0', 1: '1.0', 2: '0.0', 3: '1.0', 4: 0.06332592992321989} 
{0: '0.0', 1: '1.0', 2: '0.0', 3: '1.0', 4: 0.04308053694023299} 
{0: '0.0', 1: '1.0', 2: '0.0', 3: '1.0', 4: 0.1597155133343606} 
{0: '0.0', 1: '1.0', 2: '0.0', 3: '1.0', 4: 0.519836272055165} 
{0: '0.0', 1: '1.0', 2: '0.0', 3: '1.0', 4: 0.3261576906629683} 
{0: '0.0', 1: '1.0', 2: '0.0', 3: '1.0', 4: 0.009382879003109773} 
{0: '0.0', 1: '1.0', 2: '0.0', 3: '1.0', 4: 0.19106268801752224} 
{0: '0.0', 1: '1.0', 2: '0.0', 3: '1.0', 4: 0.6829330719807346} 
{0: '0.0', 1: '1.0', 2: '0.0', 3: '1.0', 4: 0.18554461945257722} 
{0: '0.0', 1: '1.0', 2: '0.0', 3: '1.0', 4: 2.08966856581811} 
{0: '0.0', 1: '1.0', 2: '0.0', 3: '1.0', 4: 0.12092311570786966} 
{0: '0.0', 1: '1.0', 2: '0.0', 3: '1.0', 4: 0.9139687161757779} 
{0: '0.0', 1: '1.0', 2: '0.0', 3: '1.0', 4: 0.9353808318264158} 
{0: '0.0', 1: '1.0', 2: '0.0', 3: '1.0', 4: 0.06983182512415818} 
{0: '0.0', 1: '1.0', 2: '0.0', 3: '1.0', 4: 2.894273339418275} 
{0: '0.0', 1: '1.0', 2: '0.0', 3: '1.0', 4: 1.2778114750732892} 
{0: '0.0', 1: '1.0', 2: '0.0', 3: '1.0', 4: 0.11888867625915063} 
{0: '0.0', 1: '1.0', 2: '0.0', 3: '1.0', 4: 0.23495593821740735} 
{0: '0.0', 1: '1.0', 2: '0.0', 3: '1.0', 4: 0.11367248931654143} 
{0: '0.0', 1: '1.0', 2: '0.0', 3: '1.0', 4: 0.09480436514979326} 
{0: '0.0', 1: '1.0', 2: '0.0', 3: '1.0', 4: 0.7107738587093356} 
{0: '0.0', 1: '1.0', 2: '0.0', 3: '1.0', 4: 0.03062367881398913} 
{0: '0.0', 1: '1.0', 2: '0.0', 3: '1.0', 4: 0.14542507084009654} 
{0: '0.0', 1: '1.0', 2: '0.0', 3: '1.0', 4: 0.010124838211796015} 
{0: '0.0', 1: '1.0', 2: '0.0', 3: '1.0', 4: 2.1548488046233256} 
{0: '0.0', 1: '1.0', 2: '0.0', 3: '1.0', 4: 0.0010698273265429285} 
{0: '0.0', 1: '1.0', 2: '0.0', 3: '1.0', 4: 0.3522299298258036} 
{0: '0.0', 1: '1.0', 2: '0.0', 3: '1.0', 4: 0.14133028604956868} 
{0: '0.0', 1: '1.0', 2: '0.0', 3: '1.0', 4: 0.0035334569351284993} 
{0: '0.0', 1: '1.0', 2: '0.0', 3: '1.0', 4: 0.6015560347647846} 
{0: '0.0', 1: '1.0', 2: '0.0', 3: '1.0', 4: 0.31575886647942486} 
{0: '0.0', 1: '1.0', 2: '0.0', 3: '1.0', 4: 0.10950392716440105} 
{0: '0.0', 1: '1.0', 2: '0.0', 3: '1.0', 4: 0.7850128324673988} 
{0: '0.0', 1: '1.0', 2: '0.0', 3: '1.0', 4: 0.3484150834015776} 
{0: '0.0', 1: '1.0', 2: '0.0', 3: '1.0', 4: 0.07297846394031213} 
{0: '0.0', 1: '1.0', 2: '0.0', 3: '1.0', 4: 0.27140236845093424} 
{0: '0.0', 1: '1.0', 2: '0.0', 3: '1.0', 4: 0.0038321663708513845} 
{0: '0.0', 1: '1.0', 2: '0.0', 3: '1.0', 4: 0.03764156665306813} 
{0: '0.0', 1: '1.0', 2: '0.0', 3: '1.0', 4: 2.4894255401448584} 
{0: '0.0', 1: '1.0', 2: '0.0', 3: '1.0', 4: 0.4116126934546464} 
{0: '0.0', 1: '1.0', 2: '0.0', 3: '1.0', 4: 0.48202650003951447} 
{0: '0.0', 1: '1.0', 2: '0.0', 3: '1.0', 4: 0.6901398585840506} 
{0: '0.0', 1: '1.0', 2: '0.0', 3: '1.0', 4: 0.09554289284695258} 
{0: '0.0', 1: '1.0', 2: '0.0', 3: '1.0', 4: 0.3255552009856558} 
{0: '0.0', 1: '1.0', 2: '0.0', 3: '1.0', 4: 1.228198359249569} 
{0: '0.0', 1: '1.0', 2: '0.0', 3: '1.0', 4: 0.4912801914011394} 
{0: '0.0', 1: '1.0', 2: '0.0', 3: '1.0', 4: 0.42942877742896063} 
{0: '0.0', 1: '1.0', 2: '0.0', 3: '1.0', 4: 0.026062948846697038} 
{0: '0.0', 1: '1.0', 2: '0.0', 3: '1.0', 4: 0.010440606153388269} 
{0: '0.0', 1: '1.0', 2: '0.0', 3: '1.0', 4: 0.5713572164821439} 
{0: '0.0', 1: '1.0', 2: '0.0', 3: '1.0', 4: 0.42663140309531516} 
{0: '0.0', 1: '1.0', 2: '0.0', 3: '1.0', 4: 1.432016510678956} 
{0: '0.0', 1: '1.0', 2: '0.0', 3: '1.0', 4: 0.3689672210074882} 
{0: '0.0', 1: '1.0', 2: '0.0', 3: '1.0', 4: 0.7401435534422992} 
{0: '0.0', 1: '1.0', 2: '0.0', 3: '1.0', 4: 0.14194324353909718} 
{0: '0.0', 1: '1.0', 2: '0.0', 3: '1.0', 4: 0.10689748267788114} 
{0: '0.0', 1: '1.0', 2: '0.0', 3: '1.0', 4: 0.44092016393253575} 
{0: '0.0', 1: '1.0', 2: '0.0', 3: '1.0', 4: 0.563449812796634} 
{0: '0.0', 1: '1.0', 2: '0.0', 3: '1.0', 4: 0.038059459743206125} 
{0: '0.0', 1: '1.0', 2: '0.0', 3: '1.0', 4: 0.2536170737319703} 
{0: '0.0', 1: '1.0', 2: '0.0', 3: '1.0', 4: 0.11905859682944589} 
{0: '0.0', 1: '1.0', 2: '0.0', 3: '1.0', 4: 1.10681669851863} 
{0: '0.0', 1: '1.0', 2: '0.0', 3: '1.0', 4: 1.3974330579446204} 
{0: '0.0', 1: '1.0', 2: '0.0', 3: '1.0', 4: 0.2199935022699528} 
{0: '0.0', 1: '1.0', 2: '0.0', 3: '1.0', 4: 0.09082275921248222} 
{0: '0.0', 1: '1.0', 2: '0.0', 3: '1.0', 4: 0.0016108956369751605} 
{0: '0.0', 1: '1.0', 2: '0.0', 3: '1.0', 4: 0.27050836241565285} 
{0: '0.0', 1: '1.0', 2: '0.0', 3: '1.0', 4: 0.13514154082209787} 
{0: '0.0', 1: '1.0', 2: '0.0', 3: '1.0', 4: 0.06765238257878047} 
{0: '0.0', 1: '1.0', 2: '0.0', 3: '1.0', 4: 0.61807368762963} 
{0: '0.0', 1: '1.0', 2: '0.0', 3: '1.0', 4: 0.4429485909496924} 
{0: '0.0', 1: '1.0', 2: '0.0', 3: '1.0', 4: 0.529654294277864} 
{0: '0.0', 1: '1.0', 2: '0.0', 3: '1.0', 4: 0.02926437227991312} 
{0: '0.0', 1: '1.0', 2: '0.0', 3: '1.0', 4: 0.30498647613288127} 
{0: '0.0', 1: '1.0', 2: '0.0', 3: '1.0', 4: 0.0012539543339385485} 
{0: '0.0', 1: '1.0', 2: '0.0', 3: '1.0', 4: 1.1623207365496449} 
{0: '0.0', 1: '1.0', 2: '0.0', 3: '1.0', 4: 0.39458746324854027} 
{0: '0.0', 1: '1.0', 2: '0.0', 3: '1.0', 4: 0.2637413863445894} 
{0: '0.0', 1: '1.0', 2: '0.0', 3: '1.0', 4: 0.09528048992838559} 
{0: '0.0', 1: '1.0', 2: '0.0', 3: '1.0', 4: 0.839476378219545} 
{0: '0.0', 1: '1.0', 2: '0.0', 3: '1.0', 4: 0.01027608322826065} 
{0: '0.0', 1: '1.0', 2: '0.0', 3: '1.0', 4: 0.00026574375496638556} 
{0: '0.0', 1: '1.0', 2: '0.0', 3: '1.0', 4: 0.009333786154219544} 
{0: '0.0', 1: '1.0', 2: '0.0', 3: '1.0', 4: 0.30422165421612973} 
{0: '0.0', 1: '1.0', 2: '0.0', 3: '1.0', 4: 0.012150760438078266} 
{0: '0.0', 1: '1.0', 2: '0.0', 3: '1.0', 4: 0.38511144860669344} 
{0: '0.0', 1: '1.0', 2: '0.0', 3: '1.0', 4: 0.06706127954780583} 
{0: '0.0', 1: '1.0', 2: '0.0', 3: '1.0', 4: 1.088168607994106} 
{0: '0.0', 1: '1.0', 2: '0.0', 3: '1.0', 4: 0.14237295438989278} 
{0: '0.0', 1: '1.0', 2: '0.0', 3: '1.0', 4: 0.25032727320405296} 
{0: '0.0', 1: '1.0', 2: '0.0', 3: '1.0', 4: 0.02320788579077613} 
{0: '0.0', 1: '1.0', 2: '0.0', 3: '1.0', 4: 0.455650054075705} 
{0: '0.0', 1: '1.0', 2: '0.0', 3: '1.0', 4: 0.00167299575714428} 
{0: '0.0', 1: '1.0', 2: '0.0', 3: '1.0', 4: 0.014636088343771425} 
{0: '0.0', 1: '1.0', 2: '0.0', 3: '1.0', 4: 0.10161342265593375} 
{0: '0.0', 1: '1.0', 2: '0.0', 3: '1.0', 4: 0.010184511363273184} 
{0: '0.0', 1: '1.0', 2: '0.0', 3: '1.0', 4: 0.03023133375191885} 
{0: '0.0', 1: '1.0', 2: '0.0', 3: '1.0', 4: 0.09295998852724602} 
{0: '0.0', 1: '1.0', 2: '0.0', 3: '1.0', 4: 0.004720123926579978} 
{0: '0.0', 1: '1.0', 2: '0.0', 3: '1.0', 4: 0.01047313220140362} 
{0: '0.0', 1: '1.0', 2: '0.0', 3: '1.0', 4: 1.1371391845445125} 
{0: '0.0', 1: '1.0', 2: '0.0', 3: '1.0', 4: 0.3810437736349453} 
{0: '0.0', 1: '1.0', 2: '0.0', 3: '1.0', 4: 0.6919116305490332} 
{0: '0.0', 1: '1.0', 2: '0.0', 3: '1.0', 4: 0.18883095433740088} 
{0: '0.0', 1: '1.0', 2: '0.0', 3: '1.0', 4: 0.0034111329343418186} 
{0: '0.0', 1: '1.0', 2: '0.0', 3: '1.0', 4: 1.6396090293805} 
{0: '0.0', 1: '1.0', 2: '0.0', 3: '1.0', 4: 0.7453362046169727} 
{0: '0.0', 1: '1.0', 2: '0.0', 3: '1.0', 4: 0.4945657376387354} 
{0: '0.0', 1: '1.0', 2: '0.0', 3: '1.0', 4: 1.857575562584966} 
{0: '0.0', 1: '1.0', 2: '0.0', 3: '1.0', 4: 0.10226590504992282} 
{0: '0.0', 1: '1.0', 2: '0.0', 3: '1.0', 4: 0.047545976437459773} 
{0: '0.0', 1: '1.0', 2: '0.0', 3: '1.0', 4: 0.039681394784791185} 
{0: '0.0', 1: '1.0', 2: '0.0', 3: '1.0', 4: 0.014171662618030547} 
{0: '0.0', 1: '1.0', 2: '0.0', 3: '1.0', 4: 0.06211136389541872} 
{0: '0.0', 1: '1.0', 2: '0.0', 3: '1.0', 4: 0.01198996368218294} 
{0: '0.0', 1: '1.0', 2: '0.0', 3: '1.0', 4: 0.4749008467003997} 
{0: '0.0', 1: '1.0', 2: '0.0', 3: '1.0', 4: 0.9906299044700736} 
{0: '0.0', 1: '1.0', 2: '0.0', 3: '1.0', 4: 0.29703088549129397} 
{0: '0.0', 1: '1.0', 2: '0.0', 3: '1.0', 4: 2.4664983996563614} 
{0: '0.0', 1: '1.0', 2: '0.0', 3: '1.0', 4: 3.099747629946957e-07} 
{0: '0.0', 1: '1.0', 2: '0.0', 3: '1.0', 4: 0.02975939482358194} 
{0: '0.0', 1: '1.0', 2: '0.0', 3: '1.0', 4: 4.283435664208874} 
{0: '0.0', 1: '1.0', 2: '0.0', 3: '1.0', 4: 0.04528453511001896} 
{0: '0.0', 1: '1.0', 2: '0.0', 3: '1.0', 4: 0.09226511393716975} 
{0: '0.0', 1: '1.0', 2: '0.0', 3: '1.0', 4: 0.010139371382459253} 
{0: '0.0', 1: '1.0', 2: '0.0', 3: '1.0', 4: 3.414738192823832} 
{0: '0.0', 1: '1.0', 2: '0.0', 3: '1.0', 4: 0.1534908945470845} 
{0: '0.0', 1: '1.0', 2: '0.0', 3: '1.0', 4: 0.0415293361647212} 
{0: '0.0', 1: '1.0', 2: '0.0', 3: '1.0', 4: 0.6038995251630879} 
{0: '0.0', 1: '1.0', 2: '0.0', 3: '1.0', 4: 0.06325767796056037} 
{0: '0.0', 1: '1.0', 2: '0.0', 3: '1.0', 4: 0.00450460337370919} 
{0: '0.0', 1: '1.0', 2: '0.0', 3: '1.0', 4: 0.05390066811915884} 
{0: '0.0', 1: '1.0', 2: '0.0', 3: '1.0', 4: 1.3013269481608412} 
{0: '0.0', 1: '1.0', 2: '0.0', 3: '1.0', 4: 0.3277051048797892} 
{0: '0.0', 1: '1.0', 2: '0.0', 3: '1.0', 4: 0.14108949285015873} 
{0: '0.0', 1: '1.0', 2: '0.0', 3: '1.0', 4: 0.3167883484013801} 
{0: '0.0', 1: '1.0', 2: '0.0', 3: '1.0', 4: 2.8888621945188526} 
{0: '0.0', 1: '1.0', 2: '0.0', 3: '1.0', 4: 0.9853109950036196} 
{0: '0.0', 1: '1.0', 2: '0.0', 3: '1.0', 4: 0.0007216662397769458} 
{0: '0.0', 1: '1.0', 2: '0.0', 3: '1.0', 4: 0.17095489127868416} 
{0: '0.0', 1: '1.0', 2: '0.0', 3: '1.0', 4: 0.22585291604516075} 
{0: '0.0', 1: '1.0', 2: '0.0', 3: '1.0', 4: 0.3772391039152062} 
{0: '0.0', 1: '1.0', 2: '0.0', 3: '1.0', 4: 0.01701596288456159} 
{0: '0.0', 1: '1.0', 2: '0.0', 3: '1.0', 4: 0.632191060803823} 
{0: '0.0', 1: '1.0', 2: '0.0', 3: '1.0', 4: 0.19225328783646997} 
{0: '0.0', 1: '1.0', 2: '0.0', 3: '1.0', 4: 0.7757320519100503} 
{0: '0.0', 1: '1.0', 2: '0.0', 3: '1.0', 4: 0.03794674227357334} 
{0: '0.0', 1: '1.0', 2: '0.0', 3: '1.0', 4: 1.580227072601902} 
{0: '0.0', 1: '1.0', 2: '0.0', 3: '1.0', 4: 0.00032547527682427014} 
{0: '0.0', 1: '1.0', 2: '0.0', 3: '1.0', 4: 0.0006511430155914974} 
{0: '0.0', 1: '1.0', 2: '0.0', 3: '1.0', 4: 0.32678329546381074} 
{0: '0.0', 1: '1.0', 2: '0.0', 3: '1.0', 4: 0.048663625555422196} 
{0: '0.0', 1: '1.0', 2: '0.0', 3: '1.0', 4: 2.237628945546114} 
{0: '0.0', 1: '1.0', 2: '0.0', 3: '1.0', 4: 0.059402318186824433} 
{0: '0.0', 1: '1.0', 2: '0.0', 3: '1.0', 4: 0.021654255529270073} 
{0: '0.0', 1: '1.0', 2: '0.0', 3: '1.0', 4: 1.4715367071979844} 
{0: '0.0', 1: '1.0', 2: '0.0', 3: '1.0', 4: 0.88734953053532} 
{0: '0.0', 1: '1.0', 2: '0.0', 3: '1.0', 4: 0.15537420200781743} 
{0: '0.0', 1: '1.0', 2: '0.0', 3: '1.0', 4: 0.21119374452994147} 
{0: '0.0', 1: '1.0', 2: '0.0', 3: '1.0', 4: 0.2378785947152124} 
{0: '0.0', 1: '1.0', 2: '0.0', 3: '1.0', 4: 1.1752948072012588} 
{0: '0.0', 1: '1.0', 2: '0.0', 3: '1.0', 4: 2.4212101885685318} 
{0: '0.0', 1: '1.0', 2: '0.0', 3: '1.0', 4: 0.007450347012009652} 
{0: '0.0', 1: '1.0', 2: '0.0', 3: '1.0', 4: 0.2084572935053462} 
{0: '0.0', 1: '1.0', 2: '0.0', 3: '1.0', 4: 0.00023218406863615394} 
{0: '0.0', 1: '1.0', 2: '0.0', 3: '1.0', 4: 0.915716230395816} 
{0: '0.0', 1: '1.0', 2: '0.0', 3: '1.0', 4: 0.052934369808961844} 
{0: '0.0', 1: '1.0', 2: '0.0', 3: '1.0', 4: 0.14785180388688832} 
{0: '0.0', 1: '1.0', 2: '0.0', 3: '1.0', 4: 1.5869179853594564} 
{0: '0.0', 1: '1.0', 2: '0.0', 3: '1.0', 4: 0.1863813598512428} 
{0: '0.0', 1: '1.0', 2: '0.0', 3: '1.0', 4: 0.4093154328677978} 
{0: '0.0', 1: '1.0', 2: '0.0', 3: '1.0', 4: 0.07209018773505492} 
{0: '0.0', 1: '1.0', 2: '0.0', 3: '1.0', 4: 0.7751220586571334} 
{0: '0.0', 1: '1.0', 2: '0.0', 3: '1.0', 4: 0.14151411761710864} 
{0: '0.0', 1: '1.0', 2: '0.0', 3: '1.0', 4: 0.37562591902717046} 
{0: '0.0', 1: '1.0', 2: '0.0', 3: '1.0', 4: 2.167058483245316} 
{0: '0.0', 1: '1.0', 2: '0.0', 3: '1.0', 4: 0.9326790739396152} 
{0: '0.0', 1: '1.0', 2: '0.0', 3: '1.0', 4: 1.2178294587334662} 
{0: '0.0', 1: '1.0', 2: '0.0', 3: '1.0', 4: 2.209943541158556} 
{0: '0.0', 1: '1.0', 2: '0.0', 3: '1.0', 4: 1.4231693527369458e-05} 
{0: '0.0', 1: '1.0', 2: '0.0', 3: '1.0', 4: 0.0029132796099854744} 
{0: '0.0', 1: '1.0', 2: '0.0', 3: '1.0', 4: 0.08833534006529664} 
{0: '0.0', 1: '1.0', 2: '0.0', 3: '1.0', 4: 0.12775939756903315} 
{0: '0.0', 1: '1.0', 2: '0.0', 3: '1.0', 4: 0.3330616861516083} 
{0: '0.0', 1: '1.0', 2: '0.0', 3: '1.0', 4: 0.02750378220041422} 
{0: '0.0', 1: '1.0', 2: '0.0', 3: '1.0', 4: 0.20805025823134574} 
{0: '0.0', 1: '1.0', 2: '0.0', 3: '1.0', 4: 2.3547529079761995} 
{0: '0.0', 1: '1.0', 2: '0.0', 3: '1.0', 4: 0.5436089443061072} 
{0: '0.0', 1: '1.0', 2: '0.0', 3: '1.0', 4: 0.9675581002100919} 
{0: '0.0', 1: '1.0', 2: '0.0', 3: '1.0', 4: 0.9292273835972451} 
{0: '0.0', 1: '1.0', 2: '0.0', 3: '1.0', 4: 0.1618645086434542} 
{0: '0.0', 1: '1.0', 2: '0.0', 3: '1.0', 4: 0.02330581983033711} 
{0: '0.0', 1: '1.0', 2: '0.0', 3: '1.0', 4: 0.8540470620608798} 
{0: '0.0', 1: '1.0', 2: '0.0', 3: '1.0', 4: 1.1525137989989382} 
{0: '0.0', 1: '1.0', 2: '0.0', 3: '1.0', 4: 0.035359192115477944} 
{0: '0.0', 1: '1.0', 2: '0.0', 3: '1.0', 4: 0.4987079633433662} 
{0: '0.0', 1: '1.0', 2: '0.0', 3: '1.0', 4: 0.04353441546398367} 
{0: '0.0', 1: '1.0', 2: '0.0', 3: '1.0', 4: 1.428949968126296} 
{0: '0.0', 1: '1.0', 2: '0.0', 3: '1.0', 4: 3.0916372189930734} 
{0: '0.0', 1: '1.0', 2: '0.0', 3: '1.0', 4: 0.1203774013593746} 
{0: '0.0', 1: '1.0', 2: '0.0', 3: '1.0', 4: 0.2314149305904676} 
{0: '0.0', 1: '1.0', 2: '0.0', 3: '1.0', 4: 0.15495266220664766} 
{0: '0.0', 1: '1.0', 2: '0.0', 3: '1.0', 4: 0.30601863039263977} 
{0: '0.0', 1: '1.0', 2: '0.0', 3: '1.0', 4: 1.5567803150288941} 
{0: '0.0', 1: '1.0', 2: '0.0', 3: '1.0', 4: 0.03865235111973148} 
{0: '0.0', 1: '1.0', 2: '0.0', 3: '1.0', 4: 0.44643880226539634} 
{0: '0.0', 1: '1.0', 2: '0.0', 3: '1.0', 4: 0.0725655525371087} 
{0: '0.0', 1: '1.0', 2: '0.0', 3: '1.0', 4: 0.018091413173295542} 
{0: '0.0', 1: '1.0', 2: '0.0', 3: '1.0', 4: 0.14065110226818267} 
{0: '0.0', 1: '1.0', 2: '0.0', 3: '1.0', 4: 0.011204326533005574} 
{0: '0.0', 1: '1.0', 2: '0.0', 3: '1.0', 4: 1.4223561316224884} 
{0: '0.0', 1: '1.0', 2: '0.0', 3: '1.0', 4: 0.13178103894622575} 
{0: '0.0', 1: '1.0', 2: '0.0', 3: '1.0', 4: 0.34821093293471667} 
{0: '0.0', 1: '1.0', 2: '0.0', 3: '1.0', 4: 0.024316541794891837} 
{0: '0.0', 1: '1.0', 2: '0.0', 3: '1.0', 4: 0.08291260350996515} 
{0: '0.0', 1: '1.0', 2: '0.0', 3: '1.0', 4: 0.5218940598775736} 
{0: '0.0', 1: '1.0', 2: '0.0', 3: '1.0', 4: 0.0031401987679669286} 
{0: '0.0', 1: '1.0', 2: '0.0', 3: '1.0', 4: 0.16748932609984146} 
{0: '0.0', 1: '1.0', 2: '0.0', 3: '1.0', 4: 0.00010584355736367086} 
{0: '0.0', 1: '1.0', 2: '0.0', 3: '1.0', 4: 0.6145713018615865} 
{0: '0.0', 1: '1.0', 2: '0.0', 3: '1.0', 4: 0.4851300154559538} 
{0: '0.0', 1: '1.0', 2: '0.0', 3: '1.0', 4: 0.019154280995187345} 
{0: '0.0', 1: '1.0', 2: '0.0', 3: '1.0', 4: 1.1982450734232977} 
{0: '0.0', 1: '1.0', 2: '0.0', 3: '1.0', 4: 0.23695509606513204} 
{0: '0.0', 1: '1.0', 2: '0.0', 3: '1.0', 4: 0.1873068296255167} 
{0: '0.0', 1: '1.0', 2: '0.0', 3: '1.0', 4: 0.2290728361328826} 
{0: '0.0', 1: '1.0', 2: '0.0', 3: '1.0', 4: 0.6763064619183823} 
{0: '0.0', 1: '1.0', 2: '0.0', 3: '1.0', 4: 0.03596767576533848} 
{0: '0.0', 1: '1.0', 2: '0.0', 3: '1.0', 4: 0.4112107486672602} 
{0: '0.0', 1: '1.0', 2: '0.0', 3: '1.0', 4: 0.4107942767061326} 
{0: '0.0', 1: '1.0', 2: '0.0', 3: '1.0', 4: 0.5434808818304442} 
{0: '0.0', 1: '1.0', 2: '0.0', 3: '1.0', 4: 1.2338802875334003} 
{0: '0.0', 1: '1.0', 2: '0.0', 3: '1.0', 4: 0.0016891832113195284} 
{0: '0.0', 1: '1.0', 2: '0.0', 3: '1.0', 4: 0.023566716630197822} 
{0: '0.0', 1: '1.0', 2: '0.0', 3: '1.0', 4: 0.07096398010578805} 
{0: '0.0', 1: '1.0', 2: '0.0', 3: '1.0', 4: 0.1572108627310546} 
{0: '0.0', 1: '1.0', 2: '0.0', 3: '1.0', 4: 0.04831573880146635} 
{0: '0.0', 1: '1.0', 2: '0.0', 3: '1.0', 4: 0.0918829690533209} 
{0: '0.0', 1: '1.0', 2: '0.0', 3: '1.0', 4: 0.4425574122967846} 
{0: '0.0', 1: '1.0', 2: '0.0', 3: '1.0', 4: 0.10020386345261545} 
{0: '0.0', 1: '1.0', 2: '0.0', 3: '1.0', 4: 3.454990750649221} 
{0: '0.0', 1: '1.0', 2: '0.0', 3: '1.0', 4: 0.03701851427796784} 
{0: '0.0', 1: '1.0', 2: '0.0', 3: '1.0', 4: 0.037651509549396105} 
{0: '0.0', 1: '1.0', 2: '0.0', 3: '1.0', 4: 1.1107366857205543} 
{0: '0.0', 1: '1.0', 2: '0.0', 3: '1.0', 4: 1.709530295408339} 
{0: '0.0', 1: '1.0', 2: '0.0', 3: '1.0', 4: 0.7698388856222854} 
{0: '0.0', 1: '1.0', 2: '0.0', 3: '1.0', 4: 1.1304465311719578} 
{0: '0.0', 1: '1.0', 2: '0.0', 3: '1.0', 4: 0.0020810689426044577} 
{0: '0.0', 1: '1.0', 2: '0.0', 3: '1.0', 4: 0.05998218488204599} 
{0: '0.0', 1: '1.0', 2: '0.0', 3: '1.0', 4: 0.015485479603940212} 
{0: '0.0', 1: '1.0', 2: '0.0', 3: '1.0', 4: 0.2685796468057028} 
{0: '0.0', 1: '1.0', 2: '0.0', 3: '1.0', 4: 0.22187559508041868} 
{0: '0.0', 1: '1.0', 2: '0.0', 3: '1.0', 4: 1.0928900960397674} 
{0: '0.0', 1: '1.0', 2: '0.0', 3: '1.0', 4: 0.84332275520707} 
{0: '0.0', 1: '1.0', 2: '0.0', 3: '1.0', 4: 0.2551463504352445} 
{0: '0.0', 1: '1.0', 2: '0.0', 3: '1.0', 4: 0.5567219892149671} 
{0: '0.0', 1: '1.0', 2: '0.0', 3: '1.0', 4: 0.0005767530054916957} 
{0: '0.0', 1: '1.0', 2: '0.0', 3: '1.0', 4: 0.6724510397728258} 
{0: '0.0', 1: '1.0', 2: '0.0', 3: '1.0', 4: 0.007217977660406794} 
{0: '0.0', 1: '1.0', 2: '0.0', 3: '1.0', 4: 0.5129410572636012} 
{0: '0.0', 1: '1.0', 2: '0.0', 3: '1.0', 4: 0.14992425828038924} 
{0: '0.0', 1: '1.0', 2: '0.0', 3: '1.0', 4: 0.0019307678253539903} 
{0: '0.0', 1: '1.0', 2: '0.0', 3: '1.0', 4: 0.8811594173078908} 
{0: '0.0', 1: '1.0', 2: '0.0', 3: '1.0', 4: 0.43397513451205233} 
{0: '0.0', 1: '1.0', 2: '0.0', 3: '1.0', 4: 0.6913265824501675} 
{0: '0.0', 1: '1.0', 2: '0.0', 3: '1.0', 4: 1.055067543609904} 
{0: '0.0', 1: '1.0', 2: '0.0', 3: '1.0', 4: 5.437316744852293} 
{0: '0.0', 1: '1.0', 2: '0.0', 3: '1.0', 4: 0.038874511556806} 
{0: '0.0', 1: '1.0', 2: '0.0', 3: '1.0', 4: 0.26588658067485327} 
{0: '0.0', 1: '1.0', 2: '0.0', 3: '1.0', 4: 0.19749179207380071} 
{0: '0.0', 1: '1.0', 2: '0.0', 3: '1.0', 4: 0.2647405401825226} 
{0: '0.0', 1: '1.0', 2: '0.0', 3: '1.0', 4: 0.06012596328887059} 
{0: '0.0', 1: '1.0', 2: '0.0', 3: '1.0', 4: 0.3212638957332982} 
{0: '0.0', 1: '1.0', 2: '0.0', 3: '1.0', 4: 1.0028658033291156} 
{0: '0.0', 1: '1.0', 2: '0.0', 3: '1.0', 4: 0.6262069544969202} 
{0: '0.0', 1: '1.0', 2: '0.0', 3: '1.0', 4: 0.0853711680931498} 
{0: '0.0', 1: '1.0', 2: '0.0', 3: '1.0', 4: 0.04431362944220795} 
{0: '0.0', 1: '1.0', 2: '0.0', 3: '1.0', 4: 0.2517593788909142} 
{0: '0.0', 1: '1.0', 2: '0.0', 3: '1.0', 4: 0.4687990963727143} 
{0: '0.0', 1: '1.0', 2: '0.0', 3: '1.0', 4: 0.07348240003941785} 
{0: '0.0', 1: '1.0', 2: '0.0', 3: '1.0', 4: 0.26751353405648587} 
{0: '0.0', 1: '1.0', 2: '0.0', 3: '1.0', 4: 0.9064242467632798} 
{0: '0.0', 1: '1.0', 2: '0.0', 3: '1.0', 4: 0.3818203492850453} 
{0: '0.0', 1: '1.0', 2: '0.0', 3: '1.0', 4: 0.12869660987706785} 
{0: '0.0', 1: '1.0', 2: '0.0', 3: '1.0', 4: 0.05061011454662227} 
{0: '0.0', 1: '1.0', 2: '0.0', 3: '1.0', 4: 0.0655163932172145} 
{0: '0.0', 1: '1.0', 2: '0.0', 3: '1.0', 4: 0.08452759116927108} 
{0: '0.0', 1: '1.0', 2: '0.0', 3: '1.0', 4: 1.356500900012575} 
{0: '0.0', 1: '1.0', 2: '0.0', 3: '1.0', 4: 0.04488868597742924} 
{0: '0.0', 1: '1.0', 2: '0.0', 3: '1.0', 4: 0.04147301846723587} 
{0: '0.0', 1: '1.0', 2: '0.0', 3: '1.0', 4: 0.2943969922264587} 
{0: '0.0', 1: '1.0', 2: '0.0', 3: '1.0', 4: 0.042716644980695224} 
{0: '0.0', 1: '1.0', 2: '0.0', 3: '1.0', 4: 2.0272774622389833} 
{0: '0.0', 1: '1.0', 2: '0.0', 3: '1.0', 4: 0.1904260353916064} 
{0: '0.0', 1: '1.0', 2: '0.0', 3: '1.0', 4: 0.04176987847203179} 
{0: '0.0', 1: '1.0', 2: '0.0', 3: '1.0', 4: 0.8451665020213243} 
{0: '0.0', 1: '1.0', 2: '0.0', 3: '1.0', 4: 1.0795570820351728} 
{0: '0.0', 1: '1.0', 2: '0.0', 3: '1.0', 4: 0.1349053110984054} 
{0: '0.0', 1: '1.0', 2: '0.0', 3: '1.0', 4: 1.7258887364912592} 
{0: '0.0', 1: '1.0', 2: '0.0', 3: '1.0', 4: 0.020894730392315132} 
{0: '0.0', 1: '1.0', 2: '0.0', 3: '1.0', 4: 0.033380070121488366} 
{0: '0.0', 1: '1.0', 2: '0.0', 3: '1.0', 4: 0.05073791231821533} 
{0: '0.0', 1: '1.0', 2: '0.0', 3: '1.0', 4: 0.3049932917829031} 
{0: '0.0', 1: '1.0', 2: '0.0', 3: '1.0', 4: 0.003028182099306205} 
{0: '0.0', 1: '1.0', 2: '0.0', 3: '1.0', 4: 1.0208712775510858} 
{0: '0.0', 1: '1.0', 2: '0.0', 3: '1.0', 4: 3.092507461685719} 
{0: '0.0', 1: '1.0', 2: '0.0', 3: '1.0', 4: 0.6274816907567108} 
{0: '0.0', 1: '1.0', 2: '0.0', 3: '1.0', 4: 0.007080280290179725} 
{0: '0.0', 1: '1.0', 2: '0.0', 3: '1.0', 4: 0.0025223230349007177} 
{0: '0.0', 1: '1.0', 2: '0.0', 3: '1.0', 4: 0.023419699856465404} 
{0: '0.0', 1: '1.0', 2: '0.0', 3: '1.0', 4: 0.009467685019189617} 
{0: '0.0', 1: '1.0', 2: '0.0', 3: '1.0', 4: 0.00690255590398618} 
{0: '0.0', 1: '1.0', 2: '0.0', 3: '1.0', 4: 1.534717700974092} 
{0: '0.0', 1: '1.0', 2: '0.0', 3: '1.0', 4: 0.10751622623715125} 
{0: '0.0', 1: '1.0', 2: '0.0', 3: '1.0', 4: 0.0007222590763071716} 
{0: '0.0', 1: '1.0', 2: '0.0', 3: '1.0', 4: 0.005589739249388462} 
{0: '0.0', 1: '1.0', 2: '0.0', 3: '1.0', 4: 3.118818396140335e-05} 
{0: '0.0', 1: '1.0', 2: '0.0', 3: '1.0', 4: 0.6428978168372883} 
{0: '0.0', 1: '1.0', 2: '0.0', 3: '1.0', 4: 0.11922026662593675} 
{0: '0.0', 1: '1.0', 2: '0.0', 3: '1.0', 4: 0.3906464709250996} 
{0: '0.0', 1: '1.0', 2: '0.0', 3: '1.0', 4: 2.4293165096878004} 
{0: '0.0', 1: '1.0', 2: '0.0', 3: '1.0', 4: 0.0001858954652348141} 
{0: '0.0', 1: '1.0', 2: '0.0', 3: '1.0', 4: 0.048934123023901356} 
{0: '0.0', 1: '1.0', 2: '0.0', 3: '1.0', 4: 0.8565018131068417} 
{0: '0.0', 1: '1.0', 2: '0.0', 3: '1.0', 4: 0.03422781967828631} 
{0: '0.0', 1: '1.0', 2: '0.0', 3: '1.0', 4: 0.11089741141748054} 
{0: '0.0', 1: '1.0', 2: '0.0', 3: '1.0', 4: 0.12470071826383296} 
{0: '0.0', 1: '1.0', 2: '0.0', 3: '1.0', 4: 0.009066721844938286} 
{0: '0.0', 1: '1.0', 2: '0.0', 3: '1.0', 4: 2.8365375553602377} 
{0: '0.0', 1: '1.0', 2: '0.0', 3: '1.0', 4: 0.07973594465049169} 
{0: '0.0', 1: '1.0', 2: '0.0', 3: '1.0', 4: 0.09264729849846091} 
{0: '0.0', 1: '1.0', 2: '0.0', 3: '1.0', 4: 0.010827920970795704} 
{0: '0.0', 1: '1.0', 2: '0.0', 3: '1.0', 4: 0.00021083480025341987} 
{0: '0.0', 1: '1.0', 2: '0.0', 3: '1.0', 4: 0.012844568585593952} 
{0: '0.0', 1: '1.0', 2: '0.0', 3: '1.0', 4: 0.035291752819098805} 
{0: '0.0', 1: '1.0', 2: '0.0', 3: '1.0', 4: 0.46184343515572546} 
{0: '0.0', 1: '1.0', 2: '0.0', 3: '1.0', 4: 0.007709124301902789} 
{0: '0.0', 1: '1.0', 2: '0.0', 3: '1.0', 4: 1.1686767758269323} 
{0: '0.0', 1: '1.0', 2: '0.0', 3: '1.0', 4: 0.34555508741666174} 
{0: '0.0', 1: '1.0', 2: '0.0', 3: '1.0', 4: 0.16745953741910904} 
{0: '0.0', 1: '1.0', 2: '0.0', 3: '1.0', 4: 2.038516131274021} 
{0: '0.0', 1: '1.0', 2: '0.0', 3: '1.0', 4: 0.1347537414657053} 
{0: '0.0', 1: '1.0', 2: '0.0', 3: '1.0', 4: 2.3501391114412566} 
{0: '0.0', 1: '1.0', 2: '0.0', 3: '1.0', 4: 1.7853675971738983} 
{0: '0.0', 1: '1.0', 2: '0.0', 3: '1.0', 4: 1.6960894031992366} 
{0: '0.0', 1: '1.0', 2: '0.0', 3: '1.0', 4: 0.05971768947079484} 
{0: '0.0', 1: '1.0', 2: '0.0', 3: '1.0', 4: 0.02380711154360414} 
{0: '0.0', 1: '1.0', 2: '0.0', 3: '1.0', 4: 0.6027168484711377} 
{0: '0.0', 1: '1.0', 2: '0.0', 3: '1.0', 4: 0.948339331877925} 
{0: '0.0', 1: '1.0', 2: '0.0', 3: '1.0', 4: 1.0288702665953455} 
{0: '0.0', 1: '1.0', 2: '0.0', 3: '1.0', 4: 1.24119715762072} 
{0: '0.0', 1: '1.0', 2: '0.0', 3: '1.0', 4: 0.5821754017928883} 
{0: '0.0', 1: '1.0', 2: '0.0', 3: '1.0', 4: 0.012467949122040843} 
{0: '0.0', 1: '1.0', 2: '0.0', 3: '1.0', 4: 0.007786006204441602} 
{0: '0.0', 1: '1.0', 2: '0.0', 3: '1.0', 4: 0.100625023883548} 
{0: '0.0', 1: '1.0', 2: '0.0', 3: '1.0', 4: 0.7468487849140933} 
{0: '0.0', 1: '1.0', 2: '0.0', 3: '1.0', 4: 0.0024543787638567675} 
{0: '0.0', 1: '1.0', 2: '0.0', 3: '1.0', 4: 1.3241279373546069} 
{0: '0.0', 1: '1.0', 2: '0.0', 3: '1.0', 4: 0.18690477374787115} 
{0: '0.0', 1: '1.0', 2: '0.0', 3: '1.0', 4: 0.009626531654838332} 
{0: '0.0', 1: '1.0', 2: '0.0', 3: '1.0', 4: 0.1544855935961531} 
{0: '0.0', 1: '1.0', 2: '0.0', 3: '1.0', 4: 0.1498204230653649} 
{0: '0.0', 1: '1.0', 2: '0.0', 3: '1.0', 4: 0.12434347671190515} 
{0: '0.0', 1: '1.0', 2: '0.0', 3: '1.0', 4: 0.09901501717937926} 
{0: '0.0', 1: '1.0', 2: '0.0', 3: '1.0', 4: 0.4086220398774037} 
{0: '0.0', 1: '1.0', 2: '0.0', 3: '1.0', 4: 0.5677389972783503} 
{0: '0.0', 1: '1.0', 2: '0.0', 3: '1.0', 4: 0.501622981017766} 
{0: '0.0', 1: '1.0', 2: '0.0', 3: '1.0', 4: 0.5676997447001808} 
{0: '0.0', 1: '1.0', 2: '0.0', 3: '1.0', 4: 1.2857394504094435} 
{0: '0.0', 1: '1.0', 2: '0.0', 3: '1.0', 4: 0.000430343826974867} 
{0: '0.0', 1: '1.0', 2: '0.0', 3: '1.0', 4: 0.07201092818187328} 
{0: '0.0', 1: '1.0', 2: '0.0', 3: '1.0', 4: 0.0027029866918717857} 
{0: '0.0', 1: '1.0', 2: '0.0', 3: '1.0', 4: 0.03777283060995664} 
{0: '0.0', 1: '1.0', 2: '0.0', 3: '1.0', 4: 2.235921973473864} 
{0: '0.0', 1: '1.0', 2: '0.0', 3: '1.0', 4: 0.08906202024697912} 
{0: '0.0', 1: '1.0', 2: '0.0', 3: '1.0', 4: 0.045782129454929245} 
{0: '0.0', 1: '1.0', 2: '0.0', 3: '1.0', 4: 0.5515797895622966} 
{0: '0.0', 1: '1.0', 2: '0.0', 3: '1.0', 4: 1.7806240014533716} 
{0: '0.0', 1: '1.0', 2: '0.0', 3: '1.0', 4: 0.0016696760369081431} 
{0: '0.0', 1: '1.0', 2: '0.0', 3: '1.0', 4: 0.3190385463684648} 
{0: '0.0', 1: '1.0', 2: '0.0', 3: '1.0', 4: 3.8312164902478756} 
{0: '0.0', 1: '1.0', 2: '0.0', 3: '1.0', 4: 0.1616577697489261} 
{0: '0.0', 1: '1.0', 2: '0.0', 3: '1.0', 4: 0.18650662992350928} 
{0: '0.0', 1: '1.0', 2: '0.0', 3: '1.0', 4: 0.003427204965866732} 
{0: '0.0', 1: '1.0', 2: '0.0', 3: '1.0', 4: 0.12422721162586711} 
{0: '0.0', 1: '1.0', 2: '0.0', 3: '1.0', 4: 0.25703481320839294} 
{0: '0.0', 1: '1.0', 2: '0.0', 3: '1.0', 4: 0.03827705952747391} 
{0: '0.0', 1: '1.0', 2: '0.0', 3: '1.0', 4: 0.4891172149091526} 
{0: '0.0', 1: '1.0', 2: '0.0', 3: '1.0', 4: 0.9137942335504573} 
{0: '0.0', 1: '1.0', 2: '0.0', 3: '1.0', 4: 0.44092279619798574} 
{0: '0.0', 1: '1.0', 2: '0.0', 3: '1.0', 4: 0.07933769320285271} 
{0: '0.0', 1: '1.0', 2: '0.0', 3: '1.0', 4: 1.8745948183285248} 
{0: '0.0', 1: '1.0', 2: '0.0', 3: '1.0', 4: 0.12143296269379923} 
{0: '0.0', 1: '1.0', 2: '0.0', 3: '1.0', 4: 0.03170814133928524} 
{0: '0.0', 1: '1.0', 2: '0.0', 3: '1.0', 4: 0.8884255271512077} 
{0: '0.0', 1: '1.0', 2: '0.0', 3: '1.0', 4: 0.36583742506733513} 
{0: '0.0', 1: '1.0', 2: '0.0', 3: '1.0', 4: 0.19226963837085645} 
{0: '0.0', 1: '1.0', 2: '0.0', 3: '1.0', 4: 0.3027961134265189} 
{0: '0.0', 1: '1.0', 2: '0.0', 3: '1.0', 4: 0.6670811417321563} 
{0: '0.0', 1: '1.0', 2: '0.0', 3: '1.0', 4: 0.2488753669425462} 
{0: '0.0', 1: '1.0', 2: '0.0', 3: '1.0', 4: 0.18835203152745514} 
{0: '0.0', 1: '1.0', 2: '0.0', 3: '1.0', 4: 0.11511349778441061} 
{0: '0.0', 1: '1.0', 2: '0.0', 3: '1.0', 4: 0.019427315326387983} 
{0: '0.0', 1: '1.0', 2: '0.0', 3: '1.0', 4: 1.3117194250501258} 
{0: '0.0', 1: '1.0', 2: '0.0', 3: '1.0', 4: 0.04079868072964833} 
{0: '0.0', 1: '1.0', 2: '0.0', 3: '1.0', 4: 0.1902875505531367} 
{0: '0.0', 1: '1.0', 2: '0.0', 3: '1.0', 4: 0.25964339419013094} 
{0: '0.0', 1: '1.0', 2: '0.0', 3: '1.0', 4: 0.652551366191029} 
{0: '0.0', 1: '1.0', 2: '0.0', 3: '1.0', 4: 0.33726949372480525} 
{0: '0.0', 1: '1.0', 2: '0.0', 3: '1.0', 4: 0.04299381571033102} 
{0: '0.0', 1: '1.0', 2: '0.0', 3: '1.0', 4: 0.00010016396542610725} 
{0: '0.0', 1: '1.0', 2: '0.0', 3: '1.0', 4: 0.1554223100289888} 
{0: '0.0', 1: '1.0', 2: '0.0', 3: '1.0', 4: 0.4427061989661589} 
{0: '0.0', 1: '1.0', 2: '0.0', 3: '1.0', 4: 0.4937670784840838} 
{0: '0.0', 1: '1.0', 2: '0.0', 3: '1.0', 4: 1.2714634278582917} 
{0: '0.0', 1: '1.0', 2: '0.0', 3: '1.0', 4: 0.19301254256838604} 
{0: '0.0', 1: '1.0', 2: '0.0', 3: '1.0', 4: 0.042557372433419935} 
{0: '0.0', 1: '1.0', 2: '0.0', 3: '1.0', 4: 0.23023996687997017} 
{0: '0.0', 1: '1.0', 2: '0.0', 3: '1.0', 4: 0.10319063549758183} 
{0: '0.0', 1: '1.0', 2: '0.0', 3: '1.0', 4: 0.8454529972321807} 
{0: '0.0', 1: '1.0', 2: '0.0', 3: '1.0', 4: 0.02075793430374273} 
{0: '0.0', 1: '1.0', 2: '0.0', 3: '1.0', 4: 1.8045436943108064} 
{0: '0.0', 1: '1.0', 2: '0.0', 3: '1.0', 4: 1.6137586289192822} 
{0: '0.0', 1: '1.0', 2: '0.0', 3: '1.0', 4: 3.08266040923274} 
{0: '0.0', 1: '1.0', 2: '0.0', 3: '1.0', 4: 0.9087076471700117} 
{0: '0.0', 1: '1.0', 2: '0.0', 3: '1.0', 4: 0.3448187204286764} 
{0: '0.0', 1: '1.0', 2: '0.0', 3: '1.0', 4: 1.5361096656967965} 
{0: '0.0', 1: '1.0', 2: '0.0', 3: '1.0', 4: 0.09812174496055209} 
{0: '0.0', 1: '1.0', 2: '0.0', 3: '1.0', 4: 1.2068924923037523} 
{0: '0.0', 1: '1.0', 2: '0.0', 3: '1.0', 4: 1.5224593258634027} 
{0: '0.0', 1: '1.0', 2: '0.0', 3: '1.0', 4: 0.005532485217977417} 
{0: '0.0', 1: '1.0', 2: '0.0', 3: '1.0', 4: 0.5808887827929629} 
{0: '0.0', 1: '1.0', 2: '0.0', 3: '1.0', 4: 0.2066676835317695} 
{0: '0.0', 1: '1.0', 2: '0.0', 3: '1.0', 4: 0.2952005758295471} 
{0: '0.0', 1: '1.0', 2: '0.0', 3: '1.0', 4: 1.6734350114007388} 
{0: '0.0', 1: '1.0', 2: '0.0', 3: '1.0', 4: 0.9017457687614361} 
{0: '0.0', 1: '1.0', 2: '0.0', 3: '1.0', 4: 0.018550103019570482} 
{0: '0.0', 1: '1.0', 2: '0.0', 3: '1.0', 4: 0.12364269427079413} 
{0: '0.0', 1: '1.0', 2: '0.0', 3: '1.0', 4: 3.651348749857421} 
{0: '0.0', 1: '1.0', 2: '0.0', 3: '1.0', 4: 0.2000298250269253} 
{0: '0.0', 1: '1.0', 2: '0.0', 3: '1.0', 4: 0.3587790051467312} 
{0: '0.0', 1: '1.0', 2: '0.0', 3: '1.0', 4: 0.7320557655408797} 
{0: '0.0', 1: '1.0', 2: '0.0', 3: '1.0', 4: 0.7002610301764576} 
{0: '0.0', 1: '1.0', 2: '0.0', 3: '1.0', 4: 0.0042443845021395464} 
{0: '0.0', 1: '1.0', 2: '0.0', 3: '1.0', 4: 0.2301264662957764} 
{0: '0.0', 1: '1.0', 2: '0.0', 3: '1.0', 4: 0.8113735622500312} 
{0: '0.0', 1: '1.0', 2: '0.0', 3: '1.0', 4: 0.5755733174924419} 
{0: '0.0', 1: '1.0', 2: '0.0', 3: '1.0', 4: 0.03165726389609322} 
{0: '0.0', 1: '1.0', 2: '0.0', 3: '1.0', 4: 0.31852823193178675} 
{0: '0.0', 1: '1.0', 2: '0.0', 3: '1.0', 4: 0.2993557421562628} 
{0: '0.0', 1: '1.0', 2: '0.0', 3: '1.0', 4: 0.949121445613676} 
{0: '0.0', 1: '1.0', 2: '0.0', 3: '1.0', 4: 0.10897044817192743} 
{0: '0.0', 1: '1.0', 2: '0.0', 3: '1.0', 4: 0.04672525620762938} 
{0: '0.0', 1: '1.0', 2: '0.0', 3: '1.0', 4: 0.4533608616573173} 
{0: '0.0', 1: '1.0', 2: '0.0', 3: '1.0', 4: 0.010908411700400038} 
{0: '0.0', 1: '1.0', 2: '0.0', 3: '1.0', 4: 3.5919028348482587} 
{0: '0.0', 1: '1.0', 2: '0.0', 3: '1.0', 4: 0.061895647077469224} 
{0: '0.0', 1: '1.0', 2: '0.0', 3: '1.0', 4: 0.5014386886704254} 
{0: '0.0', 1: '1.0', 2: '0.0', 3: '1.0', 4: 0.007735705386890398} 
{0: '0.0', 1: '1.0', 2: '0.0', 3: '1.0', 4: 0.13438242147425822} 
{0: '0.0', 1: '1.0', 2: '0.0', 3: '1.0', 4: 0.7418400620031266} 
{0: '0.0', 1: '1.0', 2: '0.0', 3: '1.0', 4: 0.06881028863471708} 
{0: '0.0', 1: '1.0', 2: '0.0', 3: '1.0', 4: 0.5305456438461184} 
{0: '0.0', 1: '1.0', 2: '0.0', 3: '1.0', 4: 0.0839244264409669} 
{0: '0.0', 1: '1.0', 2: '0.0', 3: '1.0', 4: 0.10923989119569798} 
{0: '0.0', 1: '1.0', 2: '0.0', 3: '1.0', 4: 0.2086660512945687} 
{0: '0.0', 1: '1.0', 2: '0.0', 3: '1.0', 4: 0.5824174769529855} 
{0: '0.0', 1: '1.0', 2: '0.0', 3: '1.0', 4: 1.5377636030554585} 
{0: '0.0', 1: '1.0', 2: '0.0', 3: '1.0', 4: 0.6370730356055538} 
{0: '0.0', 1: '1.0', 2: '0.0', 3: '1.0', 4: 0.2251697288143912} 
{0: '0.0', 1: '1.0', 2: '0.0', 3: '1.0', 4: 0.01969045885761445} 
{0: '0.0', 1: '1.0', 2: '0.0', 3: '1.0', 4: 1.1696749700760263} 
{0: '0.0', 1: '1.0', 2: '0.0', 3: '1.0', 4: 0.09769671544711443} 
{0: '0.0', 1: '1.0', 2: '0.0', 3: '1.0', 4: 0.5868987271029442} 
{0: '0.0', 1: '1.0', 2: '0.0', 3: '1.0', 4: 0.10596965025101028} 
{0: '0.0', 1: '1.0', 2: '0.0', 3: '1.0', 4: 0.8674815347878655} 
{0: '0.0', 1: '1.0', 2: '0.0', 3: '1.0', 4: 1.265587505063148} 
{0: '0.0', 1: '1.0', 2: '0.0', 3: '1.0', 4: 0.14195337995246676} 
{0: '0.0', 1: '1.0', 2: '0.0', 3: '1.0', 4: 0.03730150707294975} 
{0: '0.0', 1: '1.0', 2: '0.0', 3: '1.0', 4: 1.421705594469899} 
{0: '0.0', 1: '1.0', 2: '0.0', 3: '1.0', 4: 0.5036902942092828} 
{0: '0.0', 1: '1.0', 2: '0.0', 3: '1.0', 4: 0.7250720607758412} 
{0: '0.0', 1: '1.0', 2: '0.0', 3: '1.0', 4: 0.7741261203119552} 
{0: '0.0', 1: '1.0', 2: '0.0', 3: '1.0', 4: 0.16368253935357766} 
{0: '0.0', 1: '1.0', 2: '0.0', 3: '1.0', 4: 0.5689471141158672} 
{0: '0.0', 1: '1.0', 2: '0.0', 3: '1.0', 4: 0.44169908367041927} 
{0: '0.0', 1: '1.0', 2: '0.0', 3: '1.0', 4: 0.8586747194953928} 
{0: '0.0', 1: '1.0', 2: '0.0', 3: '1.0', 4: 0.054885242172080365} 
{0: '0.0', 1: '1.0', 2: '0.0', 3: '1.0', 4: 0.12046015045344233} 
{0: '0.0', 1: '1.0', 2: '0.0', 3: '1.0', 4: 0.4582816482619051} 
{0: '0.0', 1: '1.0', 2: '0.0', 3: '1.0', 4: 0.4511519165454736} 
{0: '0.0', 1: '1.0', 2: '0.0', 3: '1.0', 4: 0.6790076645884062} 
{0: '0.0', 1: '1.0', 2: '0.0', 3: '1.0', 4: 1.5946383200376362} 
{0: '0.0', 1: '1.0', 2: '0.0', 3: '1.0', 4: 0.46747138613517786} 
{0: '0.0', 1: '1.0', 2: '0.0', 3: '1.0', 4: 0.64379600701067} 
{0: '0.0', 1: '1.0', 2: '0.0', 3: '1.0', 4: 0.9700503096916054} 
{0: '0.0', 1: '1.0', 2: '0.0', 3: '1.0', 4: 2.034896828553044} 
{0: '0.0', 1: '1.0', 2: '0.0', 3: '1.0', 4: 0.06056744209968272} 
{0: '0.0', 1: '1.0', 2: '0.0', 3: '1.0', 4: 0.3759049422190991} 
{0: '0.0', 1: '1.0', 2: '0.0', 3: '1.0', 4: 3.5404738516241636} 
{0: '0.0', 1: '1.0', 2: '0.0', 3: '1.0', 4: 0.026148060554621454} 
{0: '0.0', 1: '1.0', 2: '0.0', 3: '1.0', 4: 0.37322135072717794} 
{0: '0.0', 1: '1.0', 2: '0.0', 3: '1.0', 4: 1.1105080612980454} 
{0: '0.0', 1: '1.0', 2: '0.0', 3: '1.0', 4: 0.0017775107771022425} 
{0: '0.0', 1: '1.0', 2: '0.0', 3: '1.0', 4: 0.8719186343001358} 
{0: '0.0', 1: '1.0', 2: '0.0', 3: '1.0', 4: 0.07808545301495774} 
{0: '0.0', 1: '1.0', 2: '0.0', 3: '1.0', 4: 0.035421627344976565} 
{0: '0.0', 1: '1.0', 2: '0.0', 3: '1.0', 4: 0.06397023175719083} 
{0: '0.0', 1: '1.0', 2: '0.0', 3: '1.0', 4: 2.7858748057672393} 
{0: '0.0', 1: '1.0', 2: '0.0', 3: '1.0', 4: 0.09606879307513952} 
{0: '0.0', 1: '1.0', 2: '0.0', 3: '1.0', 4: 2.885651442513864} 
{0: '0.0', 1: '1.0', 2: '0.0', 3: '1.0', 4: 0.025386201652327033} 
{0: '0.0', 1: '1.0', 2: '0.0', 3: '1.0', 4: 0.21777422523261736} 
{0: '0.0', 1: '1.0', 2: '0.0', 3: '1.0', 4: 0.08166463288012259} 
{0: '0.0', 1: '1.0', 2: '0.0', 3: '1.0', 4: 0.13606343499147516} 
{0: '0.0', 1: '1.0', 2: '0.0', 3: '1.0', 4: 0.35567641665221345} 
{0: '0.0', 1: '1.0', 2: '0.0', 3: '1.0', 4: 2.835609985262895} 
{0: '0.0', 1: '1.0', 2: '0.0', 3: '1.0', 4: 0.4616240777605605} 
{0: '0.0', 1: '1.0', 2: '0.0', 3: '1.0', 4: 0.1633749279251592} 
{0: '0.0', 1: '1.0', 2: '0.0', 3: '1.0', 4: 0.0225925992117501} 
{0: '0.0', 1: '1.0', 2: '0.0', 3: '1.0', 4: 1.6155805464935735} 
{0: '0.0', 1: '1.0', 2: '0.0', 3: '1.0', 4: 1.0202067460011075} 
{0: '0.0', 1: '1.0', 2: '0.0', 3: '1.0', 4: 0.04285681194573217} 
{0: '0.0', 1: '1.0', 2: '0.0', 3: '1.0', 4: 0.00026884114319727356} 
{0: '0.0', 1: '1.0', 2: '0.0', 3: '1.0', 4: 0.03093770760507589} 
{0: '0.0', 1: '1.0', 2: '0.0', 3: '1.0', 4: 0.004946100569065001} 
{0: '0.0', 1: '1.0', 2: '0.0', 3: '1.0', 4: 0.23031715279032938} 
{0: '0.0', 1: '1.0', 2: '0.0', 3: '1.0', 4: 0.4999252816359076} 
{0: '0.0', 1: '1.0', 2: '0.0', 3: '1.0', 4: 0.02709259011585549} 
{0: '0.0', 1: '1.0', 2: '0.0', 3: '1.0', 4: 0.058834219151435545} 
{0: '0.0', 1: '1.0', 2: '0.0', 3: '1.0', 4: 1.2616482904839876} 
{0: '0.0', 1: '1.0', 2: '0.0', 3: '1.0', 4: 0.31414349428205146} 
{0: '0.0', 1: '1.0', 2: '0.0', 3: '1.0', 4: 0.05530876405470846} 
{0: '0.0', 1: '1.0', 2: '0.0', 3: '1.0', 4: 0.024331348181872662} 
{0: '0.0', 1: '1.0', 2: '0.0', 3: '1.0', 4: 0.229605796119211} 
{0: '0.0', 1: '1.0', 2: '0.0', 3: '1.0', 4: 0.23555555085165203} 
{0: '0.0', 1: '1.0', 2: '0.0', 3: '1.0', 4: 0.8354638394715418} 
{0: '0.0', 1: '1.0', 2: '0.0', 3: '1.0', 4: 0.5841856185087806} 
{0: '0.0', 1: '1.0', 2: '0.0', 3: '1.0', 4: 0.09227314928224863} 
{0: '0.0', 1: '1.0', 2: '0.0', 3: '1.0', 4: 0.13953016250556563} 
{0: '0.0', 1: '1.0', 2: '0.0', 3: '1.0', 4: 0.04312477466152679} 
{0: '0.0', 1: '1.0', 2: '0.0', 3: '1.0', 4: 0.07480411473469424} 
{0: '0.0', 1: '1.0', 2: '0.0', 3: '1.0', 4: 0.010494310536042415} 
{0: '0.0', 1: '1.0', 2: '0.0', 3: '1.0', 4: 0.09805825050580408} 
{0: '0.0', 1: '1.0', 2: '0.0', 3: '1.0', 4: 0.27912837863181666} 
{0: '0.0', 1: '1.0', 2: '0.0', 3: '1.0', 4: 1.0641101090636813e-05} 
{0: '0.0', 1: '1.0', 2: '0.0', 3: '1.0', 4: 0.12186696072030537} 
{0: '0.0', 1: '1.0', 2: '0.0', 3: '1.0', 4: 0.1554391782049902} 
{0: '0.0', 1: '1.0', 2: '0.0', 3: '1.0', 4: 3.627236480476522} 
{0: '0.0', 1: '1.0', 2: '0.0', 3: '1.0', 4: 0.022780849291954904} 
{0: '0.0', 1: '1.0', 2: '0.0', 3: '1.0', 4: 2.1929943618779024} 
{0: '0.0', 1: '1.0', 2: '0.0', 3: '1.0', 4: 0.18468904479137513} 
{0: '0.0', 1: '1.0', 2: '0.0', 3: '1.0', 4: 0.7752545090020715} 
{0: '0.0', 1: '1.0', 2: '0.0', 3: '1.0', 4: 0.05954512470330143} 
{0: '0.0', 1: '1.0', 2: '0.0', 3: '1.0', 4: 0.022941717841911895} 
{0: '0.0', 1: '1.0', 2: '0.0', 3: '1.0', 4: 0.5805026853588133} 
{0: '0.0', 1: '1.0', 2: '0.0', 3: '1.0', 4: 0.2696212925075364} 
{0: '0.0', 1: '1.0', 2: '0.0', 3: '1.0', 4: 0.10214945742247475} 
{0: '0.0', 1: '1.0', 2: '0.0', 3: '1.0', 4: 0.012150828542189247} 
{0: '0.0', 1: '1.0', 2: '0.0', 3: '1.0', 4: 0.002732937650509765} 
{0: '0.0', 1: '1.0', 2: '0.0', 3: '1.0', 4: 0.04950464321216079} 
{0: '0.0', 1: '1.0', 2: '0.0', 3: '1.0', 4: 1.918432590615083} 
{0: '0.0', 1: '1.0', 2: '0.0', 3: '1.0', 4: 0.7823265556710939} 
{0: '0.0', 1: '1.0', 2: '0.0', 3: '1.0', 4: 0.46125445141105553} 
{0: '0.0', 1: '1.0', 2: '0.0', 3: '1.0', 4: 0.47620350073369133} 
{0: '0.0', 1: '1.0', 2: '0.0', 3: '1.0', 4: 0.5482098534517246} 
{0: '0.0', 1: '1.0', 2: '0.0', 3: '1.0', 4: 0.00013352479608966047} 
{0: '0.0', 1: '1.0', 2: '0.0', 3: '1.0', 4: 0.08563420847095564} 
{0: '0.0', 1: '1.0', 2: '0.0', 3: '1.0', 4: 0.5688578938677029} 
{0: '0.0', 1: '1.0', 2: '0.0', 3: '1.0', 4: 1.0931293411941936} 
{0: '0.0', 1: '1.0', 2: '0.0', 3: '1.0', 4: 9.895376893356703e-05} 
{0: '0.0', 1: '1.0', 2: '0.0', 3: '1.0', 4: 0.45779847923578215} 
{0: '0.0', 1: '1.0', 2: '0.0', 3: '1.0', 4: 0.24131839592619989} 
{0: '0.0', 1: '1.0', 2: '0.0', 3: '1.0', 4: 1.446241380820278} 
{0: '0.0', 1: '1.0', 2: '0.0', 3: '1.0', 4: 0.028776430351425495} 
{0: '0.0', 1: '1.0', 2: '0.0', 3: '1.0', 4: 0.0692839050219371} 
{0: '0.0', 1: '1.0', 2: '0.0', 3: '1.0', 4: 0.17805957897548982} 
{0: '0.0', 1: '1.0', 2: '0.0', 3: '1.0', 4: 0.0195189649497372} 
{0: '0.0', 1: '1.0', 2: '0.0', 3: '1.0', 4: 0.023565173614835924} 
{0: '0.0', 1: '1.0', 2: '0.0', 3: '1.0', 4: 0.16664585501880716} 
{0: '0.0', 1: '1.0', 2: '0.0', 3: '1.0', 4: 0.06885432810880798} 
{0: '0.0', 1: '1.0', 2: '0.0', 3: '1.0', 4: 0.10843831864975596} 
{0: '0.0', 1: '1.0', 2: '0.0', 3: '1.0', 4: 0.1669845660618721} 
{0: '0.0', 1: '1.0', 2: '0.0', 3: '1.0', 4: 0.13194882627833043} 
{0: '0.0', 1: '1.0', 2: '0.0', 3: '1.0', 4: 1.1595141097498378} 
{0: '0.0', 1: '1.0', 2: '0.0', 3: '1.0', 4: 0.4342482327418798} 
{0: '0.0', 1: '1.0', 2: '0.0', 3: '1.0', 4: 0.2281956786859711} 
{0: '0.0', 1: '1.0', 2: '0.0', 3: '1.0', 4: 3.203564349459909} 
{0: '0.0', 1: '1.0', 2: '0.0', 3: '1.0', 4: 0.16502999022753354} 
{0: '0.0', 1: '1.0', 2: '0.0', 3: '1.0', 4: 0.6763654448105889} 
{0: '0.0', 1: '1.0', 2: '0.0', 3: '1.0', 4: 0.6095292808011384} 
{0: '0.0', 1: '1.0', 2: '0.0', 3: '1.0', 4: 0.9195411281737736} 
{0: '0.0', 1: '1.0', 2: '0.0', 3: '1.0', 4: 0.001382270811361215} 
{0: '0.0', 1: '1.0', 2: '0.0', 3: '1.0', 4: 0.12541297127361048} 
{0: '0.0', 1: '1.0', 2: '0.0', 3: '1.0', 4: 0.868803000542952} 
{0: '0.0', 1: '1.0', 2: '0.0', 3: '1.0', 4: 0.8660080742507813} 
{0: '0.0', 1: '1.0', 2: '0.0', 3: '1.0', 4: 0.16688697037293546} 
{0: '0.0', 1: '1.0', 2: '0.0', 3: '1.0', 4: 0.04527308843065679} 
{0: '0.0', 1: '1.0', 2: '0.0', 3: '1.0', 4: 0.28235595595115076} 
{0: '0.0', 1: '1.0', 2: '0.0', 3: '1.0', 4: 0.00032403153664880104} 
{0: '0.0', 1: '1.0', 2: '0.0', 3: '1.0', 4: 0.25871919358232587} 
{0: '0.0', 1: '1.0', 2: '0.0', 3: '1.0', 4: 0.004145608138019233} 
{0: '0.0', 1: '1.0', 2: '0.0', 3: '1.0', 4: 0.16514407076355694} 
{0: '0.0', 1: '1.0', 2: '0.0', 3: '1.0', 4: 0.25557477804446105} 
{0: '0.0', 1: '1.0', 2: '0.0', 3: '1.0', 4: 0.04542905470483717} 
{0: '0.0', 1: '1.0', 2: '0.0', 3: '1.0', 4: 0.8726609088134825} 
{0: '0.0', 1: '1.0', 2: '0.0', 3: '1.0', 4: 0.04310706044044276} 
{0: '0.0', 1: '1.0', 2: '0.0', 3: '1.0', 4: 0.05319963272266906} 
{0: '0.0', 1: '1.0', 2: '0.0', 3: '1.0', 4: 0.0005883538455811938} 
{0: '0.0', 1: '1.0', 2: '0.0', 3: '1.0', 4: 1.064592823844367} 
{0: '0.0', 1: '1.0', 2: '0.0', 3: '1.0', 4: 0.687293603951345} 
{0: '0.0', 1: '1.0', 2: '0.0', 3: '1.0', 4: 0.017644162360260902} 
{0: '0.0', 1: '1.0', 2: '0.0', 3: '1.0', 4: 0.36655093650210213} 
{0: '0.0', 1: '1.0', 2: '0.0', 3: '1.0', 4: 0.02152610996356902} 
{0: '0.0', 1: '1.0', 2: '0.0', 3: '1.0', 4: 0.6376368611951975} 
{0: '0.0', 1: '1.0', 2: '0.0', 3: '1.0', 4: 0.024264733712134112} 
{0: '0.0', 1: '1.0', 2: '0.0', 3: '1.0', 4: 0.05755706151894385} 
{0: '0.0', 1: '1.0', 2: '0.0', 3: '1.0', 4: 1.03721284807562} 
{0: '0.0', 1: '1.0', 2: '0.0', 3: '1.0', 4: 1.2167766824203667} 
{0: '0.0', 1: '1.0', 2: '0.0', 3: '1.0', 4: 0.011527903827299244} 
{0: '0.0', 1: '1.0', 2: '0.0', 3: '1.0', 4: 0.0025778209072709803} 
{0: '0.0', 1: '1.0', 2: '0.0', 3: '1.0', 4: 0.04538952846239563} 
{0: '0.0', 1: '1.0', 2: '0.0', 3: '1.0', 4: 1.3792498052647084} 
{0: '0.0', 1: '1.0', 2: '0.0', 3: '1.0', 4: 0.07820825070031945} 
{0: '0.0', 1: '1.0', 2: '0.0', 3: '1.0', 4: 0.05856866795854732} 
{0: '0.0', 1: '1.0', 2: '0.0', 3: '1.0', 4: 0.298121585979023} 
{0: '0.0', 1: '1.0', 2: '0.0', 3: '1.0', 4: 0.7679567380836998} 
{0: '0.0', 1: '1.0', 2: '0.0', 3: '1.0', 4: 1.0375554438042915} 
{0: '0.0', 1: '1.0', 2: '0.0', 3: '1.0', 4: 0.36674094535299734} 
{0: '0.0', 1: '1.0', 2: '0.0', 3: '1.0', 4: 0.45023434732583384} 
{0: '0.0', 1: '1.0', 2: '0.0', 3: '1.0', 4: 0.015488210686665144} 
{0: '0.0', 1: '1.0', 2: '0.0', 3: '1.0', 4: 0.03714851207690405} 
{0: '0.0', 1: '1.0', 2: '0.0', 3: '1.0', 4: 1.7230221753786663} 
{0: '0.0', 1: '1.0', 2: '0.0', 3: '1.0', 4: 0.0023454915924240147} 
{0: '0.0', 1: '1.0', 2: '0.0', 3: '1.0', 4: 0.03703733453839031} 
{0: '0.0', 1: '1.0', 2: '0.0', 3: '1.0', 4: 0.5978460659703525} 
{0: '0.0', 1: '1.0', 2: '0.0', 3: '1.0', 4: 0.8429582107154469} 
{0: '0.0', 1: '1.0', 2: '0.0', 3: '1.0', 4: 0.2566728573242304} 
{0: '0.0', 1: '1.0', 2: '0.0', 3: '1.0', 4: 1.263850381934933} 
{0: '0.0', 1: '1.0', 2: '0.0', 3: '1.0', 4: 0.18457353319577574} 
{0: '0.0', 1: '1.0', 2: '0.0', 3: '1.0', 4: 1.7569653613695713} 
{0: '0.0', 1: '1.0', 2: '0.0', 3: '1.0', 4: 0.028197297674919596} 
{0: '0.0', 1: '1.0', 2: '0.0', 3: '1.0', 4: 0.12494362650146619} 
{0: '0.0', 1: '1.0', 2: '0.0', 3: '1.0', 4: 0.003565968921581965} 
{0: '0.0', 1: '1.0', 2: '0.0', 3: '1.0', 4: 0.7809518445614458} 
{0: '0.0', 1: '1.0', 2: '0.0', 3: '1.0', 4: 3.4345483559094676} 
{0: '0.0', 1: '1.0', 2: '0.0', 3: '1.0', 4: 1.835689904937278} 
{0: '0.0', 1: '1.0', 2: '0.0', 3: '1.0', 4: 1.7375037591082876} 
{0: '0.0', 1: '1.0', 2: '0.0', 3: '1.0', 4: 0.3510995791235566} 
{0: '0.0', 1: '1.0', 2: '0.0', 3: '1.0', 4: 0.0009204239608422292} 
{0: '0.0', 1: '1.0', 2: '0.0', 3: '1.0', 4: 0.3163219599712082} 
{0: '0.0', 1: '1.0', 2: '0.0', 3: '1.0', 4: 0.01026143006812885} 
{0: '0.0', 1: '1.0', 2: '0.0', 3: '1.0', 4: 0.04417766276250292} 
{0: '0.0', 1: '1.0', 2: '0.0', 3: '1.0', 4: 0.01776933927132389} 
{0: '0.0', 1: '1.0', 2: '0.0', 3: '1.0', 4: 0.06222368720341821} 
{0: '0.0', 1: '1.0', 2: '0.0', 3: '1.0', 4: 0.05041903051618598} 
{0: '0.0', 1: '1.0', 2: '0.0', 3: '1.0', 4: 0.45953600246263543} 
{0: '0.0', 1: '1.0', 2: '0.0', 3: '1.0', 4: 0.27257243300018835} 
{0: '0.0', 1: '1.0', 2: '0.0', 3: '1.0', 4: 0.033843901532067684} 
{0: '0.0', 1: '1.0', 2: '0.0', 3: '1.0', 4: 1.9552882138736416} 
{0: '0.0', 1: '1.0', 2: '0.0', 3: '1.0', 4: 0.9595739202806869} 
{0: '0.0', 1: '1.0', 2: '0.0', 3: '1.0', 4: 5.36029079972291e-08} 
{0: '0.0', 1: '1.0', 2: '0.0', 3: '1.0', 4: 0.011309369074546438} 
{0: '0.0', 1: '1.0', 2: '0.0', 3: '1.0', 4: 0.0012619596103533317} 
{0: '0.0', 1: '1.0', 2: '0.0', 3: '1.0', 4: 0.7544814517888999} 
{0: '0.0', 1: '1.0', 2: '0.0', 3: '1.0', 4: 0.07218504869940763} 
{0: '0.0', 1: '1.0', 2: '0.0', 3: '1.0', 4: 1.4064755569329253} 
{0: '0.0', 1: '1.0', 2: '0.0', 3: '1.0', 4: 0.7394121365741285} 
{0: '0.0', 1: '1.0', 2: '0.0', 3: '1.0', 4: 0.3942809788902371} 
{0: '0.0', 1: '1.0', 2: '0.0', 3: '1.0', 4: 0.7971825706021889} 
{0: '0.0', 1: '1.0', 2: '0.0', 3: '1.0', 4: 1.2706318734449165} 
{0: '0.0', 1: '1.0', 2: '0.0', 3: '1.0', 4: 0.14868122706885195} 
{0: '0.0', 1: '1.0', 2: '0.0', 3: '1.0', 4: 0.3410740612892938} 
{0: '0.0', 1: '1.0', 2: '0.0', 3: '1.0', 4: 0.4188330869661513} 
{0: '0.0', 1: '1.0', 2: '0.0', 3: '1.0', 4: 0.5298503941361604} 
{0: '0.0', 1: '1.0', 2: '0.0', 3: '1.0', 4: 0.24646910465435895} 
{0: '0.0', 1: '1.0', 2: '0.0', 3: '1.0', 4: 0.04419418184254282} 
{0: '0.0', 1: '1.0', 2: '0.0', 3: '1.0', 4: 0.06726804799817054} 
{0: '0.0', 1: '1.0', 2: '0.0', 3: '1.0', 4: 0.020204927120215987} 
{0: '0.0', 1: '1.0', 2: '0.0', 3: '1.0', 4: 0.12109978221785925} 
{0: '0.0', 1: '1.0', 2: '0.0', 3: '1.0', 4: 0.7030806963417937} 
{0: '0.0', 1: '1.0', 2: '0.0', 3: '1.0', 4: 0.5127527084793251} 
{0: '0.0', 1: '1.0', 2: '0.0', 3: '1.0', 4: 0.7223495397822224} 
{0: '0.0', 1: '1.0', 2: '0.0', 3: '1.0', 4: 1.072041845794796} 
{0: '0.0', 1: '1.0', 2: '0.0', 3: '1.0', 4: 0.09724271394107063} 
{0: '0.0', 1: '1.0', 2: '0.0', 3: '1.0', 4: 0.3714896824107868} 
{0: '0.0', 1: '1.0', 2: '0.0', 3: '1.0', 4: 0.0004705104787795192} 
{0: '0.0', 1: '1.0', 2: '0.0', 3: '1.0', 4: 1.106641480327844} 
{0: '0.0', 1: '1.0', 2: '0.0', 3: '1.0', 4: 0.2478337379206999} 
{0: '0.0', 1: '1.0', 2: '0.0', 3: '1.0', 4: 1.5397010310112889} 
{0: '0.0', 1: '1.0', 2: '0.0', 3: '1.0', 4: 0.0027598643356661528} 
{0: '0.0', 1: '1.0', 2: '0.0', 3: '1.0', 4: 0.00554561098035378} 
{0: '0.0', 1: '1.0', 2: '0.0', 3: '1.0', 4: 0.9220583377260478} 
{0: '0.0', 1: '1.0', 2: '0.0', 3: '1.0', 4: 2.3561288416006385} 
{0: '0.0', 1: '1.0', 2: '0.0', 3: '1.0', 4: 0.34607613459072045} 
{0: '0.0', 1: '1.0', 2: '0.0', 3: '1.0', 4: 0.8551082934733876} 
{0: '0.0', 1: '1.0', 2: '0.0', 3: '1.0', 4: 0.10844226489051878} 
{0: '0.0', 1: '1.0', 2: '0.0', 3: '1.0', 4: 0.04890535586919236} 
{0: '0.0', 1: '1.0', 2: '0.0', 3: '1.0', 4: 1.094764985826395} 
{0: '0.0', 1: '1.0', 2: '0.0', 3: '1.0', 4: 0.5325805543462193} 
{0: '0.0', 1: '1.0', 2: '0.0', 3: '1.0', 4: 0.6367294979265986} 
{0: '0.0', 1: '1.0', 2: '0.0', 3: '1.0', 4: 0.19603732643519853} 
{0: '0.0', 1: '1.0', 2: '0.0', 3: '1.0', 4: 0.020507359652756855} 
{0: '0.0', 1: '1.0', 2: '0.0', 3: '1.0', 4: 0.37020321739225714} 
{0: '0.0', 1: '1.0', 2: '0.0', 3: '1.0', 4: 0.012025143273305873} 
{0: '0.0', 1: '1.0', 2: '0.0', 3: '1.0', 4: 0.0009677133586600426} 
{0: '0.0', 1: '1.0', 2: '0.0', 3: '1.0', 4: 0.10014288657995433} 
{0: '0.0', 1: '1.0', 2: '0.0', 3: '1.0', 4: 0.0034481687660322734} 
{0: '0.0', 1: '1.0', 2: '0.0', 3: '1.0', 4: 1.0947626025599424} 
{0: '0.0', 1: '1.0', 2: '0.0', 3: '1.0', 4: 0.00263793031946141} 
{0: '0.0', 1: '1.0', 2: '0.0', 3: '1.0', 4: 3.9457474710282003} 
{0: '0.0', 1: '1.0', 2: '0.0', 3: '1.0', 4: 0.23246862183878153} 
{0: '0.0', 1: '1.0', 2: '0.0', 3: '1.0', 4: 0.008409031359719163} 
{0: '0.0', 1: '1.0', 2: '0.0', 3: '1.0', 4: 0.26732322823969146} 
{0: '0.0', 1: '1.0', 2: '0.0', 3: '1.0', 4: 0.9467556338639856} 
{0: '0.0', 1: '1.0', 2: '0.0', 3: '1.0', 4: 0.001913188856654574} 
{0: '0.0', 1: '1.0', 2: '0.0', 3: '1.0', 4: 0.03155293267465597} 
{0: '0.0', 1: '1.0', 2: '0.0', 3: '1.0', 4: 0.238572771217772} 
{0: '0.0', 1: '1.0', 2: '0.0', 3: '1.0', 4: 2.1499220876814835} 
{0: '0.0', 1: '1.0', 2: '0.0', 3: '1.0', 4: 0.03457904932616009} 
{0: '0.0', 1: '1.0', 2: '0.0', 3: '1.0', 4: 0.26968368171673773} 
{0: '0.0', 1: '1.0', 2: '0.0', 3: '1.0', 4: 0.004989427230118524} 
{0: '0.0', 1: '1.0', 2: '0.0', 3: '1.0', 4: 0.4757250754390808} 
{0: '0.0', 1: '1.0', 2: '0.0', 3: '1.0', 4: 0.006038524633723874} 
{0: '0.0', 1: '1.0', 2: '0.0', 3: '1.0', 4: 1.015545618972978} 
{0: '0.0', 1: '1.0', 2: '0.0', 3: '1.0', 4: 0.005103196872789615} 
{0: '0.0', 1: '1.0', 2: '0.0', 3: '1.0', 4: 1.7106151267272434} 
{0: '0.0', 1: '1.0', 2: '0.0', 3: '1.0', 4: 0.9339959664069821} 
{0: '0.0', 1: '1.0', 2: '0.0', 3: '1.0', 4: 0.010020513488661674} 
{0: '0.0', 1: '1.0', 2: '0.0', 3: '1.0', 4: 0.014770706152661852} 
{0: '0.0', 1: '1.0', 2: '0.0', 3: '1.0', 4: 0.228327705629824} 
{0: '0.0', 1: '1.0', 2: '0.0', 3: '1.0', 4: 0.2557987561118668} 
{0: '0.0', 1: '1.0', 2: '0.0', 3: '1.0', 4: 2.5827501923975476} 
{0: '0.0', 1: '1.0', 2: '0.0', 3: '1.0', 4: 0.20335471569045654} 
{0: '0.0', 1: '1.0', 2: '0.0', 3: '1.0', 4: 0.8588719692948509} 
{0: '0.0', 1: '1.0', 2: '0.0', 3: '1.0', 4: 1.6287710577387435} 
{0: '0.0', 1: '1.0', 2: '0.0', 3: '1.0', 4: 0.1093077133769493} 
{0: '0.0', 1: '1.0', 2: '0.0', 3: '1.0', 4: 0.007371199858663046} 
{0: '0.0', 1: '1.0', 2: '0.0', 3: '1.0', 4: 0.612820733672645} 
{0: '0.0', 1: '1.0', 2: '0.0', 3: '1.0', 4: 0.2885167361855011} 
{0: '0.0', 1: '1.0', 2: '0.0', 3: '1.0', 4: 0.11367854618082375} 
{0: '0.0', 1: '1.0', 2: '0.0', 3: '1.0', 4: 2.4454148119674257} 
{0: '0.0', 1: '1.0', 2: '0.0', 3: '1.0', 4: 0.04349627303825313} 
{0: '0.0', 1: '1.0', 2: '0.0', 3: '1.0', 4: 0.020876608019943857} 
{0: '0.0', 1: '1.0', 2: '0.0', 3: '1.0', 4: 0.16561841792181667} 
{0: '0.0', 1: '1.0', 2: '0.0', 3: '1.0', 4: 0.013998757128738019} 
{0: '0.0', 1: '1.0', 2: '0.0', 3: '1.0', 4: 0.27007070870858213} 
{0: '0.0', 1: '1.0', 2: '0.0', 3: '1.0', 4: 0.07825790037611073} 
{0: '0.0', 1: '1.0', 2: '0.0', 3: '1.0', 4: 1.0902791146397384} 
{0: '0.0', 1: '1.0', 2: '0.0', 3: '1.0', 4: 0.18605694559961045} 
{0: '0.0', 1: '1.0', 2: '0.0', 3: '1.0', 4: 0.14283627575087168} 
{0: '0.0', 1: '1.0', 2: '0.0', 3: '1.0', 4: 0.12002527600929756} 
{0: '0.0', 1: '1.0', 2: '0.0', 3: '1.0', 4: 0.6417666258701596} 
{0: '0.0', 1: '1.0', 2: '0.0', 3: '1.0', 4: 0.1112197870290054} 
{0: '0.0', 1: '1.0', 2: '0.0', 3: '1.0', 4: 0.5628958715648723} 
{0: '0.0', 1: '1.0', 2: '0.0', 3: '1.0', 4: 1.0098731499314642} 
{0: '0.0', 1: '1.0', 2: '0.0', 3: '1.0', 4: 0.10306600911388965} 
{0: '0.0', 1: '1.0', 2: '0.0', 3: '1.0', 4: 0.835062888866889} 
{0: '0.0', 1: '1.0', 2: '0.0', 3: '1.0', 4: 0.0033860373895252703} 
{0: '0.0', 1: '1.0', 2: '0.0', 3: '1.0', 4: 0.04186043016325365} 
{0: '0.0', 1: '1.0', 2: '0.0', 3: '1.0', 4: 0.4547717059886799} 
{0: '0.0', 1: '1.0', 2: '0.0', 3: '1.0', 4: 0.001420980879245195} 
{0: '0.0', 1: '1.0', 2: '0.0', 3: '1.0', 4: 0.022080902858590604} 
{0: '0.0', 1: '1.0', 2: '0.0', 3: '1.0', 4: 1.7442753470421815} 
{0: '0.0', 1: '1.0', 2: '0.0', 3: '1.0', 4: 0.13872929750819027} 
{0: '0.0', 1: '1.0', 2: '0.0', 3: '1.0', 4: 1.2031126562612293} 
{0: '0.0', 1: '1.0', 2: '0.0', 3: '1.0', 4: 0.18627926341860945} 
{0: '0.0', 1: '1.0', 2: '0.0', 3: '1.0', 4: 0.05785631183677071} 
{0: '0.0', 1: '1.0', 2: '0.0', 3: '1.0', 4: 1.2545141589000164} 
{0: '0.0', 1: '1.0', 2: '0.0', 3: '1.0', 4: 1.4363147054831567} 
{0: '0.0', 1: '1.0', 2: '0.0', 3: '1.0', 4: 0.7015445022541182} 
{0: '0.0', 1: '1.0', 2: '0.0', 3: '1.0', 4: 0.23076511492963817} 
{0: '0.0', 1: '1.0', 2: '0.0', 3: '1.0', 4: 0.1470145500694945} 
{0: '0.0', 1: '1.0', 2: '0.0', 3: '1.0', 4: 1.429484199871421} 
{0: '0.0', 1: '1.0', 2: '0.0', 3: '1.0', 4: 1.662303738904322} 
{0: '0.0', 1: '1.0', 2: '0.0', 3: '1.0', 4: 0.17177184800787842} 
{0: '0.0', 1: '1.0', 2: '0.0', 3: '1.0', 4: 0.2756831370490298} 
{0: '0.0', 1: '1.0', 2: '0.0', 3: '1.0', 4: 0.03179724801163496} 
{0: '0.0', 1: '1.0', 2: '0.0', 3: '1.0', 4: 0.07635152295881154} 
{0: '0.0', 1: '1.0', 2: '0.0', 3: '1.0', 4: 0.07358562210428163} 
{0: '0.0', 1: '1.0', 2: '0.0', 3: '1.0', 4: 0.2765783683788392} 
{0: '0.0', 1: '1.0', 2: '0.0', 3: '1.0', 4: 0.034723517146079325} 
{0: '0.0', 1: '1.0', 2: '0.0', 3: '1.0', 4: 0.005021007590856741} 
{0: '0.0', 1: '1.0', 2: '0.0', 3: '1.0', 4: 0.3035545856200729} 
{0: '0.0', 1: '1.0', 2: '0.0', 3: '1.0', 4: 0.020022044850152465} 
{0: '0.0', 1: '1.0', 2: '0.0', 3: '1.0', 4: 0.4249409078822201} 
{0: '0.0', 1: '1.0', 2: '0.0', 3: '1.0', 4: 0.6430275043579288} 
{0: '0.0', 1: '1.0', 2: '0.0', 3: '1.0', 4: 0.00012237967060812447} 
{0: '0.0', 1: '1.0', 2: '0.0', 3: '1.0', 4: 0.34539088921475086} 
{0: '0.0', 1: '1.0', 2: '0.0', 3: '1.0', 4: 0.5387217124893982} 
{0: '0.0', 1: '1.0', 2: '0.0', 3: '1.0', 4: 0.08116920242136856} 
{0: '0.0', 1: '1.0', 2: '0.0', 3: '1.0', 4: 0.08049277989033563} 
{0: '0.0', 1: '1.0', 2: '0.0', 3: '1.0', 4: 0.046087804360792364} 
{0: '0.0', 1: '1.0', 2: '0.0', 3: '1.0', 4: 0.4004597504717045} 
{0: '0.0', 1: '1.0', 2: '0.0', 3: '1.0', 4: 0.032762627919951014} 
{0: '0.0', 1: '1.0', 2: '0.0', 3: '1.0', 4: 0.4708706728439822} 
{0: '0.0', 1: '1.0', 2: '0.0', 3: '1.0', 4: 0.2504722199542821} 
{0: '0.0', 1: '1.0', 2: '0.0', 3: '1.0', 4: 0.4190726965718666} 
{0: '0.0', 1: '1.0', 2: '0.0', 3: '1.0', 4: 0.04760425997696869} 
{0: '0.0', 1: '1.0', 2: '0.0', 3: '1.0', 4: 0.468717301568564} 
{0: '0.0', 1: '1.0', 2: '0.0', 3: '1.0', 4: 0.18681302001307515} 
{0: '0.0', 1: '1.0', 2: '0.0', 3: '1.0', 4: 0.34231852448782274} 
{0: '0.0', 1: '1.0', 2: '0.0', 3: '1.0', 4: 2.259278531078052} 
{0: '0.0', 1: '1.0', 2: '0.0', 3: '1.0', 4: 0.15300142555080642} 
{0: '0.0', 1: '1.0', 2: '0.0', 3: '1.0', 4: 0.04126668080417051} 
{0: '0.0', 1: '1.0', 2: '0.0', 3: '1.0', 4: 0.032946072310374906} 
{0: '0.0', 1: '1.0', 2: '0.0', 3: '1.0', 4: 0.5366994155362742} 
{0: '0.0', 1: '1.0', 2: '0.0', 3: '1.0', 4: 0.2966759194608134} 
{0: '0.0', 1: '1.0', 2: '0.0', 3: '1.0', 4: 0.53977186361029} 
{0: '0.0', 1: '1.0', 2: '0.0', 3: '1.0', 4: 0.00035523954012652253} 
{0: '0.0', 1: '1.0', 2: '0.0', 3: '1.0', 4: 0.7363117072478613} 
{0: '0.0', 1: '1.0', 2: '0.0', 3: '1.0', 4: 0.2500684569977771} 
{0: '0.0', 1: '1.0', 2: '0.0', 3: '1.0', 4: 1.5158138316652314} 
{0: '0.0', 1: '1.0', 2: '0.0', 3: '1.0', 4: 0.15434516007813612} 
{0: '0.0', 1: '1.0', 2: '0.0', 3: '1.0', 4: 0.29089715672502936} 
{0: '0.0', 1: '1.0', 2: '0.0', 3: '1.0', 4: 0.037821797255482084} 
{0: '0.0', 1: '1.0', 2: '0.0', 3: '1.0', 4: 0.054947608218917914} 
{0: '0.0', 1: '1.0', 2: '0.0', 3: '1.0', 4: 0.1949756601253233} 
{0: '0.0', 1: '1.0', 2: '0.0', 3: '1.0', 4: 0.8684074801509875} 
{0: '0.0', 1: '1.0', 2: '0.0', 3: '1.0', 4: 0.05797900313311024} 
{0: '0.0', 1: '1.0', 2: '0.0', 3: '1.0', 4: 0.2785462203389103} 
{0: '0.0', 1: '1.0', 2: '0.0', 3: '1.0', 4: 1.8880350207098082} 
{0: '0.0', 1: '1.0', 2: '0.0', 3: '1.0', 4: 0.6152215823045394} 
{0: '0.0', 1: '1.0', 2: '0.0', 3: '1.0', 4: 0.03620573839971517} 
{0: '0.0', 1: '1.0', 2: '0.0', 3: '1.0', 4: 0.0006241941311907265} 
{0: '0.0', 1: '1.0', 2: '0.0', 3: '1.0', 4: 0.41805468135366214} 
{0: '0.0', 1: '1.0', 2: '0.0', 3: '1.0', 4: 2.065422589029904} 
{0: '0.0', 1: '1.0', 2: '0.0', 3: '1.0', 4: 0.42908202171543747} 
{0: '0.0', 1: '1.0', 2: '0.0', 3: '1.0', 4: 1.2216615355386078} 
{0: '0.0', 1: '1.0', 2: '0.0', 3: '1.0', 4: 0.10555043464170197} 
{0: '0.0', 1: '1.0', 2: '0.0', 3: '1.0', 4: 0.028768276141997735} 
{0: '0.0', 1: '1.0', 2: '0.0', 3: '1.0', 4: 0.6183313425149685} 
{0: '0.0', 1: '1.0', 2: '0.0', 3: '1.0', 4: 0.06665928489580311} 
{0: '0.0', 1: '1.0', 2: '0.0', 3: '1.0', 4: 0.6998747610556207} 
{0: '0.0', 1: '1.0', 2: '0.0', 3: '1.0', 4: 0.4526908878649697} 
{0: '0.0', 1: '1.0', 2: '0.0', 3: '1.0', 4: 2.0967041238407864} 
{0: '0.0', 1: '1.0', 2: '0.0', 3: '1.0', 4: 0.03811868785099011} 
{0: '0.0', 1: '1.0', 2: '0.0', 3: '1.0', 4: 0.09574652242030968} 
{0: '0.0', 1: '1.0', 2: '0.0', 3: '1.0', 4: 0.11927331139220569} 
{0: '0.0', 1: '1.0', 2: '0.0', 3: '1.0', 4: 0.06551856955129415} 
{0: '0.0', 1: '1.0', 2: '0.0', 3: '1.0', 4: 0.12458437587870176} 
{0: '0.0', 1: '1.0', 2: '0.0', 3: '1.0', 4: 2.4090291723047215} 
{0: '0.0', 1: '1.0', 2: '0.0', 3: '1.0', 4: 0.2736172481105216} 
{0: '0.0', 1: '1.0', 2: '0.0', 3: '1.0', 4: 0.031404673252270324} 
{0: '0.0', 1: '1.0', 2: '0.0', 3: '1.0', 4: 0.05439842373053944} 
{0: '0.0', 1: '1.0', 2: '0.0', 3: '1.0', 4: 0.034020166953122176} 
{0: '0.0', 1: '1.0', 2: '0.0', 3: '1.0', 4: 0.3268550274030261} 
{0: '0.0', 1: '1.0', 2: '0.0', 3: '1.0', 4: 0.16979132921332118} 
{0: '0.0', 1: '1.0', 2: '0.0', 3: '1.0', 4: 0.07115541170540068} 
{0: '0.0', 1: '1.0', 2: '0.0', 3: '1.0', 4: 0.10086817764045083} 
{0: '0.0', 1: '1.0', 2: '0.0', 3: '1.0', 4: 0.30706911053804165} 
{0: '0.0', 1: '1.0', 2: '0.0', 3: '1.0', 4: 0.0006927310986731914} 
{0: '0.0', 1: '1.0', 2: '0.0', 3: '1.0', 4: 1.4057974321527011} 
{0: '0.0', 1: '1.0', 2: '0.0', 3: '1.0', 4: 1.5429172542276213} 
{0: '0.0', 1: '1.0', 2: '0.0', 3: '1.0', 4: 0.4703444622399215} 
{0: '0.0', 1: '1.0', 2: '0.0', 3: '1.0', 4: 0.15462609561956442} 
{0: '0.0', 1: '1.0', 2: '0.0', 3: '1.0', 4: 0.16058548942872125} 
{0: '0.0', 1: '1.0', 2: '0.0', 3: '1.0', 4: 0.4198714547916064} 
{0: '0.0', 1: '1.0', 2: '0.0', 3: '1.0', 4: 0.09083693508874012} 
{0: '0.0', 1: '1.0', 2: '0.0', 3: '1.0', 4: 0.009124097009982044} 
{0: '0.0', 1: '1.0', 2: '0.0', 3: '1.0', 4: 0.5252262179381882} 
{0: '0.0', 1: '1.0', 2: '0.0', 3: '1.0', 4: 0.10417309959051481} 
{0: '0.0', 1: '1.0', 2: '0.0', 3: '1.0', 4: 0.22101387138335524} 
{0: '0.0', 1: '1.0', 2: '0.0', 3: '1.0', 4: 0.10364150451052252} 
{0: '0.0', 1: '1.0', 2: '0.0', 3: '1.0', 4: 1.7913825485617965} 
{0: '0.0', 1: '1.0', 2: '0.0', 3: '1.0', 4: 2.4796406137386855} 
{0: '0.0', 1: '1.0', 2: '0.0', 3: '1.0', 4: 1.4508293661281824} 
{0: '0.0', 1: '1.0', 2: '0.0', 3: '1.0', 4: 0.5259185237910663} 
{0: '0.0', 1: '1.0', 2: '0.0', 3: '1.0', 4: 0.7209483414098456} 
{0: '0.0', 1: '1.0', 2: '0.0', 3: '1.0', 4: 0.19008620704296864} 
{0: '0.0', 1: '1.0', 2: '0.0', 3: '1.0', 4: 2.2803020321187395} 
{0: '0.0', 1: '1.0', 2: '0.0', 3: '1.0', 4: 0.7405378025936356} 
{0: '0.0', 1: '1.0', 2: '0.0', 3: '1.0', 4: 1.4142344739222656} 
{0: '0.0', 1: '1.0', 2: '0.0', 3: '1.0', 4: 0.7018909923272167} 
{0: '0.0', 1: '1.0', 2: '0.0', 3: '1.0', 4: 9.826507613656046e-05} 
{0: '0.0', 1: '1.0', 2: '0.0', 3: '1.0', 4: 0.0021689579254688244} 
{0: '0.0', 1: '1.0', 2: '0.0', 3: '1.0', 4: 0.5867326745769881} 
{0: '0.0', 1: '1.0', 2: '0.0', 3: '1.0', 4: 0.03998532232000966} 
{0: '0.0', 1: '1.0', 2: '0.0', 3: '1.0', 4: 1.499095995998052} 
{0: '0.0', 1: '1.0', 2: '0.0', 3: '1.0', 4: 0.006245106941168399} 
{0: '0.0', 1: '1.0', 2: '0.0', 3: '1.0', 4: 1.62415551669641} 
{0: '0.0', 1: '1.0', 2: '0.0', 3: '1.0', 4: 0.45339763841170266} 
{0: '0.0', 1: '1.0', 2: '0.0', 3: '1.0', 4: 0.49202949744682195} 
{0: '0.0', 1: '1.0', 2: '0.0', 3: '1.0', 4: 0.40166624859544064} 
{0: '0.0', 1: '1.0', 2: '0.0', 3: '1.0', 4: 0.2746077238168263} 
{0: '0.0', 1: '1.0', 2: '0.0', 3: '1.0', 4: 0.47459077622436857} 
{0: '0.0', 1: '1.0', 2: '0.0', 3: '1.0', 4: 0.3251876040828955} 
{0: '0.0', 1: '1.0', 2: '0.0', 3: '1.0', 4: 0.236091515062213} 
{0: '0.0', 1: '1.0', 2: '0.0', 3: '1.0', 4: 0.4891413548870964} 
{0: '0.0', 1: '1.0', 2: '0.0', 3: '1.0', 4: 0.009209223182740634} 
{0: '0.0', 1: '1.0', 2: '0.0', 3: '1.0', 4: 0.028492744469732812} 
{0: '0.0', 1: '1.0', 2: '0.0', 3: '1.0', 4: 0.028822182066691383} 
{0: '0.0', 1: '1.0', 2: '0.0', 3: '1.0', 4: 0.004860764651141321} 
{0: '0.0', 1: '1.0', 2: '0.0', 3: '1.0', 4: 0.45782578166330407} 
{0: '0.0', 1: '1.0', 2: '0.0', 3: '1.0', 4: 0.5592543640034703} 
{0: '0.0', 1: '1.0', 2: '0.0', 3: '1.0', 4: 0.3913971490098976} 
{0: '0.0', 1: '1.0', 2: '0.0', 3: '1.0', 4: 5.5823722971128755e-05} 
{0: '0.0', 1: '1.0', 2: '0.0', 3: '1.0', 4: 0.0178908686845549} 
{0: '0.0', 1: '1.0', 2: '0.0', 3: '1.0', 4: 0.41553556714089107} 
{0: '0.0', 1: '1.0', 2: '0.0', 3: '1.0', 4: 0.0015502349840793802} 
{0: '0.0', 1: '1.0', 2: '0.0', 3: '1.0', 4: 0.11908444544064979} 
{0: '0.0', 1: '1.0', 2: '0.0', 3: '1.0', 4: 1.256439450428686} 
{0: '0.0', 1: '1.0', 2: '0.0', 3: '1.0', 4: 3.733946882244643} 
{0: '0.0', 1: '1.0', 2: '0.0', 3: '1.0', 4: 0.02734639430635926} 
{0: '0.0', 1: '1.0', 2: '0.0', 3: '1.0', 4: 0.21087475342953152} 
{0: '0.0', 1: '1.0', 2: '0.0', 3: '1.0', 4: 0.8895686092066335} 
{0: '0.0', 1: '1.0', 2: '0.0', 3: '1.0', 4: 1.2242194216277746} 
{0: '0.0', 1: '1.0', 2: '0.0', 3: '1.0', 4: 0.10934551184680455} 
{0: '0.0', 1: '1.0', 2: '0.0', 3: '1.0', 4: 0.001501451644179736} 
{0: '0.0', 1: '1.0', 2: '0.0', 3: '1.0', 4: 1.2601042956916393} 
{0: '0.0', 1: '1.0', 2: '0.0', 3: '1.0', 4: 0.037798790286015634} 
{0: '0.0', 1: '1.0', 2: '0.0', 3: '1.0', 4: 1.040684857236554} 
{0: '0.0', 1: '1.0', 2: '0.0', 3: '1.0', 4: 0.022421942243784142} 
{0: '0.0', 1: '1.0', 2: '0.0', 3: '1.0', 4: 0.02352371315024302} 
{0: '0.0', 1: '1.0', 2: '0.0', 3: '1.0', 4: 0.851525738629761} 
{0: '0.0', 1: '1.0', 2: '0.0', 3: '1.0', 4: 1.5520012334357594} 
{0: '0.0', 1: '1.0', 2: '0.0', 3: '1.0', 4: 0.007031037384028047} 
{0: '0.0', 1: '1.0', 2: '0.0', 3: '1.0', 4: 0.0025046905517903005} 
{0: '0.0', 1: '1.0', 2: '0.0', 3: '1.0', 4: 0.17621837678575186} 
{0: '0.0', 1: '1.0', 2: '0.0', 3: '1.0', 4: 0.03866017623364721} 
{0: '0.0', 1: '1.0', 2: '0.0', 3: '1.0', 4: 0.22976144051550693} 
{0: '0.0', 1: '1.0', 2: '0.0', 3: '1.0', 4: 0.2514675599276615} 
{0: '0.0', 1: '1.0', 2: '0.0', 3: '1.0', 4: 0.30121508446155815} 
{0: '0.0', 1: '1.0', 2: '0.0', 3: '1.0', 4: 0.44074102821163047} 
{0: '0.0', 1: '1.0', 2: '0.0', 3: '1.0', 4: 0.7819565073379424} 
{0: '0.0', 1: '1.0', 2: '0.0', 3: '1.0', 4: 0.32370096961484957} 
{0: '0.0', 1: '1.0', 2: '0.0', 3: '1.0', 4: 0.2914119483036857} 
{0: '0.0', 1: '1.0', 2: '0.0', 3: '1.0', 4: 0.5376544643548625} 
{0: '0.0', 1: '1.0', 2: '0.0', 3: '1.0', 4: 0.20025527953097633} 
{0: '0.0', 1: '1.0', 2: '0.0', 3: '1.0', 4: 0.2722508544839406} 
{0: '0.0', 1: '1.0', 2: '0.0', 3: '1.0', 4: 0.09521217886069329} 
{0: '0.0', 1: '1.0', 2: '0.0', 3: '1.0', 4: 0.010203398652376341} 
{0: '0.0', 1: '1.0', 2: '0.0', 3: '1.0', 4: 0.013336312322014186} 
{0: '0.0', 1: '1.0', 2: '0.0', 3: '1.0', 4: 0.20070266812893375} 
{0: '0.0', 1: '1.0', 2: '0.0', 3: '1.0', 4: 0.6911111414795464} 
{0: '0.0', 1: '1.0', 2: '0.0', 3: '1.0', 4: 0.6121347250746023} 
{0: '0.0', 1: '1.0', 2: '0.0', 3: '1.0', 4: 0.08189018446939444} 
{0: '0.0', 1: '1.0', 2: '0.0', 3: '1.0', 4: 0.17133765336440698} 
{0: '0.0', 1: '1.0', 2: '0.0', 3: '1.0', 4: 1.5406936813638061} 
{0: '0.0', 1: '1.0', 2: '0.0', 3: '1.0', 4: 0.09989113656443734} 
{0: '0.0', 1: '1.0', 2: '0.0', 3: '1.0', 4: 0.6063797906233321} 
{0: '0.0', 1: '1.0', 2: '0.0', 3: '1.0', 4: 0.07230168368841408} 
{0: '0.0', 1: '1.0', 2: '0.0', 3: '1.0', 4: 0.8690908526728363} 
{0: '0.0', 1: '1.0', 2: '0.0', 3: '1.0', 4: 0.25218870031463164} 
{0: '0.0', 1: '1.0', 2: '0.0', 3: '1.0', 4: 0.06896848807927271} 
{0: '0.0', 1: '1.0', 2: '0.0', 3: '1.0', 4: 0.8497185009838817} 
{0: '0.0', 1: '1.0', 2: '0.0', 3: '1.0', 4: 2.2737261804319013} 
{0: '0.0', 1: '1.0', 2: '0.0', 3: '1.0', 4: 0.3034287446097507} 
{0: '0.0', 1: '1.0', 2: '0.0', 3: '1.0', 4: 1.692075798167164} 
{0: '0.0', 1: '1.0', 2: '0.0', 3: '1.0', 4: 0.9436803954356547} 
{0: '0.0', 1: '1.0', 2: '0.0', 3: '1.0', 4: 0.13796725197411813} 
{0: '0.0', 1: '1.0', 2: '0.0', 3: '1.0', 4: 0.08430244257699653} 
{0: '0.0', 1: '1.0', 2: '0.0', 3: '1.0', 4: 0.3737816851064135} 
{0: '0.0', 1: '1.0', 2: '0.0', 3: '1.0', 4: 0.8948423710108591} 
{0: '0.0', 1: '1.0', 2: '0.0', 3: '1.0', 4: 0.8678835250899709} 
{0: '0.0', 1: '1.0', 2: '0.0', 3: '1.0', 4: 0.01436711268532565} 
{0: '0.0', 1: '1.0', 2: '0.0', 3: '1.0', 4: 0.7650821317462836} 
{0: '0.0', 1: '1.0', 2: '0.0', 3: '1.0', 4: 0.018813576208151557} 
{0: '0.0', 1: '1.0', 2: '0.0', 3: '1.0', 4: 0.20707517083043708} 
{0: '0.0', 1: '1.0', 2: '0.0', 3: '1.0', 4: 0.5397850117778151} 
{0: '0.0', 1: '1.0', 2: '0.0', 3: '1.0', 4: 2.0675018417184603} 
{0: '0.0', 1: '1.0', 2: '0.0', 3: '1.0', 4: 0.03720115466174845} 
{0: '0.0', 1: '1.0', 2: '0.0', 3: '1.0', 4: 0.0840186564481889} 
{0: '0.0', 1: '1.0', 2: '0.0', 3: '1.0', 4: 0.7778729754455361} 
{0: '0.0', 1: '1.0', 2: '0.0', 3: '1.0', 4: 0.499677786041695} 
{0: '0.0', 1: '1.0', 2: '0.0', 3: '1.0', 4: 0.8205805327498311} 
{0: '0.0', 1: '1.0', 2: '0.0', 3: '1.0', 4: 0.0913724882819722} 
{0: '0.0', 1: '1.0', 2: '0.0', 3: '1.0', 4: 0.5545130146797618} 
{0: '0.0', 1: '1.0', 2: '0.0', 3: '1.0', 4: 1.4154009445112476} 
{0: '0.0', 1: '1.0', 2: '0.0', 3: '1.0', 4: 2.137599836305557} 
{0: '0.0', 1: '1.0', 2: '0.0', 3: '1.0', 4: 0.5937688177162633} 
{0: '0.0', 1: '1.0', 2: '0.0', 3: '1.0', 4: 0.16144120573115145} 
{0: '0.0', 1: '1.0', 2: '0.0', 3: '1.0', 4: 0.4357642710924624} 
{0: '0.0', 1: '1.0', 2: '0.0', 3: '1.0', 4: 0.48076350281574465} 
{0: '0.0', 1: '1.0', 2: '0.0', 3: '1.0', 4: 0.28609208739797354} 
{0: '0.0', 1: '1.0', 2: '0.0', 3: '1.0', 4: 3.397301529756201} 
{0: '0.0', 1: '1.0', 2: '0.0', 3: '1.0', 4: 0.1170916871551977} 
{0: '0.0', 1: '1.0', 2: '0.0', 3: '1.0', 4: 1.9659263641141764} 
{0: '0.0', 1: '1.0', 2: '0.0', 3: '1.0', 4: 0.5975236044441983} 
{0: '0.0', 1: '1.0', 2: '0.0', 3: '1.0', 4: 0.04880521071035342} 
{0: '0.0', 1: '1.0', 2: '0.0', 3: '1.0', 4: 0.7953622100152322} 
{0: '0.0', 1: '1.0', 2: '0.0', 3: '1.0', 4: 0.04029828615707828} 
{0: '0.0', 1: '1.0', 2: '0.0', 3: '1.0', 4: 1.6418980508905847} 
{0: '0.0', 1: '1.0', 2: '0.0', 3: '1.0', 4: 0.13048754408981025} 
{0: '0.0', 1: '1.0', 2: '0.0', 3: '1.0', 4: 0.412526428340552} 
{0: '0.0', 1: '1.0', 2: '0.0', 3: '1.0', 4: 0.17191040906789598} 
{0: '0.0', 1: '1.0', 2: '0.0', 3: '1.0', 4: 0.14629905652739594} 
{0: '0.0', 1: '1.0', 2: '0.0', 3: '1.0', 4: 0.24037929571514047} 
{0: '0.0', 1: '1.0', 2: '0.0', 3: '1.0', 4: 1.6652239901004287} 
{0: '0.0', 1: '1.0', 2: '0.0', 3: '1.0', 4: 0.219748401403782} 
{0: '0.0', 1: '1.0', 2: '0.0', 3: '1.0', 4: 1.448027292809226} 
{0: '0.0', 1: '1.0', 2: '0.0', 3: '1.0', 4: 0.8916165751715147} 
{0: '0.0', 1: '1.0', 2: '0.0', 3: '1.0', 4: 0.09945318643636414} 
{0: '0.0', 1: '1.0', 2: '0.0', 3: '1.0', 4: 0.5120927984696021} 
{0: '0.0', 1: '1.0', 2: '0.0', 3: '1.0', 4: 0.8832281953399455} 
{0: '0.0', 1: '1.0', 2: '0.0', 3: '1.0', 4: 0.9225665275491822} 
{0: '0.0', 1: '1.0', 2: '0.0', 3: '1.0', 4: 1.6359158825275302} 
{0: '0.0', 1: '1.0', 2: '0.0', 3: '1.0', 4: 0.08109826897993931} 
{0: '0.0', 1: '1.0', 2: '0.0', 3: '1.0', 4: 0.3834112362901254} 
{0: '0.0', 1: '1.0', 2: '0.0', 3: '1.0', 4: 0.004076743562649421} 
{0: '0.0', 1: '1.0', 2: '0.0', 3: '1.0', 4: 0.41876301019015866} 
{0: '0.0', 1: '1.0', 2: '0.0', 3: '1.0', 4: 0.03556447358892732} 
{0: '0.0', 1: '1.0', 2: '0.0', 3: '1.0', 4: 0.048762284187817966} 
{0: '0.0', 1: '1.0', 2: '0.0', 3: '1.0', 4: 0.42074865736130407} 
{0: '0.0', 1: '1.0', 2: '0.0', 3: '1.0', 4: 0.07748425233783651} 
{0: '0.0', 1: '1.0', 2: '0.0', 3: '1.0', 4: 0.7774011538331989} 
{0: '0.0', 1: '1.0', 2: '0.0', 3: '1.0', 4: 2.4163830802402133} 
{0: '0.0', 1: '1.0', 2: '0.0', 3: '1.0', 4: 0.30111625643660817} 
{0: '0.0', 1: '1.0', 2: '0.0', 3: '1.0', 4: 1.7055184817604616} 
{0: '0.0', 1: '1.0', 2: '0.0', 3: '1.0', 4: 0.008606001944689702} 
{0: '0.0', 1: '1.0', 2: '0.0', 3: '1.0', 4: 0.8920791981975135} 
{0: '0.0', 1: '1.0', 2: '0.0', 3: '1.0', 4: 1.3036524244347645} 
{0: '0.0', 1: '1.0', 2: '0.0', 3: '1.0', 4: 3.431719656890652} 
{0: '0.0', 1: '1.0', 2: '0.0', 3: '1.0', 4: 0.39229627352418367} 
{0: '0.0', 1: '1.0', 2: '0.0', 3: '1.0', 4: 0.008197289007563464} 
{0: '0.0', 1: '1.0', 2: '0.0', 3: '1.0', 4: 0.004758663163755681} 
{0: '0.0', 1: '1.0', 2: '0.0', 3: '1.0', 4: 0.002869599677997645} 
{0: '0.0', 1: '1.0', 2: '0.0', 3: '1.0', 4: 0.0540334537684814} 
{0: '0.0', 1: '1.0', 2: '0.0', 3: '1.0', 4: 1.8158497010492274} 
{0: '0.0', 1: '1.0', 2: '0.0', 3: '1.0', 4: 0.020769003746320115} 
{0: '0.0', 1: '1.0', 2: '0.0', 3: '1.0', 4: 0.14195420558951774} 
{0: '0.0', 1: '1.0', 2: '0.0', 3: '1.0', 4: 0.0058744282083131386} 
{0: '0.0', 1: '1.0', 2: '0.0', 3: '1.0', 4: 0.0006714063775506161} 
{0: '0.0', 1: '1.0', 2: '0.0', 3: '1.0', 4: 0.09931516454703282} 
{0: '0.0', 1: '1.0', 2: '0.0', 3: '1.0', 4: 0.38743577236875837} 
{0: '0.0', 1: '1.0', 2: '0.0', 3: '1.0', 4: 1.3756982378912137} 
{0: '0.0', 1: '1.0', 2: '0.0', 3: '1.0', 4: 0.23413263368158976} 
{0: '0.0', 1: '1.0', 2: '0.0', 3: '1.0', 4: 0.0020572938620828886} 
{0: '0.0', 1: '1.0', 2: '0.0', 3: '1.0', 4: 0.018707886126604262} 
{0: '0.0', 1: '1.0', 2: '0.0', 3: '1.0', 4: 2.055735873812062} 
{0: '0.0', 1: '1.0', 2: '0.0', 3: '1.0', 4: 0.4287724419650492} 
{0: '0.0', 1: '1.0', 2: '0.0', 3: '1.0', 4: 2.863767153420222} 
{0: '0.0', 1: '1.0', 2: '0.0', 3: '1.0', 4: 0.0780637049027287} 
{0: '0.0', 1: '1.0', 2: '0.0', 3: '1.0', 4: 0.17219781201337117} 
{0: '0.0', 1: '1.0', 2: '0.0', 3: '1.0', 4: 0.1404654392087138} 
{0: '0.0', 1: '1.0', 2: '0.0', 3: '1.0', 4: 0.045843152322558006} 
{0: '0.0', 1: '1.0', 2: '0.0', 3: '1.0', 4: 0.9199074970686273} 
{0: '0.0', 1: '1.0', 2: '0.0', 3: '1.0', 4: 0.07741760138784758} 
{0: '0.0', 1: '1.0', 2: '0.0', 3: '1.0', 4: 0.021246424804843806} 
{0: '0.0', 1: '1.0', 2: '0.0', 3: '1.0', 4: 0.5293799063523068} 
{0: '0.0', 1: '1.0', 2: '0.0', 3: '1.0', 4: 0.327530366847835} 
{0: '0.0', 1: '1.0', 2: '0.0', 3: '1.0', 4: 0.006693489641779869} 
{0: '0.0', 1: '1.0', 2: '0.0', 3: '1.0', 4: 0.2624039940413455} 
{0: '0.0', 1: '1.0', 2: '0.0', 3: '1.0', 4: 0.19140506595867415} 
{0: '0.0', 1: '1.0', 2: '0.0', 3: '1.0', 4: 0.00112253896664229} 
{0: '0.0', 1: '1.0', 2: '0.0', 3: '1.0', 4: 0.011265340658918425} 
{0: '0.0', 1: '1.0', 2: '0.0', 3: '1.0', 4: 0.006296043872019385} 
{0: '0.0', 1: '1.0', 2: '0.0', 3: '1.0', 4: 0.8867280090938184} 
{0: '0.0', 1: '1.0', 2: '0.0', 3: '1.0', 4: 0.8889154045237861} 
{0: '0.0', 1: '1.0', 2: '0.0', 3: '1.0', 4: 0.9057706175673079} 
{0: '0.0', 1: '1.0', 2: '0.0', 3: '1.0', 4: 0.15201488542274658} 
{0: '0.0', 1: '1.0', 2: '0.0', 3: '1.0', 4: 1.1320492644696982} 
{0: '0.0', 1: '1.0', 2: '0.0', 3: '1.0', 4: 0.5409433426328362} 
{0: '0.0', 1: '1.0', 2: '0.0', 3: '1.0', 4: 0.05687692147636592} 
{0: '0.0', 1: '1.0', 2: '0.0', 3: '1.0', 4: 0.6640650013993236} 
{0: '0.0', 1: '1.0', 2: '0.0', 3: '1.0', 4: 0.41048942053904336} 
{0: '0.0', 1: '1.0', 2: '0.0', 3: '1.0', 4: 0.019621187398592765} 
{0: '0.0', 1: '1.0', 2: '0.0', 3: '1.0', 4: 0.0056236115196744586} 
{0: '0.0', 1: '1.0', 2: '0.0', 3: '1.0', 4: 0.5928304796807945} 
{0: '0.0', 1: '1.0', 2: '0.0', 3: '1.0', 4: 0.6693284132521847} 
{0: '0.0', 1: '1.0', 2: '0.0', 3: '1.0', 4: 0.00045889979441289194} 
{0: '0.0', 1: '1.0', 2: '0.0', 3: '1.0', 4: 0.6661557707282083} 
{0: '0.0', 1: '1.0', 2: '0.0', 3: '1.0', 4: 0.09966599336234817} 
{0: '0.0', 1: '1.0', 2: '0.0', 3: '1.0', 4: 0.3071269914978507} 
{0: '0.0', 1: '1.0', 2: '0.0', 3: '1.0', 4: 0.012116729512637247} 
{0: '0.0', 1: '1.0', 2: '0.0', 3: '1.0', 4: 0.03691977533770264} 
{0: '0.0', 1: '1.0', 2: '0.0', 3: '1.0', 4: 1.0166105137378765} 
{0: '0.0', 1: '1.0', 2: '0.0', 3: '1.0', 4: 0.04634313188063817} 
{0: '0.0', 1: '1.0', 2: '0.0', 3: '1.0', 4: 0.35201256152487487} 
{0: '0.0', 1: '1.0', 2: '0.0', 3: '1.0', 4: 0.5225298614501788} 
{0: '0.0', 1: '1.0', 2: '0.0', 3: '1.0', 4: 1.2498185264576986} 
{0: '0.0', 1: '1.0', 2: '0.0', 3: '1.0', 4: 0.4362298905641579} 
{0: '0.0', 1: '1.0', 2: '0.0', 3: '1.0', 4: 1.2830870353024106} 
{0: '0.0', 1: '1.0', 2: '0.0', 3: '1.0', 4: 0.03793458623431963} 
{0: '0.0', 1: '1.0', 2: '0.0', 3: '1.0', 4: 0.013759204252352308} 
{0: '0.0', 1: '1.0', 2: '0.0', 3: '1.0', 4: 0.011212272185634503} 
{0: '0.0', 1: '1.0', 2: '0.0', 3: '1.0', 4: 0.012375049300636605} 
{0: '0.0', 1: '1.0', 2: '0.0', 3: '1.0', 4: 0.10359113293799625} 
{0: '0.0', 1: '1.0', 2: '0.0', 3: '1.0', 4: 2.450847851093877} 
{0: '0.0', 1: '1.0', 2: '0.0', 3: '1.0', 4: 0.049286243775878966} 
{0: '0.0', 1: '1.0', 2: '0.0', 3: '1.0', 4: 0.04695281419225594} 
{0: '0.0', 1: '1.0', 2: '0.0', 3: '1.0', 4: 0.25942975201437496} 
{0: '0.0', 1: '1.0', 2: '0.0', 3: '1.0', 4: 0.5531548930786467} 
{0: '0.0', 1: '1.0', 2: '0.0', 3: '1.0', 4: 0.8962047244035841} 
{0: '0.0', 1: '1.0', 2: '0.0', 3: '1.0', 4: 2.3103723507670857} 
{0: '0.0', 1: '1.0', 2: '0.0', 3: '1.0', 4: 1.7858660279937755} 
{0: '0.0', 1: '1.0', 2: '0.0', 3: '1.0', 4: 0.06383152305767491} 
{0: '0.0', 1: '1.0', 2: '0.0', 3: '1.0', 4: 1.0253875880340622} 
{0: '0.0', 1: '1.0', 2: '0.0', 3: '1.0', 4: 1.8419708207852503} 
{0: '0.0', 1: '1.0', 2: '0.0', 3: '1.0', 4: 1.3442723853313747} 
{0: '0.0', 1: '1.0', 2: '0.0', 3: '1.0', 4: 1.6515924096179955} 
{0: '0.0', 1: '1.0', 2: '0.0', 3: '1.0', 4: 0.0404076301048013} 
{0: '0.0', 1: '1.0', 2: '0.0', 3: '1.0', 4: 0.46138628505715906} 
{0: '0.0', 1: '1.0', 2: '0.0', 3: '1.0', 4: 3.264632099494985} 
{0: '0.0', 1: '1.0', 2: '0.0', 3: '1.0', 4: 1.2758835898590102} 
{0: '0.0', 1: '1.0', 2: '0.0', 3: '1.0', 4: 0.396259663022722} 
{0: '0.0', 1: '1.0', 2: '0.0', 3: '1.0', 4: 0.24634634652897605} 
{0: '0.0', 1: '1.0', 2: '0.0', 3: '1.0', 4: 0.2606139209511319} 
{0: '0.0', 1: '1.0', 2: '0.0', 3: '1.0', 4: 0.26188128330448973} 
{0: '0.0', 1: '1.0', 2: '0.0', 3: '1.0', 4: 0.01530509661006397} 
{0: '0.0', 1: '1.0', 2: '0.0', 3: '1.0', 4: 0.09606141221838994} 
{0: '0.0', 1: '1.0', 2: '0.0', 3: '1.0', 4: 0.5813816565107726} 
{0: '0.0', 1: '1.0', 2: '0.0', 3: '1.0', 4: 0.05471799304953229} 
{0: '0.0', 1: '1.0', 2: '0.0', 3: '1.0', 4: 2.356556597718365} 
{0: '0.0', 1: '1.0', 2: '0.0', 3: '1.0', 4: 0.03500000365494186} 
{0: '0.0', 1: '1.0', 2: '0.0', 3: '1.0', 4: 0.5257577167931383} 
{0: '0.0', 1: '1.0', 2: '0.0', 3: '1.0', 4: 0.5617734877477872} 
{0: '0.0', 1: '1.0', 2: '0.0', 3: '1.0', 4: 0.16694387929378515} 
{0: '0.0', 1: '1.0', 2: '0.0', 3: '1.0', 4: 0.6112726943869174} 
{0: '0.0', 1: '1.0', 2: '0.0', 3: '1.0', 4: 0.04923246227080505} 
{0: '0.0', 1: '1.0', 2: '0.0', 3: '1.0', 4: 0.8932766151493757} 
{0: '0.0', 1: '1.0', 2: '0.0', 3: '1.0', 4: 0.0533908213478004} 
{0: '0.0', 1: '1.0', 2: '0.0', 3: '1.0', 4: 0.10338343853451068} 
{0: '0.0', 1: '1.0', 2: '0.0', 3: '1.0', 4: 0.34748256551645795} 
{0: '0.0', 1: '1.0', 2: '0.0', 3: '1.0', 4: 0.255726300318561} 
{0: '0.0', 1: '1.0', 2: '0.0', 3: '1.0', 4: 0.17244565323632063} 
{0: '0.0', 1: '1.0', 2: '0.0', 3: '1.0', 4: 0.35306184701158977} 
{0: '0.0', 1: '1.0', 2: '0.0', 3: '1.0', 4: 0.008523551917487762} 
{0: '0.0', 1: '1.0', 2: '0.0', 3: '1.0', 4: 0.0939329314275614} 
{0: '0.0', 1: '1.0', 2: '0.0', 3: '1.0', 4: 1.8257020636854897} 
{0: '0.0', 1: '1.0', 2: '0.0', 3: '1.0', 4: 0.057215937436335136} 
{0: '0.0', 1: '1.0', 2: '0.0', 3: '1.0', 4: 0.0975964362366988} 
{0: '0.0', 1: '1.0', 2: '0.0', 3: '1.0', 4: 1.339986280508839} 
{0: '0.0', 1: '1.0', 2: '0.0', 3: '1.0', 4: 0.16394571111929124} 
{0: '0.0', 1: '1.0', 2: '0.0', 3: '1.0', 4: 0.23019748758146705} 
{0: '0.0', 1: '1.0', 2: '0.0', 3: '1.0', 4: 1.5214175384309505} 
{0: '0.0', 1: '1.0', 2: '0.0', 3: '1.0', 4: 0.017617996577169184} 
{0: '0.0', 1: '1.0', 2: '0.0', 3: '1.0', 4: 0.23149478243105978} 
{0: '0.0', 1: '1.0', 2: '0.0', 3: '1.0', 4: 0.16287247515736847} 
{0: '0.0', 1: '1.0', 2: '0.0', 3: '1.0', 4: 0.0017973088519406637} 
{0: '0.0', 1: '1.0', 2: '0.0', 3: '1.0', 4: 0.0726837193533123} 
{0: '0.0', 1: '1.0', 2: '0.0', 3: '1.0', 4: 0.4269366429089149} 
{0: '0.0', 1: '1.0', 2: '0.0', 3: '1.0', 4: 0.3995034611045886} 
{0: '0.0', 1: '1.0', 2: '0.0', 3: '1.0', 4: 0.006923776814735834} 
{0: '0.0', 1: '1.0', 2: '0.0', 3: '1.0', 4: 0.1527763081884987} 
{0: '0.0', 1: '1.0', 2: '0.0', 3: '1.0', 4: 1.2761836146564653} 
{0: '0.0', 1: '1.0', 2: '0.0', 3: '1.0', 4: 0.1583991300530275} 
{0: '0.0', 1: '1.0', 2: '0.0', 3: '1.0', 4: 0.4903070946006545} 
{0: '0.0', 1: '1.0', 2: '0.0', 3: '1.0', 4: 0.0008678212922538992} 
{0: '0.0', 1: '1.0', 2: '0.0', 3: '1.0', 4: 0.2810739967386267} 
{0: '0.0', 1: '1.0', 2: '0.0', 3: '1.0', 4: 0.09599259787679475} 
{0: '0.0', 1: '1.0', 2: '0.0', 3: '1.0', 4: 0.3865422182653461} 
{0: '0.0', 1: '1.0', 2: '0.0', 3: '1.0', 4: 0.00600927661518156} 
{0: '0.0', 1: '1.0', 2: '0.0', 3: '1.0', 4: 0.758229813675467} 
{0: '0.0', 1: '1.0', 2: '0.0', 3: '1.0', 4: 1.9329547900701147} 
{0: '0.0', 1: '1.0', 2: '0.0', 3: '1.0', 4: 0.22085521466168456} 
{0: '0.0', 1: '1.0', 2: '0.0', 3: '1.0', 4: 0.3750315126782971} 
{0: '0.0', 1: '1.0', 2: '0.0', 3: '1.0', 4: 0.34623534019258984} 
{0: '0.0', 1: '1.0', 2: '0.0', 3: '1.0', 4: 0.5919731579390739} 
{0: '0.0', 1: '1.0', 2: '0.0', 3: '1.0', 4: 0.00023746737255242174} 
{0: '0.0', 1: '1.0', 2: '0.0', 3: '1.0', 4: 1.0411573960057776} 
{0: '0.0', 1: '1.0', 2: '0.0', 3: '1.0', 4: 0.33774393436777456} 
{0: '0.0', 1: '1.0', 2: '0.0', 3: '1.0', 4: 0.4190317096581244} 
{0: '0.0', 1: '1.0', 2: '0.0', 3: '1.0', 4: 1.6498991758912187} 
{0: '0.0', 1: '1.0', 2: '0.0', 3: '1.0', 4: 2.1228056202115924} 
{0: '0.0', 1: '1.0', 2: '0.0', 3: '1.0', 4: 1.6270086904355348} 
{0: '0.0', 1: '1.0', 2: '0.0', 3: '1.0', 4: 0.15834648141565694} 
{0: '0.0', 1: '1.0', 2: '0.0', 3: '1.0', 4: 0.8937713706360466} 
{0: '0.0', 1: '1.0', 2: '0.0', 3: '1.0', 4: 0.08614288259012476} 
{0: '0.0', 1: '1.0', 2: '0.0', 3: '1.0', 4: 0.07709744420611558} 
{0: '0.0', 1: '1.0', 2: '0.0', 3: '1.0', 4: 0.5749994783402738} 
{0: '0.0', 1: '1.0', 2: '0.0', 3: '1.0', 4: 2.6489167726660987e-05} 
{0: '0.0', 1: '1.0', 2: '0.0', 3: '1.0', 4: 0.5007702742227262} 
{0: '0.0', 1: '1.0', 2: '0.0', 3: '1.0', 4: 0.31946614918192656} 
{0: '0.0', 1: '1.0', 2: '0.0', 3: '1.0', 4: 0.003082955713191752} 
{0: '0.0', 1: '1.0', 2: '0.0', 3: '1.0', 4: 0.09355544412403824} 
{0: '0.0', 1: '1.0', 2: '0.0', 3: '1.0', 4: 1.349447952302888} 
{0: '0.0', 1: '1.0', 2: '0.0', 3: '1.0', 4: 0.24386929729061546} 
{0: '0.0', 1: '1.0', 2: '0.0', 3: '1.0', 4: 0.12961417907389433} 
{0: '0.0', 1: '1.0', 2: '0.0', 3: '1.0', 4: 4.117437792324434} 
{0: '0.0', 1: '1.0', 2: '0.0', 3: '1.0', 4: 0.11002702599677225} 
{0: '0.0', 1: '1.0', 2: '0.0', 3: '1.0', 4: 0.7613808846807354} 
{0: '0.0', 1: '1.0', 2: '0.0', 3: '1.0', 4: 0.19766885404902373} 
{0: '0.0', 1: '1.0', 2: '0.0', 3: '1.0', 4: 0.0003383415724300675} 
{0: '0.0', 1: '1.0', 2: '0.0', 3: '1.0', 4: 0.40158973732747194} 
{0: '0.0', 1: '1.0', 2: '0.0', 3: '1.0', 4: 1.1609180194177968} 
{0: '0.0', 1: '1.0', 2: '0.0', 3: '1.0', 4: 0.008250331208768634} 
{0: '0.0', 1: '1.0', 2: '0.0', 3: '1.0', 4: 0.026857001349583614} 
{0: '0.0', 1: '1.0', 2: '0.0', 3: '1.0', 4: 0.6622033956730271} 
{0: '0.0', 1: '1.0', 2: '0.0', 3: '1.0', 4: 2.1747697551217446} 
{0: '0.0', 1: '1.0', 2: '0.0', 3: '1.0', 4: 1.7547672546433362} 
{0: '0.0', 1: '1.0', 2: '0.0', 3: '1.0', 4: 0.4739295869950549} 
{0: '0.0', 1: '1.0', 2: '0.0', 3: '1.0', 4: 0.02708220637933092} 
{0: '0.0', 1: '1.0', 2: '0.0', 3: '1.0', 4: 3.0422010245283797} 
{0: '0.0', 1: '1.0', 2: '0.0', 3: '1.0', 4: 0.04094593326260044} 
{0: '0.0', 1: '1.0', 2: '0.0', 3: '1.0', 4: 0.4332692643580957} 
{0: '0.0', 1: '1.0', 2: '0.0', 3: '1.0', 4: 0.4636096786799162} 
{0: '0.0', 1: '1.0', 2: '0.0', 3: '1.0', 4: 0.0024256128564197456} 
{0: '0.0', 1: '1.0', 2: '0.0', 3: '1.0', 4: 0.014204133709496152} 
{0: '0.0', 1: '1.0', 2: '0.0', 3: '1.0', 4: 1.4484958288600691} 
{0: '0.0', 1: '1.0', 2: '0.0', 3: '1.0', 4: 0.1187021183075409} 
{0: '0.0', 1: '1.0', 2: '0.0', 3: '1.0', 4: 0.4441591311961972} 
{0: '0.0', 1: '1.0', 2: '0.0', 3: '1.0', 4: 0.9048215068096946} 
{0: '0.0', 1: '1.0', 2: '0.0', 3: '1.0', 4: 0.022239739616181396} 
{0: '0.0', 1: '1.0', 2: '0.0', 3: '1.0', 4: 1.5080600383888103} 
{0: '0.0', 1: '1.0', 2: '0.0', 3: '1.0', 4: 1.2323999283657714} 
{0: '0.0', 1: '1.0', 2: '0.0', 3: '1.0', 4: 0.17685076234183858} 
{0: '0.0', 1: '1.0', 2: '0.0', 3: '1.0', 4: 1.5172764970015393} 
{0: '0.0', 1: '1.0', 2: '0.0', 3: '1.0', 4: 0.5981018021174179} 
{0: '0.0', 1: '1.0', 2: '0.0', 3: '1.0', 4: 0.917512726603801} 
{0: '0.0', 1: '1.0', 2: '0.0', 3: '1.0', 4: 0.385020549468213} 
{0: '0.0', 1: '1.0', 2: '0.0', 3: '1.0', 4: 0.39609895579324855} 
{0: '0.0', 1: '1.0', 2: '0.0', 3: '1.0', 4: 0.3629013242761809} 
{0: '0.0', 1: '1.0', 2: '0.0', 3: '1.0', 4: 0.04855221588498294} 
{0: '0.0', 1: '1.0', 2: '0.0', 3: '1.0', 4: 0.5925377934723719} 
{0: '0.0', 1: '1.0', 2: '0.0', 3: '1.0', 4: 0.40061369897999377} 
{0: '0.0', 1: '1.0', 2: '0.0', 3: '1.0', 4: 0.0912447094922609} 
{0: '0.0', 1: '1.0', 2: '0.0', 3: '1.0', 4: 0.14278091113762706} 
{0: '0.0', 1: '1.0', 2: '0.0', 3: '1.0', 4: 1.1543270129114669} 
{0: '0.0', 1: '1.0', 2: '0.0', 3: '1.0', 4: 0.9770345873362405} 
{0: '0.0', 1: '1.0', 2: '0.0', 3: '1.0', 4: 0.000147932315067514} 
{0: '0.0', 1: '1.0', 2: '0.0', 3: '1.0', 4: 0.20694390098750426} 
{0: '0.0', 1: '1.0', 2: '0.0', 3: '1.0', 4: 2.307193987776596} 
{0: '0.0', 1: '1.0', 2: '0.0', 3: '1.0', 4: 0.005995394165396305} 
{0: '0.0', 1: '1.0', 2: '0.0', 3: '1.0', 4: 0.005510731240135796} 
{0: '0.0', 1: '1.0', 2: '0.0', 3: '1.0', 4: 0.36524735078498577} 
{0: '0.0', 1: '1.0', 2: '0.0', 3: '1.0', 4: 0.00018768147051730552} 
{0: '0.0', 1: '1.0', 2: '0.0', 3: '1.0', 4: 0.00035153027740224583} 
{0: '0.0', 1: '1.0', 2: '0.0', 3: '1.0', 4: 0.26921089891408956} 
{0: '0.0', 1: '1.0', 2: '0.0', 3: '1.0', 4: 0.7900867549134362} 
{0: '0.0', 1: '1.0', 2: '0.0', 3: '1.0', 4: 0.12286655977935629} 
{0: '0.0', 1: '1.0', 2: '0.0', 3: '1.0', 4: 0.15612676131023656} 
{0: '0.0', 1: '1.0', 2: '0.0', 3: '1.0', 4: 0.6870644339231851} 
{0: '0.0', 1: '1.0', 2: '0.0', 3: '1.0', 4: 0.02500559994460178} 
{0: '0.0', 1: '1.0', 2: '0.0', 3: '1.0', 4: 0.09698873509395127} 
{0: '0.0', 1: '1.0', 2: '0.0', 3: '1.0', 4: 0.46498312063833447} 
{0: '0.0', 1: '1.0', 2: '0.0', 3: '1.0', 4: 0.03635411158145613} 
{0: '0.0', 1: '1.0', 2: '0.0', 3: '1.0', 4: 0.014242496077703335} 
{0: '0.0', 1: '1.0', 2: '0.0', 3: '1.0', 4: 1.1837410396201642} 
{0: '0.0', 1: '1.0', 2: '0.0', 3: '1.0', 4: 0.9702839390004601} 
{0: '0.0', 1: '1.0', 2: '0.0', 3: '1.0', 4: 0.04457823681402582} 
{0: '0.0', 1: '1.0', 2: '0.0', 3: '1.0', 4: 2.91774059985182} 
{0: '0.0', 1: '1.0', 2: '0.0', 3: '1.0', 4: 0.1762936277254512} 
{0: '0.0', 1: '1.0', 2: '0.0', 3: '1.0', 4: 0.2948701821330611} 
{0: '0.0', 1: '1.0', 2: '0.0', 3: '1.0', 4: 1.0093832945418304} 
{0: '0.0', 1: '1.0', 2: '0.0', 3: '1.0', 4: 0.43751119693966123} 
{0: '0.0', 1: '1.0', 2: '0.0', 3: '1.0', 4: 0.31710113930321987} 
{0: '0.0', 1: '1.0', 2: '0.0', 3: '1.0', 4: 0.5301886196304301} 
{0: '0.0', 1: '1.0', 2: '0.0', 3: '1.0', 4: 0.13884650749631033} 
{0: '0.0', 1: '1.0', 2: '0.0', 3: '1.0', 4: 0.4405885978162628} 
{0: '0.0', 1: '1.0', 2: '0.0', 3: '1.0', 4: 0.4766157963678981} 
{0: '0.0', 1: '1.0', 2: '0.0', 3: '1.0', 4: 0.04923035212641581} 
{0: '0.0', 1: '1.0', 2: '0.0', 3: '1.0', 4: 0.2579841106560321} 
{0: '0.0', 1: '1.0', 2: '0.0', 3: '1.0', 4: 0.5329903840030955} 
{0: '0.0', 1: '1.0', 2: '0.0', 3: '1.0', 4: 0.7276351968016013} 
{0: '0.0', 1: '1.0', 2: '0.0', 3: '1.0', 4: 0.09197980285759433} 
{0: '0.0', 1: '1.0', 2: '0.0', 3: '1.0', 4: 0.054905290582703256} 
{0: '0.0', 1: '1.0', 2: '0.0', 3: '1.0', 4: 0.8483798266352316} 
{0: '0.0', 1: '1.0', 2: '0.0', 3: '1.0', 4: 0.013618723777725633} 
{0: '0.0', 1: '1.0', 2: '0.0', 3: '1.0', 4: 0.0009735294919756666} 
{0: '0.0', 1: '1.0', 2: '0.0', 3: '1.0', 4: 0.025593066666124945} 
{0: '0.0', 1: '1.0', 2: '0.0', 3: '1.0', 4: 0.007666844865601888} 
{0: '0.0', 1: '1.0', 2: '0.0', 3: '1.0', 4: 0.24081853042554743} 
{0: '0.0', 1: '1.0', 2: '0.0', 3: '1.0', 4: 1.7203147737799414} 
{0: '0.0', 1: '1.0', 2: '0.0', 3: '1.0', 4: 0.010106762513028092} 
{0: '0.0', 1: '1.0', 2: '0.0', 3: '1.0', 4: 0.007169064254988311} 
{0: '0.0', 1: '1.0', 2: '0.0', 3: '1.0', 4: 0.05306077494511706} 
{0: '0.0', 1: '1.0', 2: '0.0', 3: '1.0', 4: 0.29571090240430586} 
{0: '0.0', 1: '1.0', 2: '0.0', 3: '1.0', 4: 0.12596391243848276} 
{0: '0.0', 1: '1.0', 2: '0.0', 3: '1.0', 4: 0.00017221975020991916} 
{0: '0.0', 1: '1.0', 2: '0.0', 3: '1.0', 4: 0.006596203279391775} 
{0: '0.0', 1: '1.0', 2: '0.0', 3: '1.0', 4: 2.178643409927255} 
{0: '0.0', 1: '1.0', 2: '0.0', 3: '1.0', 4: 2.3030654888389246} 
{0: '0.0', 1: '1.0', 2: '0.0', 3: '1.0', 4: 0.4078292579264805} 
{0: '0.0', 1: '1.0', 2: '0.0', 3: '1.0', 4: 0.6586731121314233} 
{0: '0.0', 1: '1.0', 2: '0.0', 3: '1.0', 4: 0.36366724794769417} 
{0: '0.0', 1: '1.0', 2: '0.0', 3: '1.0', 4: 2.040614884178989} 
{0: '0.0', 1: '1.0', 2: '0.0', 3: '1.0', 4: 0.5622268629611268} 
{0: '0.0', 1: '1.0', 2: '0.0', 3: '1.0', 4: 0.9574567716965559} 
{0: '0.0', 1: '1.0', 2: '0.0', 3: '1.0', 4: 1.6357574093081892} 
{0: '0.0', 1: '1.0', 2: '0.0', 3: '1.0', 4: 0.04330383414114819} 
{0: '0.0', 1: '1.0', 2: '0.0', 3: '1.0', 4: 0.31556253606139933} 
{0: '0.0', 1: '1.0', 2: '0.0', 3: '1.0', 4: 0.4182202465916659} 
{0: '0.0', 1: '1.0', 2: '0.0', 3: '1.0', 4: 0.1577268696500809} 
{0: '0.0', 1: '1.0', 2: '0.0', 3: '1.0', 4: 1.103955003972508} 
{0: '0.0', 1: '1.0', 2: '0.0', 3: '1.0', 4: 0.09977491773746888} 
{0: '0.0', 1: '1.0', 2: '0.0', 3: '1.0', 4: 0.035575025533831295} 
{0: '0.0', 1: '1.0', 2: '0.0', 3: '1.0', 4: 0.7167328676972243} 
{0: '0.0', 1: '1.0', 2: '0.0', 3: '1.0', 4: 0.44604750527134107} 
{0: '0.0', 1: '1.0', 2: '0.0', 3: '1.0', 4: 1.130584289451474} 
{0: '0.0', 1: '1.0', 2: '0.0', 3: '1.0', 4: 0.2084039736524521} 
{0: '0.0', 1: '1.0', 2: '0.0', 3: '1.0', 4: 0.1264200943474236} 
{0: '0.0', 1: '1.0', 2: '0.0', 3: '1.0', 4: 0.05295917614160273} 
{0: '0.0', 1: '1.0', 2: '0.0', 3: '1.0', 4: 0.10942564296891007} 
{0: '0.0', 1: '1.0', 2: '0.0', 3: '1.0', 4: 0.8579942891059372} 
{0: '0.0', 1: '1.0', 2: '0.0', 3: '1.0', 4: 0.009554547958363096} 
{0: '0.0', 1: '1.0', 2: '0.0', 3: '1.0', 4: 0.01831664578305627} 
{0: '0.0', 1: '1.0', 2: '0.0', 3: '1.0', 4: 0.23944363488250803} 
{0: '0.0', 1: '1.0', 2: '0.0', 3: '1.0', 4: 1.197008954931406} 
{0: '0.0', 1: '1.0', 2: '0.0', 3: '1.0', 4: 0.4570613403363649} 
{0: '0.0', 1: '1.0', 2: '0.0', 3: '1.0', 4: 0.1287108259703707} 
{0: '0.0', 1: '1.0', 2: '0.0', 3: '1.0', 4: 0.4503791974534441} 
{0: '0.0', 1: '1.0', 2: '0.0', 3: '1.0', 4: 0.03691020412887859} 
{0: '0.0', 1: '1.0', 2: '0.0', 3: '1.0', 4: 0.007229192497729676} 
{0: '0.0', 1: '1.0', 2: '0.0', 3: '1.0', 4: 0.003220141272718104} 
{0: '0.0', 1: '1.0', 2: '0.0', 3: '1.0', 4: 1.6495187216330582} 
{0: '0.0', 1: '1.0', 2: '0.0', 3: '1.0', 4: 0.6954115643258162} 
{0: '0.0', 1: '1.0', 2: '0.0', 3: '1.0', 4: 0.0046221520077140135} 
{0: '0.0', 1: '1.0', 2: '0.0', 3: '1.0', 4: 1.517701586353369} 
{0: '0.0', 1: '1.0', 2: '0.0', 3: '1.0', 4: 0.1085441703612903} 
{0: '0.0', 1: '1.0', 2: '0.0', 3: '1.0', 4: 0.07822263023112536} 
{0: '0.0', 1: '1.0', 2: '0.0', 3: '1.0', 4: 2.6194690700513363} 
{0: '0.0', 1: '1.0', 2: '0.0', 3: '1.0', 4: 0.8015001293636759} 
{0: '0.0', 1: '1.0', 2: '0.0', 3: '1.0', 4: 0.07114182794722519} 
{0: '0.0', 1: '1.0', 2: '0.0', 3: '1.0', 4: 0.0053966808762282124} 
{0: '0.0', 1: '1.0', 2: '0.0', 3: '1.0', 4: 1.9917735415197524} 
{0: '0.0', 1: '1.0', 2: '0.0', 3: '1.0', 4: 0.0466639835768664} 
{0: '0.0', 1: '1.0', 2: '0.0', 3: '1.0', 4: 1.6458626627243462} 
{0: '0.0', 1: '1.0', 2: '0.0', 3: '1.0', 4: 0.8414706949487795} 
{0: '0.0', 1: '1.0', 2: '0.0', 3: '1.0', 4: 0.3872051890702303} 
{0: '0.0', 1: '1.0', 2: '0.0', 3: '1.0', 4: 1.468566546439417} 
{0: '0.0', 1: '1.0', 2: '0.0', 3: '1.0', 4: 0.04279720518344658} 
{0: '0.0', 1: '1.0', 2: '0.0', 3: '1.0', 4: 0.8755642657444597} 
{0: '0.0', 1: '1.0', 2: '0.0', 3: '1.0', 4: 0.2692582595830731} 
{0: '0.0', 1: '1.0', 2: '0.0', 3: '1.0', 4: 0.18209451283626982} 
{0: '0.0', 1: '1.0', 2: '0.0', 3: '1.0', 4: 0.0031000771306657644} 
{0: '0.0', 1: '1.0', 2: '0.0', 3: '1.0', 4: 0.24682279992066206} 
{0: '0.0', 1: '1.0', 2: '0.0', 3: '1.0', 4: 0.01784830271153653} 
{0: '0.0', 1: '1.0', 2: '0.0', 3: '1.0', 4: 1.6162201576012194} 
{0: '0.0', 1: '1.0', 2: '0.0', 3: '1.0', 4: 0.46764786151536647} 
{0: '0.0', 1: '1.0', 2: '0.0', 3: '1.0', 4: 0.00035104876715919323} 
{0: '0.0', 1: '1.0', 2: '0.0', 3: '1.0', 4: 0.08667658753335167} 
{0: '0.0', 1: '1.0', 2: '0.0', 3: '1.0', 4: 0.40416091716441027} 
{0: '0.0', 1: '1.0', 2: '0.0', 3: '1.0', 4: 0.15689785634138534} 
{0: '0.0', 1: '1.0', 2: '0.0', 3: '1.0', 4: 0.0016669366213913175} 
{0: '0.0', 1: '1.0', 2: '0.0', 3: '1.0', 4: 0.004250792122433655} 
{0: '0.0', 1: '1.0', 2: '0.0', 3: '1.0', 4: 5.050072592822965} 
{0: '0.0', 1: '1.0', 2: '0.0', 3: '1.0', 4: 0.5545991948262293} 
{0: '0.0', 1: '1.0', 2: '0.0', 3: '1.0', 4: 0.027181420237653416} 
{0: '0.0', 1: '1.0', 2: '0.0', 3: '1.0', 4: 0.0691404798284101} 
{0: '0.0', 1: '1.0', 2: '0.0', 3: '1.0', 4: 0.0005089506912494374} 
{0: '0.0', 1: '1.0', 2: '0.0', 3: '1.0', 4: 0.8882006802343038} 
{0: '0.0', 1: '1.0', 2: '0.0', 3: '1.0', 4: 4.055691517285548} 
{0: '0.0', 1: '1.0', 2: '0.0', 3: '1.0', 4: 3.2988775855682375} 
{0: '0.0', 1: '1.0', 2: '0.0', 3: '1.0', 4: 0.3852823056523055} 
{0: '0.0', 1: '1.0', 2: '0.0', 3: '1.0', 4: 0.38556386987532193} 
{0: '0.0', 1: '1.0', 2: '0.0', 3: '1.0', 4: 0.4922375214258739} 
{0: '0.0', 1: '1.0', 2: '0.0', 3: '1.0', 4: 0.021210240889714866} 
{0: '0.0', 1: '1.0', 2: '0.0', 3: '1.0', 4: 1.0045243811853521} 
{0: '0.0', 1: '1.0', 2: '0.0', 3: '1.0', 4: 1.176532912050126} 
{0: '0.0', 1: '1.0', 2: '0.0', 3: '1.0', 4: 0.01970407598621271} 
{0: '0.0', 1: '1.0', 2: '0.0', 3: '1.0', 4: 0.30599104868407445} 
{0: '0.0', 1: '1.0', 2: '0.0', 3: '1.0', 4: 0.2700783723889327} 
{0: '0.0', 1: '1.0', 2: '0.0', 3: '1.0', 4: 0.8808436036825753} 
{0: '0.0', 1: '1.0', 2: '0.0', 3: '1.0', 4: 0.09111569796085288} 
{0: '0.0', 1: '1.0', 2: '0.0', 3: '1.0', 4: 0.5739740921117333} 
{0: '0.0', 1: '1.0', 2: '0.0', 3: '1.0', 4: 0.2359312840291656} 
{0: '0.0', 1: '1.0', 2: '0.0', 3: '1.0', 4: 0.19921210515694496} 
{0: '0.0', 1: '1.0', 2: '0.0', 3: '1.0', 4: 0.049340143911798834} 
{0: '0.0', 1: '1.0', 2: '0.0', 3: '1.0', 4: 0.12902890143903925} 
{0: '0.0', 1: '1.0', 2: '0.0', 3: '1.0', 4: 2.292931176203367} 
{0: '0.0', 1: '1.0', 2: '0.0', 3: '1.0', 4: 0.7798541243746873} 
{0: '0.0', 1: '1.0', 2: '0.0', 3: '1.0', 4: 0.0005070290011111824} 
{0: '0.0', 1: '1.0', 2: '0.0', 3: '1.0', 4: 0.7903215348532623} 
{0: '0.0', 1: '1.0', 2: '0.0', 3: '1.0', 4: 3.409790275777568} 
{0: '0.0', 1: '1.0', 2: '0.0', 3: '1.0', 4: 0.4782464207902135} 
{0: '0.0', 1: '1.0', 2: '0.0', 3: '1.0', 4: 0.00047731444539918824} 
{0: '0.0', 1: '1.0', 2: '0.0', 3: '1.0', 4: 0.690712136450246} 
{0: '0.0', 1: '1.0', 2: '0.0', 3: '1.0', 4: 0.16329422758902257} 
{0: '0.0', 1: '1.0', 2: '0.0', 3: '1.0', 4: 0.11221345572753853} 
{0: '0.0', 1: '1.0', 2: '0.0', 3: '1.0', 4: 0.11662814192728979} 
{0: '0.0', 1: '1.0', 2: '0.0', 3: '1.0', 4: 0.012672241400695682} 
{0: '0.0', 1: '1.0', 2: '0.0', 3: '1.0', 4: 1.116114954620991} 
{0: '0.0', 1: '1.0', 2: '0.0', 3: '1.0', 4: 0.6229872463023773} 
{0: '0.0', 1: '1.0', 2: '0.0', 3: '1.0', 4: 0.9365332816794797} 
{0: '0.0', 1: '1.0', 2: '0.0', 3: '1.0', 4: 1.02441501947786} 
{0: '0.0', 1: '1.0', 2: '0.0', 3: '1.0', 4: 0.839126988019826} 
{0: '0.0', 1: '1.0', 2: '0.0', 3: '1.0', 4: 0.0020275099266488634} 
{0: '0.0', 1: '1.0', 2: '0.0', 3: '1.0', 4: 0.022287461019415644} 
{0: '0.0', 1: '1.0', 2: '0.0', 3: '1.0', 4: 0.5775604566995997} 
{0: '0.0', 1: '1.0', 2: '0.0', 3: '1.0', 4: 0.16367247312881553} 
{0: '0.0', 1: '1.0', 2: '0.0', 3: '1.0', 4: 0.01705550447657986} 
{0: '0.0', 1: '1.0', 2: '0.0', 3: '1.0', 4: 0.18965209152694779} 
{0: '0.0', 1: '1.0', 2: '0.0', 3: '1.0', 4: 0.013481751365139998} 
{0: '0.0', 1: '1.0', 2: '0.0', 3: '1.0', 4: 0.11822065478601508} 
{0: '0.0', 1: '1.0', 2: '0.0', 3: '1.0', 4: 0.024949949114859177} 
{0: '0.0', 1: '1.0', 2: '0.0', 3: '1.0', 4: 0.23372382925004} 
{0: '0.0', 1: '1.0', 2: '0.0', 3: '1.0', 4: 0.8843934042490773} 
{0: '0.0', 1: '1.0', 2: '0.0', 3: '1.0', 4: 0.1137528730297419} 
{0: '0.0', 1: '1.0', 2: '0.0', 3: '1.0', 4: 0.09470838580194992} 
{0: '0.0', 1: '1.0', 2: '0.0', 3: '1.0', 4: 0.4124951406708037} 
{0: '0.0', 1: '1.0', 2: '0.0', 3: '1.0', 4: 0.2194722237882164} 
{0: '0.0', 1: '1.0', 2: '0.0', 3: '1.0', 4: 0.5950910965803843} 
{0: '0.0', 1: '1.0', 2: '0.0', 3: '1.0', 4: 0.03531900342141858} 
{0: '0.0', 1: '1.0', 2: '0.0', 3: '1.0', 4: 0.0014180176317534013} 
{0: '0.0', 1: '1.0', 2: '0.0', 3: '1.0', 4: 0.4475547364460348} 
{0: '0.0', 1: '1.0', 2: '0.0', 3: '1.0', 4: 0.0038053146990247953} 
{0: '0.0', 1: '1.0', 2: '0.0', 3: '1.0', 4: 0.8292589972652187} 
{0: '0.0', 1: '1.0', 2: '0.0', 3: '1.0', 4: 0.0013634011034770652} 
{0: '0.0', 1: '1.0', 2: '0.0', 3: '1.0', 4: 0.02598142997694868} 
{0: '0.0', 1: '1.0', 2: '0.0', 3: '1.0', 4: 0.5691111812343363} 
{0: '0.0', 1: '1.0', 2: '0.0', 3: '1.0', 4: 0.03177245147548734} 
{0: '0.0', 1: '1.0', 2: '0.0', 3: '1.0', 4: 1.211211557904485} 
{0: '0.0', 1: '1.0', 2: '0.0', 3: '1.0', 4: 0.5862703858104309} 
{0: '0.0', 1: '1.0', 2: '0.0', 3: '1.0', 4: 0.015242453277470076} 
{0: '0.0', 1: '1.0', 2: '0.0', 3: '1.0', 4: 0.5467642421271638} 
{0: '0.0', 1: '1.0', 2: '0.0', 3: '1.0', 4: 0.6576302628350058} 
{0: '0.0', 1: '1.0', 2: '0.0', 3: '1.0', 4: 0.021745488053016314} 
{0: '0.0', 1: '1.0', 2: '0.0', 3: '1.0', 4: 0.3943585139344803} 
{0: '0.0', 1: '1.0', 2: '0.0', 3: '1.0', 4: 0.006724133426677425} 
{0: '0.0', 1: '1.0', 2: '0.0', 3: '1.0', 4: 0.8291913215450827} 
{0: '0.0', 1: '1.0', 2: '0.0', 3: '1.0', 4: 0.7769342993470703} 
{0: '0.0', 1: '1.0', 2: '0.0', 3: '1.0', 4: 0.3354662411834073} 
{0: '0.0', 1: '1.0', 2: '0.0', 3: '1.0', 4: 0.537670952183089} 
{0: '0.0', 1: '1.0', 2: '0.0', 3: '1.0', 4: 8.982195294601834e-05} 
{0: '0.0', 1: '1.0', 2: '0.0', 3: '1.0', 4: 0.07292509791516348} 
{0: '0.0', 1: '1.0', 2: '0.0', 3: '1.0', 4: 2.0165719948368} 
{0: '0.0', 1: '1.0', 2: '0.0', 3: '1.0', 4: 0.4588670765728705} 
{0: '0.0', 1: '1.0', 2: '0.0', 3: '1.0', 4: 0.0007438777980250276} 
{0: '0.0', 1: '1.0', 2: '0.0', 3: '1.0', 4: 0.06185915629062808} 
{0: '0.0', 1: '1.0', 2: '0.0', 3: '1.0', 4: 1.0014925045705703} 
{0: '0.0', 1: '1.0', 2: '0.0', 3: '1.0', 4: 0.1705764771421059} 
{0: '0.0', 1: '1.0', 2: '0.0', 3: '1.0', 4: 0.23788210723863495} 
{0: '0.0', 1: '1.0', 2: '0.0', 3: '1.0', 4: 0.553025542179847} 
{0: '0.0', 1: '1.0', 2: '0.0', 3: '1.0', 4: 0.07361999481013982} 
{0: '0.0', 1: '1.0', 2: '0.0', 3: '1.0', 4: 0.17118017714678965} 
{0: '0.0', 1: '1.0', 2: '0.0', 3: '1.0', 4: 0.938584256008076} 
{0: '0.0', 1: '1.0', 2: '0.0', 3: '1.0', 4: 0.14403856491556152} 
{0: '0.0', 1: '1.0', 2: '0.0', 3: '1.0', 4: 0.011078491723033889} 
{0: '0.0', 1: '1.0', 2: '0.0', 3: '1.0', 4: 0.40941355429931686} 
{0: '0.0', 1: '1.0', 2: '0.0', 3: '1.0', 4: 0.10517262285336217} 
{0: '0.0', 1: '1.0', 2: '0.0', 3: '1.0', 4: 0.5415829121501717} 
{0: '0.0', 1: '1.0', 2: '0.0', 3: '1.0', 4: 2.7816862568247087} 
{0: '0.0', 1: '1.0', 2: '0.0', 3: '1.0', 4: 2.0179937575761606} 
{0: '0.0', 1: '1.0', 2: '0.0', 3: '1.0', 4: 0.21631264626942015} 
{0: '0.0', 1: '1.0', 2: '0.0', 3: '1.0', 4: 1.958529806538825} 
{0: '0.0', 1: '1.0', 2: '0.0', 3: '1.0', 4: 0.11615927408066} 
{0: '0.0', 1: '1.0', 2: '0.0', 3: '1.0', 4: 1.68352902786234} 
{0: '0.0', 1: '1.0', 2: '0.0', 3: '1.0', 4: 0.40366619665021697} 
{0: '0.0', 1: '1.0', 2: '0.0', 3: '1.0', 4: 0.11530281523054736} 
{0: '0.0', 1: '1.0', 2: '0.0', 3: '1.0', 4: 0.17861753434934652} 
{0: '0.0', 1: '1.0', 2: '0.0', 3: '1.0', 4: 0.014748180748524617} 
{0: '0.0', 1: '1.0', 2: '0.0', 3: '1.0', 4: 0.0019491884613889834} 
{0: '0.0', 1: '1.0', 2: '0.0', 3: '1.0', 4: 0.1602853779906342} 
{0: '0.0', 1: '1.0', 2: '0.0', 3: '1.0', 4: 1.4673990723469428} 
{0: '0.0', 1: '1.0', 2: '0.0', 3: '1.0', 4: 0.04171798697777769} 
{0: '0.0', 1: '1.0', 2: '0.0', 3: '1.0', 4: 0.0017457373567585479} 
{0: '0.0', 1: '1.0', 2: '0.0', 3: '1.0', 4: 0.4175057850756092} 
{0: '0.0', 1: '1.0', 2: '0.0', 3: '1.0', 4: 0.04927208021119496} 
{0: '0.0', 1: '1.0', 2: '0.0', 3: '1.0', 4: 0.10133724117101511} 
{0: '0.0', 1: '1.0', 2: '0.0', 3: '1.0', 4: 0.8806474013511962} 
{0: '0.0', 1: '1.0', 2: '0.0', 3: '1.0', 4: 0.19068133462140438} 
{0: '0.0', 1: '1.0', 2: '0.0', 3: '1.0', 4: 2.0368624111120677} 
{0: '0.0', 1: '1.0', 2: '0.0', 3: '1.0', 4: 0.14834023993770373} 
{0: '0.0', 1: '1.0', 2: '0.0', 3: '1.0', 4: 0.1856863476043031} 
{0: '0.0', 1: '1.0', 2: '0.0', 3: '1.0', 4: 1.2104960373477442} 
{0: '0.0', 1: '1.0', 2: '0.0', 3: '1.0', 4: 0.10392361957974398} 
{0: '0.0', 1: '1.0', 2: '0.0', 3: '1.0', 4: 0.20444638915485733} 
{0: '0.0', 1: '1.0', 2: '0.0', 3: '1.0', 4: 0.04841584258681151} 
{0: '0.0', 1: '1.0', 2: '0.0', 3: '1.0', 4: 0.32828920515833104} 
{0: '0.0', 1: '1.0', 2: '0.0', 3: '1.0', 4: 0.1257784362006643} 
{0: '0.0', 1: '1.0', 2: '0.0', 3: '1.0', 4: 0.09297620052130447} 
{0: '0.0', 1: '1.0', 2: '0.0', 3: '1.0', 4: 0.6170765614400358} 
{0: '0.0', 1: '1.0', 2: '0.0', 3: '1.0', 4: 0.04064030916585657} 
{0: '0.0', 1: '1.0', 2: '0.0', 3: '1.0', 4: 1.3809088197999622} 
{0: '0.0', 1: '1.0', 2: '0.0', 3: '1.0', 4: 0.1316248294437358} 
{0: '0.0', 1: '1.0', 2: '0.0', 3: '1.0', 4: 0.004849559700600279} 
{0: '0.0', 1: '1.0', 2: '0.0', 3: '1.0', 4: 0.4330655274992559} 
{0: '0.0', 1: '1.0', 2: '0.0', 3: '1.0', 4: 1.6299355720282385} 
{0: '0.0', 1: '1.0', 2: '0.0', 3: '1.0', 4: 1.068064424681356} 
{0: '0.0', 1: '1.0', 2: '0.0', 3: '1.0', 4: 0.5484410542699034} 
{0: '0.0', 1: '1.0', 2: '0.0', 3: '1.0', 4: 0.07551221590103384} 
{0: '0.0', 1: '1.0', 2: '0.0', 3: '1.0', 4: 0.014898662417768162} 
{0: '0.0', 1: '1.0', 2: '0.0', 3: '1.0', 4: 1.2538106394309039} 
{0: '0.0', 1: '1.0', 2: '0.0', 3: '1.0', 4: 3.0166236759576505e-05} 
{0: '0.0', 1: '1.0', 2: '0.0', 3: '1.0', 4: 0.05321969712935769} 
{0: '0.0', 1: '1.0', 2: '0.0', 3: '1.0', 4: 1.7214903364769218} 
{0: '0.0', 1: '1.0', 2: '0.0', 3: '1.0', 4: 0.0571416056634905} 
{0: '0.0', 1: '1.0', 2: '0.0', 3: '1.0', 4: 0.11106392698518802} 
{0: '0.0', 1: '1.0', 2: '0.0', 3: '1.0', 4: 0.001584512410302014} 
{0: '0.0', 1: '1.0', 2: '0.0', 3: '1.0', 4: 0.038185803338828886} 
{0: '0.0', 1: '1.0', 2: '0.0', 3: '1.0', 4: 1.3413939286143612} 
{0: '0.0', 1: '1.0', 2: '0.0', 3: '1.0', 4: 0.19624908401547286} 
{0: '0.0', 1: '1.0', 2: '0.0', 3: '1.0', 4: 1.8922816439113759} 
{0: '0.0', 1: '1.0', 2: '0.0', 3: '1.0', 4: 0.025231692557063368} 
{0: '0.0', 1: '1.0', 2: '0.0', 3: '1.0', 4: 1.5388536720501467} 
{0: '0.0', 1: '1.0', 2: '0.0', 3: '1.0', 4: 0.3333389752615778} 
{0: '0.0', 1: '1.0', 2: '0.0', 3: '1.0', 4: 0.4364544813145533} 
{0: '0.0', 1: '1.0', 2: '0.0', 3: '1.0', 4: 0.27723999805268273} 
{0: '0.0', 1: '1.0', 2: '0.0', 3: '1.0', 4: 0.640322036712883} 
{0: '0.0', 1: '1.0', 2: '0.0', 3: '1.0', 4: 0.28383280519793114} 
{0: '0.0', 1: '1.0', 2: '0.0', 3: '1.0', 4: 0.5627870131440452} 
{0: '0.0', 1: '1.0', 2: '0.0', 3: '1.0', 4: 0.30155571569060563} 
{0: '0.0', 1: '1.0', 2: '0.0', 3: '1.0', 4: 0.006383861430464078} 
{0: '0.0', 1: '1.0', 2: '0.0', 3: '1.0', 4: 0.10194744046211168} 
{0: '0.0', 1: '1.0', 2: '0.0', 3: '1.0', 4: 0.026283754135015547} 
{0: '0.0', 1: '1.0', 2: '0.0', 3: '1.0', 4: 0.010447064743816804} 
{0: '0.0', 1: '1.0', 2: '0.0', 3: '1.0', 4: 0.10703902091837743} 
{0: '0.0', 1: '1.0', 2: '0.0', 3: '1.0', 4: 0.15693411343131752} 
{0: '0.0', 1: '1.0', 2: '0.0', 3: '1.0', 4: 0.30033039997418454} 
{0: '0.0', 1: '1.0', 2: '0.0', 3: '1.0', 4: 0.7455733227403525} 
{0: '0.0', 1: '1.0', 2: '0.0', 3: '1.0', 4: 4.314619427411267} 
{0: '0.0', 1: '1.0', 2: '0.0', 3: '1.0', 4: 1.0895498168003344} 
{0: '0.0', 1: '1.0', 2: '0.0', 3: '1.0', 4: 0.5840636900705872} 
{0: '0.0', 1: '1.0', 2: '0.0', 3: '1.0', 4: 0.0038777004870166666} 
{0: '0.0', 1: '1.0', 2: '0.0', 3: '1.0', 4: 0.04078944812234512} 
{0: '0.0', 1: '1.0', 2: '0.0', 3: '1.0', 4: 1.3289602619169418} 
{0: '0.0', 1: '1.0', 2: '0.0', 3: '1.0', 4: 0.17315961531638344} 
{0: '0.0', 1: '1.0', 2: '0.0', 3: '1.0', 4: 1.8606085038826021} 
{0: '0.0', 1: '1.0', 2: '0.0', 3: '1.0', 4: 0.21415085286649324} 
{0: '0.0', 1: '1.0', 2: '0.0', 3: '1.0', 4: 0.12272507394376425} 
{0: '0.0', 1: '1.0', 2: '0.0', 3: '1.0', 4: 1.1890615082656941} 
{0: '0.0', 1: '1.0', 2: '0.0', 3: '1.0', 4: 0.034908768152233705} 
{0: '0.0', 1: '1.0', 2: '0.0', 3: '1.0', 4: 2.6621170169864574} 
{0: '0.0', 1: '1.0', 2: '0.0', 3: '1.0', 4: 0.022376898178853286} 
{0: '0.0', 1: '1.0', 2: '0.0', 3: '1.0', 4: 1.5740394891461291} 
{0: '0.0', 1: '1.0', 2: '0.0', 3: '1.0', 4: 0.31721013155217487} 
{0: '0.0', 1: '1.0', 2: '0.0', 3: '1.0', 4: 0.31719279143768686} 
{0: '0.0', 1: '1.0', 2: '0.0', 3: '1.0', 4: 0.065361191794323} 
{0: '0.0', 1: '1.0', 2: '0.0', 3: '1.0', 4: 0.1577134804046183} 
{0: '0.0', 1: '1.0', 2: '0.0', 3: '1.0', 4: 0.21981167707377225} 
{0: '0.0', 1: '1.0', 2: '0.0', 3: '1.0', 4: 0.3315930126086993} 
{0: '0.0', 1: '1.0', 2: '0.0', 3: '1.0', 4: 1.3370839474477936} 
{0: '0.0', 1: '1.0', 2: '0.0', 3: '1.0', 4: 0.005314404553610264} 
{0: '0.0', 1: '1.0', 2: '0.0', 3: '1.0', 4: 0.09612934381541854} 
{0: '0.0', 1: '1.0', 2: '0.0', 3: '1.0', 4: 0.007904845612640482} 
{0: '0.0', 1: '1.0', 2: '0.0', 3: '1.0', 4: 0.038090404258545964} 
{0: '0.0', 1: '1.0', 2: '0.0', 3: '1.0', 4: 3.201575011346026} 
{0: '0.0', 1: '1.0', 2: '0.0', 3: '1.0', 4: 0.005567121811037298} 
{0: '0.0', 1: '1.0', 2: '0.0', 3: '1.0', 4: 0.30991981929447177} 
{0: '0.0', 1: '1.0', 2: '0.0', 3: '1.0', 4: 0.6474036658432584} 
{0: '0.0', 1: '1.0', 2: '0.0', 3: '1.0', 4: 0.009345197551687565} 
{0: '0.0', 1: '1.0', 2: '0.0', 3: '1.0', 4: 1.2798751881629449} 
{0: '0.0', 1: '1.0', 2: '0.0', 3: '1.0', 4: 0.6625120553459786} 
{0: '0.0', 1: '1.0', 2: '0.0', 3: '1.0', 4: 0.49419601027083093} 
{0: '0.0', 1: '1.0', 2: '0.0', 3: '1.0', 4: 0.5077683322685783} 
{0: '0.0', 1: '1.0', 2: '0.0', 3: '1.0', 4: 0.18930484662269773} 
{0: '0.0', 1: '1.0', 2: '0.0', 3: '1.0', 4: 0.07873028332424238} 
{0: '0.0', 1: '1.0', 2: '0.0', 3: '1.0', 4: 0.6332417833105096} 
{0: '0.0', 1: '1.0', 2: '0.0', 3: '1.0', 4: 0.5909467105573106} 
{0: '0.0', 1: '1.0', 2: '0.0', 3: '1.0', 4: 0.14131226909125696} 
{0: '0.0', 1: '1.0', 2: '0.0', 3: '1.0', 4: 0.23853492921213035} 
{0: '0.0', 1: '1.0', 2: '0.0', 3: '1.0', 4: 0.1865220919974587} 
{0: '0.0', 1: '1.0', 2: '0.0', 3: '1.0', 4: 0.05804338650771895} 
{0: '0.0', 1: '1.0', 2: '0.0', 3: '1.0', 4: 0.10963899645291018} 
{0: '0.0', 1: '1.0', 2: '0.0', 3: '1.0', 4: 0.19783332917723698} 
{0: '0.0', 1: '1.0', 2: '0.0', 3: '1.0', 4: 0.20721115459083103} 
{0: '0.0', 1: '1.0', 2: '0.0', 3: '1.0', 4: 0.046646709034461935} 
{0: '0.0', 1: '1.0', 2: '0.0', 3: '1.0', 4: 0.10043797022729385} 
{0: '0.0', 1: '1.0', 2: '0.0', 3: '1.0', 4: 0.27415034730609544} 
{0: '0.0', 1: '1.0', 2: '0.0', 3: '1.0', 4: 0.0958217708876352} 
{0: '0.0', 1: '1.0', 2: '0.0', 3: '1.0', 4: 2.182619117859574} 
{0: '0.0', 1: '1.0', 2: '0.0', 3: '1.0', 4: 0.08707991285845951} 
{0: '0.0', 1: '1.0', 2: '0.0', 3: '1.0', 4: 0.4158098030337213} 
{0: '0.0', 1: '1.0', 2: '0.0', 3: '1.0', 4: 0.3272546018374824} 
{0: '0.0', 1: '1.0', 2: '0.0', 3: '1.0', 4: 0.16774688303136803} 
{0: '0.0', 1: '1.0', 2: '0.0', 3: '1.0', 4: 0.15872316500103095} 
{0: '0.0', 1: '1.0', 2: '0.0', 3: '1.0', 4: 0.7416106140476165} 
{0: '0.0', 1: '1.0', 2: '0.0', 3: '1.0', 4: 0.5315036143297482} 
{0: '0.0', 1: '1.0', 2: '0.0', 3: '1.0', 4: 0.7506436334416444} 
{0: '0.0', 1: '1.0', 2: '0.0', 3: '1.0', 4: 1.0843864740154612} 
{0: '0.0', 1: '1.0', 2: '0.0', 3: '1.0', 4: 4.573774367656873e-05} 
{0: '0.0', 1: '1.0', 2: '0.0', 3: '1.0', 4: 0.13122769802117212} 
{0: '0.0', 1: '1.0', 2: '0.0', 3: '1.0', 4: 1.0967094343710624} 
{0: '0.0', 1: '1.0', 2: '0.0', 3: '1.0', 4: 0.07070938014309111} 
{0: '0.0', 1: '1.0', 2: '0.0', 3: '1.0', 4: 0.02610448115097333} 
{0: '0.0', 1: '1.0', 2: '0.0', 3: '1.0', 4: 0.11027395431301461} 
{0: '0.0', 1: '1.0', 2: '0.0', 3: '1.0', 4: 0.4036337853625347} 
{0: '0.0', 1: '1.0', 2: '0.0', 3: '1.0', 4: 0.17025664723677056} 
{0: '0.0', 1: '1.0', 2: '0.0', 3: '1.0', 4: 1.4273118892211514} 
{0: '0.0', 1: '1.0', 2: '0.0', 3: '1.0', 4: 0.028296213139908377} 
{0: '0.0', 1: '1.0', 2: '0.0', 3: '1.0', 4: 1.7632136966844525} 
{0: '0.0', 1: '1.0', 2: '0.0', 3: '1.0', 4: 0.37002484667944197} 
{0: '0.0', 1: '1.0', 2: '0.0', 3: '1.0', 4: 0.016340791701188115} 
{0: '0.0', 1: '1.0', 2: '0.0', 3: '1.0', 4: 0.07797520961050028} 
{0: '0.0', 1: '1.0', 2: '0.0', 3: '1.0', 4: 0.7526062399200625} 
{0: '0.0', 1: '1.0', 2: '0.0', 3: '1.0', 4: 0.0034193762983001762} 
{0: '0.0', 1: '1.0', 2: '0.0', 3: '1.0', 4: 0.22561558963820236} 
{0: '0.0', 1: '1.0', 2: '0.0', 3: '1.0', 4: 0.0693580676413314} 
{0: '0.0', 1: '1.0', 2: '0.0', 3: '1.0', 4: 0.058439194135103505} 
{0: '0.0', 1: '1.0', 2: '0.0', 3: '1.0', 4: 0.5677547627917058} 
{0: '0.0', 1: '1.0', 2: '0.0', 3: '1.0', 4: 0.234518286792831} 
{0: '0.0', 1: '1.0', 2: '0.0', 3: '1.0', 4: 0.04628211542642226} 
{0: '0.0', 1: '1.0', 2: '0.0', 3: '1.0', 4: 2.142040149058854} 
{0: '0.0', 1: '1.0', 2: '0.0', 3: '1.0', 4: 0.7131194740292262} 
{0: '0.0', 1: '1.0', 2: '0.0', 3: '1.0', 4: 2.2145039855195745} 
{0: '0.0', 1: '1.0', 2: '0.0', 3: '1.0', 4: 0.932951169304401} 
{0: '0.0', 1: '1.0', 2: '0.0', 3: '1.0', 4: 0.2038370100864976} 
{0: '0.0', 1: '1.0', 2: '0.0', 3: '1.0', 4: 0.08901571489859797} 
{0: '0.0', 1: '1.0', 2: '0.0', 3: '1.0', 4: 0.06749957168583026} 
{0: '0.0', 1: '1.0', 2: '0.0', 3: '1.0', 4: 0.2119932373833488} 
{0: '0.0', 1: '1.0', 2: '0.0', 3: '1.0', 4: 2.65394325937478} 
{0: '0.0', 1: '1.0', 2: '0.0', 3: '1.0', 4: 2.552373059403134} 
{0: '0.0', 1: '1.0', 2: '0.0', 3: '1.0', 4: 0.26016450954915854} 
{0: '0.0', 1: '1.0', 2: '0.0', 3: '1.0', 4: 0.2541394804527318} 
{0: '0.0', 1: '1.0', 2: '0.0', 3: '1.0', 4: 2.4378672699405297} 
{0: '0.0', 1: '1.0', 2: '0.0', 3: '1.0', 4: 0.42599295886231997} 
{0: '0.0', 1: '1.0', 2: '0.0', 3: '1.0', 4: 0.2825986431028211} 
{0: '0.0', 1: '1.0', 2: '0.0', 3: '1.0', 4: 0.16033762979185837} 
{0: '0.0', 1: '1.0', 2: '0.0', 3: '1.0', 4: 0.14036934304553486} 
{0: '0.0', 1: '1.0', 2: '0.0', 3: '1.0', 4: 0.037557846356123886} 
{0: '0.0', 1: '1.0', 2: '0.0', 3: '1.0', 4: 0.03355293086468906} 
{0: '0.0', 1: '1.0', 2: '0.0', 3: '1.0', 4: 0.5220618973357153} 
{0: '0.0', 1: '1.0', 2: '0.0', 3: '1.0', 4: 0.0020354913431312955} 
{0: '0.0', 1: '1.0', 2: '0.0', 3: '1.0', 4: 0.43278521503627965} 
{0: '0.0', 1: '1.0', 2: '0.0', 3: '1.0', 4: 0.06682819200917235} 
{0: '0.0', 1: '1.0', 2: '0.0', 3: '1.0', 4: 0.05548636669332584} 
{0: '0.0', 1: '1.0', 2: '0.0', 3: '1.0', 4: 0.4091436377178685} 
{0: '0.0', 1: '1.0', 2: '0.0', 3: '1.0', 4: 2.2908957744232743} 
{0: '0.0', 1: '1.0', 2: '0.0', 3: '1.0', 4: 0.017048204328934682} 
{0: '0.0', 1: '1.0', 2: '0.0', 3: '1.0', 4: 0.13712279827569712} 
{0: '0.0', 1: '1.0', 2: '0.0', 3: '1.0', 4: 0.0024524478973739446} 
{0: '0.0', 1: '1.0', 2: '0.0', 3: '1.0', 4: 1.6463457222184643} 
{0: '0.0', 1: '1.0', 2: '0.0', 3: '1.0', 4: 0.8545595049363954} 
{0: '0.0', 1: '1.0', 2: '0.0', 3: '1.0', 4: 0.6156151674389784} 
{0: '0.0', 1: '1.0', 2: '0.0', 3: '1.0', 4: 0.0002436105598910973} 
{0: '0.0', 1: '1.0', 2: '0.0', 3: '1.0', 4: 0.194133810467039} 
{0: '0.0', 1: '1.0', 2: '0.0', 3: '1.0', 4: 0.7819839009213105} 
{0: '0.0', 1: '1.0', 2: '0.0', 3: '1.0', 4: 0.032441906260430524} 
{0: '0.0', 1: '1.0', 2: '0.0', 3: '1.0', 4: 0.6924867810127558} 
{0: '0.0', 1: '1.0', 2: '0.0', 3: '1.0', 4: 0.003963808607766626} 
{0: '0.0', 1: '1.0', 2: '0.0', 3: '1.0', 4: 0.8897263996086655} 
{0: '0.0', 1: '1.0', 2: '0.0', 3: '1.0', 4: 0.8970779658671705} 
{0: '0.0', 1: '1.0', 2: '0.0', 3: '1.0', 4: 0.30485385938415577} 
{0: '0.0', 1: '1.0', 2: '0.0', 3: '1.0', 4: 0.49321900380353517} 
{0: '0.0', 1: '1.0', 2: '0.0', 3: '1.0', 4: 0.03248800177208571} 
{0: '0.0', 1: '1.0', 2: '0.0', 3: '1.0', 4: 0.051128501422691174} 
{0: '0.0', 1: '1.0', 2: '0.0', 3: '1.0', 4: 0.0011430439944408214} 
{0: '0.0', 1: '1.0', 2: '0.0', 3: '1.0', 4: 0.01116661989736619} 
{0: '0.0', 1: '1.0', 2: '0.0', 3: '1.0', 4: 0.28064503236058996} 
{0: '0.0', 1: '1.0', 2: '0.0', 3: '1.0', 4: 0.775576021895133} 
{0: '0.0', 1: '1.0', 2: '0.0', 3: '1.0', 4: 0.054165477459126365} 
{0: '0.0', 1: '1.0', 2: '0.0', 3: '1.0', 4: 0.3486615277289309} 
{0: '0.0', 1: '1.0', 2: '0.0', 3: '1.0', 4: 0.47694748722762453} 
{0: '0.0', 1: '1.0', 2: '0.0', 3: '1.0', 4: 1.3157719879796386} 
{0: '0.0', 1: '1.0', 2: '0.0', 3: '1.0', 4: 0.4534061186276578} 
{0: '0.0', 1: '1.0', 2: '0.0', 3: '1.0', 4: 0.3570312332413775} 
{0: '0.0', 1: '1.0', 2: '0.0', 3: '1.0', 4: 0.4599442604718873} 
{0: '0.0', 1: '1.0', 2: '0.0', 3: '1.0', 4: 1.074034168065107} 
{0: '0.0', 1: '1.0', 2: '0.0', 3: '1.0', 4: 1.986829401819166} 
{0: '0.0', 1: '1.0', 2: '0.0', 3: '1.0', 4: 0.4355426562311416} 
{0: '0.0', 1: '1.0', 2: '0.0', 3: '1.0', 4: 1.7033373866925905} 
{0: '0.0', 1: '1.0', 2: '0.0', 3: '1.0', 4: 0.6186226888660856} 
{0: '0.0', 1: '1.0', 2: '0.0', 3: '1.0', 4: 0.028559249916431127} 
{0: '0.0', 1: '1.0', 2: '0.0', 3: '1.0', 4: 5.617439986943209e-05} 
{0: '0.0', 1: '1.0', 2: '0.0', 3: '1.0', 4: 0.3513953866959878} 
{0: '0.0', 1: '1.0', 2: '0.0', 3: '1.0', 4: 0.03758118843460578} 
{0: '0.0', 1: '1.0', 2: '0.0', 3: '1.0', 4: 0.6467393369362335} 
{0: '0.0', 1: '1.0', 2: '0.0', 3: '1.0', 4: 0.25869038842348413} 
{0: '0.0', 1: '1.0', 2: '0.0', 3: '1.0', 4: 1.1533519417400668} 
{0: '0.0', 1: '1.0', 2: '0.0', 3: '1.0', 4: 0.004737542142044459} 
{0: '0.0', 1: '1.0', 2: '0.0', 3: '1.0', 4: 0.14916280657279826} 
{0: '0.0', 1: '1.0', 2: '0.0', 3: '1.0', 4: 0.07229187887382067} 
{0: '0.0', 1: '1.0', 2: '0.0', 3: '1.0', 4: 0.8683071752770009} 
{0: '0.0', 1: '1.0', 2: '0.0', 3: '1.0', 4: 0.39014085481763744} 
{0: '0.0', 1: '1.0', 2: '0.0', 3: '1.0', 4: 1.3552065522370924} 
{0: '0.0', 1: '1.0', 2: '0.0', 3: '1.0', 4: 0.2454289374231415} 
{0: '0.0', 1: '1.0', 2: '0.0', 3: '1.0', 4: 0.4136227465819616} 
{0: '0.0', 1: '1.0', 2: '0.0', 3: '1.0', 4: 0.03234391855136103} 
{0: '0.0', 1: '1.0', 2: '0.0', 3: '1.0', 4: 0.9976258104658123} 
{0: '0.0', 1: '1.0', 2: '0.0', 3: '1.0', 4: 0.40371737525351226} 
{0: '0.0', 1: '1.0', 2: '0.0', 3: '1.0', 4: 0.678067375086044} 
{0: '0.0', 1: '1.0', 2: '0.0', 3: '1.0', 4: 1.6669113548068233} 
{0: '0.0', 1: '1.0', 2: '0.0', 3: '1.0', 4: 0.3805545648609319} 
{0: '0.0', 1: '1.0', 2: '0.0', 3: '1.0', 4: 0.6148379908345775} 
{0: '0.0', 1: '1.0', 2: '0.0', 3: '1.0', 4: 0.023016615101406082} 
{0: '0.0', 1: '1.0', 2: '0.0', 3: '1.0', 4: 0.009579521416773413} 
{0: '0.0', 1: '1.0', 2: '0.0', 3: '1.0', 4: 0.9270518255542983} 
{0: '0.0', 1: '1.0', 2: '0.0', 3: '1.0', 4: 0.3902111201885104} 
{0: '0.0', 1: '1.0', 2: '0.0', 3: '1.0', 4: 0.013663832717971558} 
{0: '0.0', 1: '1.0', 2: '0.0', 3: '1.0', 4: 0.002110349693391784} 
{0: '0.0', 1: '1.0', 2: '0.0', 3: '1.0', 4: 0.07805133369376722} 
{0: '0.0', 1: '1.0', 2: '0.0', 3: '1.0', 4: 1.0265836443862013} 
{0: '0.0', 1: '1.0', 2: '0.0', 3: '1.0', 4: 0.20608308525577465} 
{0: '0.0', 1: '1.0', 2: '0.0', 3: '1.0', 4: 0.26390098420732544} 
{0: '0.0', 1: '1.0', 2: '0.0', 3: '1.0', 4: 0.08725324750645207} 
{0: '0.0', 1: '1.0', 2: '0.0', 3: '1.0', 4: 0.6979008278377812} 
{0: '0.0', 1: '1.0', 2: '0.0', 3: '1.0', 4: 0.5976492469054764} 
{0: '0.0', 1: '1.0', 2: '0.0', 3: '1.0', 4: 0.39505202664859285} 
{0: '0.0', 1: '1.0', 2: '0.0', 3: '1.0', 4: 0.35506095229659096} 
{0: '0.0', 1: '1.0', 2: '0.0', 3: '1.0', 4: 0.01182951608799245} 
{0: '0.0', 1: '1.0', 2: '0.0', 3: '1.0', 4: 0.5148066226787039} 
{0: '0.0', 1: '1.0', 2: '0.0', 3: '1.0', 4: 0.05834202086815544} 
{0: '0.0', 1: '1.0', 2: '0.0', 3: '1.0', 4: 1.0272597564908301} 
{0: '0.0', 1: '1.0', 2: '0.0', 3: '1.0', 4: 1.3961045263811487} 
{0: '0.0', 1: '1.0', 2: '0.0', 3: '1.0', 4: 0.023393915920574566} 
{0: '0.0', 1: '1.0', 2: '0.0', 3: '1.0', 4: 0.04720424821458933} 
{0: '0.0', 1: '1.0', 2: '0.0', 3: '1.0', 4: 1.2813527915217109} 
{0: '0.0', 1: '1.0', 2: '0.0', 3: '1.0', 4: 2.3501505364510447} 
{0: '0.0', 1: '1.0', 2: '0.0', 3: '1.0', 4: 0.08850473400301012} 
{0: '0.0', 1: '1.0', 2: '0.0', 3: '1.0', 4: 1.6480220089623723} 
{0: '0.0', 1: '1.0', 2: '0.0', 3: '1.0', 4: 0.0015284894821947497} 
{0: '0.0', 1: '1.0', 2: '0.0', 3: '1.0', 4: 0.14983305303598465} 
{0: '0.0', 1: '1.0', 2: '0.0', 3: '1.0', 4: 0.03545360576053384} 
{0: '0.0', 1: '1.0', 2: '0.0', 3: '1.0', 4: 0.0623715656560626} 
{0: '0.0', 1: '1.0', 2: '0.0', 3: '1.0', 4: 0.017949109638464796} 
{0: '0.0', 1: '1.0', 2: '0.0', 3: '1.0', 4: 0.36421580416901483} 
{0: '0.0', 1: '1.0', 2: '0.0', 3: '1.0', 4: 0.0019570206980132105} 
{0: '0.0', 1: '1.0', 2: '0.0', 3: '1.0', 4: 2.2956769905134498} 
{0: '0.0', 1: '1.0', 2: '0.0', 3: '1.0', 4: 0.021797502806490815} 
{0: '0.0', 1: '1.0', 2: '0.0', 3: '1.0', 4: 2.2204151281855413} 
{0: '0.0', 1: '1.0', 2: '0.0', 3: '1.0', 4: 0.00014443992165615879} 
{0: '0.0', 1: '1.0', 2: '0.0', 3: '1.0', 4: 0.06034885022036873} 
{0: '0.0', 1: '1.0', 2: '0.0', 3: '1.0', 4: 0.1466917121590996} 
{0: '0.0', 1: '1.0', 2: '0.0', 3: '1.0', 4: 0.2997461505747365} 
{0: '0.0', 1: '1.0', 2: '0.0', 3: '1.0', 4: 0.5670984077521303} 
{0: '0.0', 1: '1.0', 2: '0.0', 3: '1.0', 4: 1.988030047337423} 
{0: '0.0', 1: '1.0', 2: '0.0', 3: '1.0', 4: 0.22699434571673066} 
{0: '0.0', 1: '1.0', 2: '0.0', 3: '1.0', 4: 0.9853259098515973} 
{0: '0.0', 1: '1.0', 2: '0.0', 3: '1.0', 4: 2.803971567867527} 
{0: '0.0', 1: '1.0', 2: '0.0', 3: '1.0', 4: 0.44037097471884656} 
{0: '0.0', 1: '1.0', 2: '0.0', 3: '1.0', 4: 0.8654905747328909} 
{0: '0.0', 1: '1.0', 2: '0.0', 3: '1.0', 4: 0.07968467935974109} 
{0: '0.0', 1: '1.0', 2: '0.0', 3: '1.0', 4: 0.4254210037757668} 
{0: '0.0', 1: '1.0', 2: '0.0', 3: '1.0', 4: 0.16963045759995302} 
{0: '0.0', 1: '1.0', 2: '0.0', 3: '1.0', 4: 1.8943731837684257} 
{0: '0.0', 1: '1.0', 2: '0.0', 3: '1.0', 4: 2.0888440846603484} 
{0: '0.0', 1: '1.0', 2: '0.0', 3: '1.0', 4: 0.0030591693881150714} 
{0: '0.0', 1: '1.0', 2: '0.0', 3: '1.0', 4: 0.09822547270110717} 
{0: '0.0', 1: '1.0', 2: '0.0', 3: '1.0', 4: 2.808903994709209} 
{0: '0.0', 1: '1.0', 2: '0.0', 3: '1.0', 4: 0.07919830905676045} 
{0: '0.0', 1: '1.0', 2: '0.0', 3: '1.0', 4: 0.13904496490701682} 
{0: '0.0', 1: '1.0', 2: '0.0', 3: '1.0', 4: 0.07269885583495261} 
{0: '0.0', 1: '1.0', 2: '0.0', 3: '1.0', 4: 0.22274208225877637} 
{0: '0.0', 1: '1.0', 2: '0.0', 3: '1.0', 4: 0.10127805499866933} 
{0: '0.0', 1: '1.0', 2: '0.0', 3: '1.0', 4: 0.3604396021248184} 
{0: '0.0', 1: '1.0', 2: '0.0', 3: '1.0', 4: 0.3084534431632933} 
{0: '0.0', 1: '1.0', 2: '0.0', 3: '1.0', 4: 0.08677514365175455} 
{0: '0.0', 1: '1.0', 2: '0.0', 3: '1.0', 4: 0.013954312965749532} 
{0: '0.0', 1: '1.0', 2: '0.0', 3: '1.0', 4: 0.13864718328629516} 
{0: '0.0', 1: '1.0', 2: '0.0', 3: '1.0', 4: 0.1238894199154006} 
{0: '0.0', 1: '1.0', 2: '0.0', 3: '1.0', 4: 0.5204689895584} 
{0: '0.0', 1: '1.0', 2: '0.0', 3: '1.0', 4: 1.1308406378205946} 
{0: '0.0', 1: '1.0', 2: '0.0', 3: '1.0', 4: 0.01957381163695703} 
{0: '0.0', 1: '1.0', 2: '0.0', 3: '1.0', 4: 0.1229396591625168} 
{0: '0.0', 1: '1.0', 2: '0.0', 3: '1.0', 4: 0.13170011925041988} 
{0: '0.0', 1: '1.0', 2: '0.0', 3: '1.0', 4: 0.1955953519208071} 
{0: '0.0', 1: '1.0', 2: '0.0', 3: '1.0', 4: 0.2805662227956361} 
{0: '0.0', 1: '1.0', 2: '0.0', 3: '1.0', 4: 0.17880609958831814} 
{0: '0.0', 1: '1.0', 2: '0.0', 3: '1.0', 4: 0.24618848507303595} 
{0: '0.0', 1: '1.0', 2: '0.0', 3: '1.0', 4: 0.0006497027861050558} 
{0: '0.0', 1: '1.0', 2: '0.0', 3: '1.0', 4: 0.3674529703774114} 
{0: '0.0', 1: '1.0', 2: '0.0', 3: '1.0', 4: 0.17731813796294826} 
{0: '0.0', 1: '1.0', 2: '0.0', 3: '1.0', 4: 0.03899489945958051} 
{0: '0.0', 1: '1.0', 2: '0.0', 3: '1.0', 4: 1.1002548344147927} 
{0: '0.0', 1: '1.0', 2: '0.0', 3: '1.0', 4: 0.005517800389533105} 
{0: '0.0', 1: '1.0', 2: '0.0', 3: '1.0', 4: 0.1787199036236673} 
{0: '0.0', 1: '1.0', 2: '0.0', 3: '1.0', 4: 0.754626035650906} 
{0: '0.0', 1: '1.0', 2: '0.0', 3: '1.0', 4: 0.12860752245752394} 
{0: '0.0', 1: '1.0', 2: '0.0', 3: '1.0', 4: 0.1894775304467896} 
{0: '0.0', 1: '1.0', 2: '0.0', 3: '1.0', 4: 0.06388155247642134} 
{0: '0.0', 1: '1.0', 2: '0.0', 3: '1.0', 4: 0.3957813217359394} 
{0: '0.0', 1: '1.0', 2: '0.0', 3: '1.0', 4: 0.041832568016793914} 
{0: '0.0', 1: '1.0', 2: '0.0', 3: '1.0', 4: 0.7609689718509509} 
{0: '0.0', 1: '1.0', 2: '0.0', 3: '1.0', 4: 0.264683716576913} 
{0: '0.0', 1: '1.0', 2: '0.0', 3: '1.0', 4: 0.27036041668045335} 
{0: '0.0', 1: '1.0', 2: '0.0', 3: '1.0', 4: 0.1288325866303197} 
{0: '0.0', 1: '1.0', 2: '0.0', 3: '1.0', 4: 0.7033615405391739} 
{0: '0.0', 1: '1.0', 2: '0.0', 3: '1.0', 4: 0.014167358929854061} 
{0: '0.0', 1: '1.0', 2: '0.0', 3: '1.0', 4: 0.17388158777738005} 
{0: '0.0', 1: '1.0', 2: '0.0', 3: '1.0', 4: 0.6428401368269131} 
{0: '0.0', 1: '1.0', 2: '0.0', 3: '1.0', 4: 0.018091000636745236} 
{0: '0.0', 1: '1.0', 2: '0.0', 3: '1.0', 4: 0.7293489790281764} 
{0: '0.0', 1: '1.0', 2: '0.0', 3: '1.0', 4: 1.8877504579750906} 
{0: '0.0', 1: '1.0', 2: '0.0', 3: '1.0', 4: 0.42132686443274164} 
{0: '0.0', 1: '1.0', 2: '0.0', 3: '1.0', 4: 3.709592751160957} 
{0: '0.0', 1: '1.0', 2: '0.0', 3: '1.0', 4: 1.2419611528544592} 
{0: '0.0', 1: '1.0', 2: '0.0', 3: '1.0', 4: 0.09814421031984825} 
{0: '0.0', 1: '1.0', 2: '0.0', 3: '1.0', 4: 0.1502315058537631} 
{0: '0.0', 1: '1.0', 2: '0.0', 3: '1.0', 4: 0.08307254073199496} 
{0: '0.0', 1: '1.0', 2: '0.0', 3: '1.0', 4: 0.040324420202486756} 
{0: '0.0', 1: '1.0', 2: '0.0', 3: '1.0', 4: 0.03398047662714978} 
{0: '0.0', 1: '1.0', 2: '0.0', 3: '1.0', 4: 0.06156380206402462} 
{0: '0.0', 1: '1.0', 2: '0.0', 3: '1.0', 4: 0.33871145353308996} 
{0: '0.0', 1: '1.0', 2: '0.0', 3: '1.0', 4: 2.4096254570645836} 
{0: '0.0', 1: '1.0', 2: '0.0', 3: '1.0', 4: 0.480243787284232} 
{0: '0.0', 1: '1.0', 2: '0.0', 3: '1.0', 4: 0.3060232802482629} 
{0: '0.0', 1: '1.0', 2: '0.0', 3: '1.0', 4: 0.07163285286686841} 
{0: '0.0', 1: '1.0', 2: '0.0', 3: '1.0', 4: 0.6624514736941409} 
{0: '0.0', 1: '1.0', 2: '0.0', 3: '1.0', 4: 0.11287473725025925} 
{0: '0.0', 1: '1.0', 2: '0.0', 3: '1.0', 4: 0.7131644539852445} 
{0: '0.0', 1: '1.0', 2: '0.0', 3: '1.0', 4: 0.34376421777691557} 
{0: '0.0', 1: '1.0', 2: '0.0', 3: '1.0', 4: 0.29218894883182367} 
{0: '0.0', 1: '1.0', 2: '0.0', 3: '1.0', 4: 0.3661384855071399} 
{0: '0.0', 1: '1.0', 2: '0.0', 3: '1.0', 4: 0.4279093480048887} 
{0: '0.0', 1: '1.0', 2: '0.0', 3: '1.0', 4: 0.23620848489419094} 
{0: '0.0', 1: '1.0', 2: '0.0', 3: '1.0', 4: 0.9448828215917321} 
{0: '0.0', 1: '1.0', 2: '0.0', 3: '1.0', 4: 1.5195379308145285} 
{0: '0.0', 1: '1.0', 2: '0.0', 3: '1.0', 4: 0.07059442190654493} 
{0: '0.0', 1: '1.0', 2: '0.0', 3: '1.0', 4: 0.24069754448842054} 
{0: '0.0', 1: '1.0', 2: '0.0', 3: '1.0', 4: 0.10265702511479108} 
{0: '0.0', 1: '1.0', 2: '0.0', 3: '1.0', 4: 0.0020624626456359576} 
{0: '0.0', 1: '1.0', 2: '0.0', 3: '1.0', 4: 0.18816894217882743} 
{0: '0.0', 1: '1.0', 2: '0.0', 3: '1.0', 4: 0.6004102215486395} 
{0: '0.0', 1: '1.0', 2: '0.0', 3: '1.0', 4: 0.594913632271893} 
{0: '0.0', 1: '1.0', 2: '0.0', 3: '1.0', 4: 0.0323286360767753} 
{0: '0.0', 1: '1.0', 2: '0.0', 3: '1.0', 4: 0.24584953679245267} 
{0: '0.0', 1: '1.0', 2: '0.0', 3: '1.0', 4: 1.0642254362066672} 
{0: '0.0', 1: '1.0', 2: '0.0', 3: '1.0', 4: 0.09545429559108047} 
{0: '0.0', 1: '1.0', 2: '0.0', 3: '1.0', 4: 0.10650035816734643} 
{0: '0.0', 1: '1.0', 2: '0.0', 3: '1.0', 4: 0.0012901716524210734} 
{0: '0.0', 1: '1.0', 2: '0.0', 3: '1.0', 4: 0.9406574510989378} 
{0: '0.0', 1: '1.0', 2: '0.0', 3: '1.0', 4: 0.8658278162997614} 
{0: '0.0', 1: '1.0', 2: '0.0', 3: '1.0', 4: 0.2551087622678236} 
{0: '0.0', 1: '1.0', 2: '0.0', 3: '1.0', 4: 0.4748108766885055} 
{0: '0.0', 1: '1.0', 2: '0.0', 3: '1.0', 4: 0.09452798321402317} 
{0: '0.0', 1: '1.0', 2: '0.0', 3: '1.0', 4: 0.2246605999281174} 
{0: '0.0', 1: '1.0', 2: '0.0', 3: '1.0', 4: 0.7816548583738957} 
{0: '0.0', 1: '1.0', 2: '0.0', 3: '1.0', 4: 0.27357717004693816} 
{0: '0.0', 1: '1.0', 2: '0.0', 3: '1.0', 4: 0.12497032282018183} 
{0: '0.0', 1: '1.0', 2: '0.0', 3: '1.0', 4: 2.898650481107762} 
{0: '0.0', 1: '1.0', 2: '0.0', 3: '1.0', 4: 0.10369418879685714} 
{0: '0.0', 1: '1.0', 2: '0.0', 3: '1.0', 4: 0.7414540081081183} 
{0: '0.0', 1: '1.0', 2: '0.0', 3: '1.0', 4: 0.020050635247049482} 
{0: '0.0', 1: '1.0', 2: '0.0', 3: '1.0', 4: 0.5431197167622329} 
{0: '0.0', 1: '1.0', 2: '0.0', 3: '1.0', 4: 0.0065829394004456535} 
{0: '0.0', 1: '1.0', 2: '0.0', 3: '1.0', 4: 0.08617439348971809} 
{0: '0.0', 1: '1.0', 2: '0.0', 3: '1.0', 4: 2.038123346476102} 
{0: '0.0', 1: '1.0', 2: '0.0', 3: '1.0', 4: 1.440673801934137} 
{0: '0.0', 1: '1.0', 2: '0.0', 3: '1.0', 4: 0.08962839874170359} 
{0: '0.0', 1: '1.0', 2: '0.0', 3: '1.0', 4: 0.1489749899115341} 
{0: '0.0', 1: '1.0', 2: '0.0', 3: '1.0', 4: 0.2353403490833491} 
{0: '0.0', 1: '1.0', 2: '0.0', 3: '1.0', 4: 1.0314454948832845} 
{0: '0.0', 1: '1.0', 2: '0.0', 3: '1.0', 4: 0.008792010824675954} 
{0: '0.0', 1: '1.0', 2: '0.0', 3: '1.0', 4: 0.2997849697171836} 
{0: '0.0', 1: '1.0', 2: '0.0', 3: '1.0', 4: 0.03244365927821167} 
{0: '0.0', 1: '1.0', 2: '0.0', 3: '1.0', 4: 0.04170569781520592} 
{0: '0.0', 1: '1.0', 2: '0.0', 3: '1.0', 4: 0.026522872619866862} 
{0: '0.0', 1: '1.0', 2: '0.0', 3: '1.0', 4: 0.980782050697608} 
{0: '0.0', 1: '1.0', 2: '0.0', 3: '1.0', 4: 0.16668434936974563} 
{0: '0.0', 1: '1.0', 2: '0.0', 3: '1.0', 4: 0.6791754567333588} 
{0: '0.0', 1: '1.0', 2: '0.0', 3: '1.0', 4: 0.06825509363837909} 
{0: '0.0', 1: '1.0', 2: '0.0', 3: '1.0', 4: 2.398815540233309e-05} 
{0: '0.0', 1: '1.0', 2: '0.0', 3: '1.0', 4: 3.2098149908164224} 
{0: '0.0', 1: '1.0', 2: '0.0', 3: '1.0', 4: 8.365432874745289e-07} 
{0: '0.0', 1: '1.0', 2: '0.0', 3: '1.0', 4: 0.549437193280506} 
{0: '0.0', 1: '1.0', 2: '0.0', 3: '1.0', 4: 0.0887884518247174} 
{0: '0.0', 1: '1.0', 2: '0.0', 3: '1.0', 4: 1.2340492613173424} 
{0: '0.0', 1: '1.0', 2: '0.0', 3: '1.0', 4: 0.2079346832090749} 
{0: '0.0', 1: '1.0', 2: '0.0', 3: '1.0', 4: 0.667593954500369} 
{0: '0.0', 1: '1.0', 2: '0.0', 3: '1.0', 4: 0.10618546097020092} 
{0: '0.0', 1: '1.0', 2: '0.0', 3: '1.0', 4: 0.25231467836575044} 
{0: '0.0', 1: '1.0', 2: '0.0', 3: '1.0', 4: 0.0009752056490877931} 
{0: '0.0', 1: '1.0', 2: '0.0', 3: '1.0', 4: 0.14543171594756796} 
{0: '0.0', 1: '1.0', 2: '0.0', 3: '1.0', 4: 0.1847740682950511} 
{0: '0.0', 1: '1.0', 2: '0.0', 3: '1.0', 4: 1.6241189608151503} 
{0: '0.0', 1: '1.0', 2: '0.0', 3: '1.0', 4: 0.20713934780932142} 
{0: '0.0', 1: '1.0', 2: '0.0', 3: '1.0', 4: 0.025060050931428438} 
{0: '0.0', 1: '1.0', 2: '0.0', 3: '1.0', 4: 1.0161675747641965} 
{0: '0.0', 1: '1.0', 2: '0.0', 3: '1.0', 4: 0.1689599052512822} 
{0: '0.0', 1: '1.0', 2: '0.0', 3: '1.0', 4: 0.2549002243167388} 
{0: '0.0', 1: '1.0', 2: '0.0', 3: '1.0', 4: 0.003956087634390644} 
{0: '0.0', 1: '1.0', 2: '0.0', 3: '1.0', 4: 0.05585742437872148} 
{0: '0.0', 1: '1.0', 2: '0.0', 3: '1.0', 4: 0.7180319828441311} 
{0: '0.0', 1: '1.0', 2: '0.0', 3: '1.0', 4: 1.2542661617790476} 
{0: '0.0', 1: '1.0', 2: '0.0', 3: '1.0', 4: 0.36878136009015355} 
{0: '0.0', 1: '1.0', 2: '0.0', 3: '1.0', 4: 0.4436434784818511} 
{0: '0.0', 1: '1.0', 2: '0.0', 3: '1.0', 4: 0.006478049110729899} 
{0: '0.0', 1: '1.0', 2: '0.0', 3: '1.0', 4: 0.0793710667530344} 
{0: '0.0', 1: '1.0', 2: '0.0', 3: '1.0', 4: 0.19496467616152546} 
{0: '0.0', 1: '1.0', 2: '0.0', 3: '1.0', 4: 0.7604513360832026} 
{0: '0.0', 1: '1.0', 2: '0.0', 3: '1.0', 4: 0.11306010977820245} 
{0: '0.0', 1: '1.0', 2: '0.0', 3: '1.0', 4: 0.29593586894555585} 
{0: '0.0', 1: '1.0', 2: '0.0', 3: '1.0', 4: 0.3134068367432326} 
{0: '0.0', 1: '1.0', 2: '0.0', 3: '1.0', 4: 3.814812350927818} 
{0: '0.0', 1: '1.0', 2: '0.0', 3: '1.0', 4: 0.773216832388786} 
{0: '0.0', 1: '1.0', 2: '0.0', 3: '1.0', 4: 0.07680458941849325} 
{0: '0.0', 1: '1.0', 2: '0.0', 3: '1.0', 4: 1.5084860179945886e-05} 
{0: '0.0', 1: '1.0', 2: '0.0', 3: '1.0', 4: 0.0005653151756917826} 
{0: '0.0', 1: '1.0', 2: '0.0', 3: '1.0', 4: 0.3370508619055128} 
{0: '0.0', 1: '1.0', 2: '0.0', 3: '1.0', 4: 0.07979999247006653} 
{0: '0.0', 1: '1.0', 2: '0.0', 3: '1.0', 4: 0.008994141118607331} 
{0: '0.0', 1: '1.0', 2: '0.0', 3: '1.0', 4: 0.7460575404514787} 
{0: '0.0', 1: '1.0', 2: '0.0', 3: '1.0', 4: 0.5033850260746384} 
{0: '0.0', 1: '1.0', 2: '0.0', 3: '1.0', 4: 0.23721463921406455} 
{0: '0.0', 1: '1.0', 2: '0.0', 3: '1.0', 4: 1.3834217551947094} 
{0: '0.0', 1: '1.0', 2: '0.0', 3: '1.0', 4: 0.37843193723992524} 
{0: '0.0', 1: '1.0', 2: '0.0', 3: '1.0', 4: 0.60732426040164} 
{0: '0.0', 1: '1.0', 2: '0.0', 3: '1.0', 4: 0.31387363853234773} 
{0: '0.0', 1: '1.0', 2: '0.0', 3: '1.0', 4: 1.7088877408216434} 
{0: '0.0', 1: '1.0', 2: '0.0', 3: '1.0', 4: 0.01828360660665027} 
{0: '0.0', 1: '1.0', 2: '0.0', 3: '1.0', 4: 0.058531632134087005} 
{0: '0.0', 1: '1.0', 2: '0.0', 3: '1.0', 4: 0.7425685269853854} 
{0: '0.0', 1: '1.0', 2: '0.0', 3: '1.0', 4: 0.1181456746716412} 
{0: '0.0', 1: '1.0', 2: '0.0', 3: '1.0', 4: 0.012798451264520533} 
{0: '0.0', 1: '1.0', 2: '0.0', 3: '1.0', 4: 0.10331797745497313} 
{0: '0.0', 1: '1.0', 2: '0.0', 3: '1.0', 4: 1.5219446049393717} 
{0: '0.0', 1: '1.0', 2: '0.0', 3: '1.0', 4: 0.07448796441057266} 
{0: '0.0', 1: '1.0', 2: '0.0', 3: '1.0', 4: 0.08927198948017381} 
{0: '0.0', 1: '1.0', 2: '0.0', 3: '1.0', 4: 0.0637398313061039} 
{0: '0.0', 1: '1.0', 2: '0.0', 3: '1.0', 4: 0.9689755565266769} 
{0: '0.0', 1: '1.0', 2: '0.0', 3: '1.0', 4: 0.17522245348695334} 
{0: '0.0', 1: '1.0', 2: '0.0', 3: '1.0', 4: 0.35572857955118176} 
{0: '0.0', 1: '1.0', 2: '0.0', 3: '1.0', 4: 0.25369114933803655} 
{0: '0.0', 1: '1.0', 2: '0.0', 3: '1.0', 4: 1.1012547134528041} 
{0: '0.0', 1: '1.0', 2: '0.0', 3: '1.0', 4: 0.499099521888988} 
{0: '0.0', 1: '1.0', 2: '0.0', 3: '1.0', 4: 0.030693485760280272} 
{0: '0.0', 1: '1.0', 2: '0.0', 3: '1.0', 4: 0.004373074243518872} 
{0: '0.0', 1: '1.0', 2: '0.0', 3: '1.0', 4: 0.6149314366709495} 
{0: '0.0', 1: '1.0', 2: '0.0', 3: '1.0', 4: 3.198610040038067} 
{0: '0.0', 1: '1.0', 2: '0.0', 3: '1.0', 4: 0.11381015052559208} 
{0: '0.0', 1: '1.0', 2: '0.0', 3: '1.0', 4: 0.22207296264405751} 
{0: '0.0', 1: '1.0', 2: '0.0', 3: '1.0', 4: 0.044751467068693186} 
{0: '0.0', 1: '1.0', 2: '0.0', 3: '1.0', 4: 0.45176422963562174} 
{0: '0.0', 1: '1.0', 2: '0.0', 3: '1.0', 4: 0.23388838214549543} 
{0: '0.0', 1: '1.0', 2: '0.0', 3: '1.0', 4: 1.4984392326749398} 
{0: '0.0', 1: '1.0', 2: '0.0', 3: '1.0', 4: 0.5989904389892369} 
{0: '0.0', 1: '1.0', 2: '0.0', 3: '1.0', 4: 0.007555051758675495} 
{0: '0.0', 1: '1.0', 2: '0.0', 3: '1.0', 4: 0.045285412028128705} 
{0: '0.0', 1: '1.0', 2: '0.0', 3: '1.0', 4: 0.56409244943631} 
{0: '0.0', 1: '1.0', 2: '0.0', 3: '1.0', 4: 0.365024986650988} 
{0: '0.0', 1: '1.0', 2: '0.0', 3: '1.0', 4: 0.11053285894497474} 
{0: '0.0', 1: '1.0', 2: '0.0', 3: '1.0', 4: 0.0038928612087941947} 
{0: '0.0', 1: '1.0', 2: '0.0', 3: '1.0', 4: 0.06028333753060143} 
{0: '0.0', 1: '1.0', 2: '0.0', 3: '1.0', 4: 0.1596012340475014} 
{0: '0.0', 1: '1.0', 2: '0.0', 3: '1.0', 4: 0.711363734391199} 
{0: '0.0', 1: '1.0', 2: '0.0', 3: '1.0', 4: 0.20699052811926658} 
{0: '0.0', 1: '1.0', 2: '0.0', 3: '1.0', 4: 4.214197347896687} 
{0: '0.0', 1: '1.0', 2: '0.0', 3: '1.0', 4: 0.0009087252142483892} 
{0: '0.0', 1: '1.0', 2: '0.0', 3: '1.0', 4: 0.5946475602884213} 
{0: '0.0', 1: '1.0', 2: '0.0', 3: '1.0', 4: 0.00496969144601363} 
{0: '0.0', 1: '1.0', 2: '0.0', 3: '1.0', 4: 0.07747496979267167} 
{0: '0.0', 1: '1.0', 2: '0.0', 3: '1.0', 4: 0.16657102012978006} 
{0: '0.0', 1: '1.0', 2: '0.0', 3: '1.0', 4: 0.1047065221517662} 
{0: '0.0', 1: '1.0', 2: '0.0', 3: '1.0', 4: 0.23112247724037815} 
{0: '0.0', 1: '1.0', 2: '0.0', 3: '1.0', 4: 0.7843195095452019} 
{0: '0.0', 1: '1.0', 2: '0.0', 3: '1.0', 4: 0.8977280459998672} 
{0: '0.0', 1: '1.0', 2: '0.0', 3: '1.0', 4: 0.012643670937284078} 
{0: '0.0', 1: '1.0', 2: '0.0', 3: '1.0', 4: 0.06405080892083713} 
{0: '0.0', 1: '1.0', 2: '0.0', 3: '1.0', 4: 0.005770940017518172} 
{0: '0.0', 1: '1.0', 2: '0.0', 3: '1.0', 4: 1.166075477909727} 
{0: '0.0', 1: '1.0', 2: '0.0', 3: '1.0', 4: 0.9009540471284063} 
{0: '0.0', 1: '1.0', 2: '0.0', 3: '1.0', 4: 2.130261920013356} 
{0: '0.0', 1: '1.0', 2: '0.0', 3: '1.0', 4: 0.9846470301057967} 
{0: '0.0', 1: '1.0', 2: '0.0', 3: '1.0', 4: 0.016573921229030033} 
{0: '0.0', 1: '1.0', 2: '0.0', 3: '1.0', 4: 0.04159681380333779} 
{0: '0.0', 1: '1.0', 2: '0.0', 3: '1.0', 4: 0.004630201853221356} 
{0: '0.0', 1: '1.0', 2: '0.0', 3: '1.0', 4: 0.35385491467590185} 
{0: '0.0', 1: '1.0', 2: '0.0', 3: '1.0', 4: 0.08123547818974974} 
{0: '0.0', 1: '1.0', 2: '0.0', 3: '1.0', 4: 0.5063138759382503} 
{0: '0.0', 1: '1.0', 2: '0.0', 3: '1.0', 4: 0.7169008361081081} 
{0: '0.0', 1: '1.0', 2: '0.0', 3: '1.0', 4: 0.0007049822327156104} 
{0: '0.0', 1: '1.0', 2: '0.0', 3: '1.0', 4: 0.045310497048390526} 
{0: '0.0', 1: '1.0', 2: '0.0', 3: '1.0', 4: 0.0643767807076174} 
{0: '0.0', 1: '1.0', 2: '0.0', 3: '1.0', 4: 0.45221694409864666} 
{0: '0.0', 1: '1.0', 2: '0.0', 3: '1.0', 4: 0.9717617742933761} 
{0: '0.0', 1: '1.0', 2: '0.0', 3: '1.0', 4: 0.8980611164572383} 
{0: '0.0', 1: '1.0', 2: '0.0', 3: '1.0', 4: 0.6647489279308618} 
{0: '0.0', 1: '1.0', 2: '0.0', 3: '1.0', 4: 1.6566099820502822} 
{0: '0.0', 1: '1.0', 2: '0.0', 3: '1.0', 4: 0.39025567421173757} 
{0: '0.0', 1: '1.0', 2: '0.0', 3: '1.0', 4: 4.719629658964452} 
{0: '0.0', 1: '1.0', 2: '0.0', 3: '1.0', 4: 0.16973949578735287} 
{0: '0.0', 1: '1.0', 2: '0.0', 3: '1.0', 4: 0.008541036952447479} 
{0: '0.0', 1: '1.0', 2: '0.0', 3: '1.0', 4: 1.00818572568223} 
{0: '0.0', 1: '1.0', 2: '0.0', 3: '1.0', 4: 1.5023281862773943} 
{0: '0.0', 1: '1.0', 2: '0.0', 3: '1.0', 4: 0.18663045668126574} 
{0: '0.0', 1: '1.0', 2: '0.0', 3: '1.0', 4: 0.030443127903824908} 
{0: '0.0', 1: '1.0', 2: '0.0', 3: '1.0', 4: 1.80160261732942} 
{0: '0.0', 1: '1.0', 2: '0.0', 3: '1.0', 4: 0.0023485901495634356} 
{0: '0.0', 1: '1.0', 2: '0.0', 3: '1.0', 4: 0.36077931820064757} 
{0: '0.0', 1: '1.0', 2: '0.0', 3: '1.0', 4: 0.2353650540855676} 
{0: '0.0', 1: '1.0', 2: '0.0', 3: '1.0', 4: 0.038615676409075046} 
{0: '0.0', 1: '1.0', 2: '0.0', 3: '1.0', 4: 0.20501142689630455} 
{0: '0.0', 1: '1.0', 2: '0.0', 3: '1.0', 4: 1.195466341852842} 
{0: '0.0', 1: '1.0', 2: '0.0', 3: '1.0', 4: 1.8939926321600817} 
{0: '0.0', 1: '1.0', 2: '0.0', 3: '1.0', 4: 1.961737477540455e-05} 
{0: '0.0', 1: '1.0', 2: '0.0', 3: '1.0', 4: 0.06823410135989437} 
{0: '0.0', 1: '1.0', 2: '0.0', 3: '1.0', 4: 0.01631769400710184} 
{0: '0.0', 1: '1.0', 2: '0.0', 3: '1.0', 4: 0.004944960457389152} 
{0: '0.0', 1: '1.0', 2: '0.0', 3: '1.0', 4: 1.6261387759958505} 
{0: '0.0', 1: '1.0', 2: '0.0', 3: '1.0', 4: 1.0280263760234742} 
{0: '0.0', 1: '1.0', 2: '0.0', 3: '1.0', 4: 0.623626282097694} 
{0: '0.0', 1: '1.0', 2: '0.0', 3: '1.0', 4: 0.1477578439912854} 
{0: '0.0', 1: '1.0', 2: '0.0', 3: '1.0', 4: 3.182434784157983} 
{0: '0.0', 1: '1.0', 2: '0.0', 3: '1.0', 4: 0.22629931637188724} 
{0: '0.0', 1: '1.0', 2: '0.0', 3: '1.0', 4: 0.032981194239087165} 
{0: '0.0', 1: '1.0', 2: '0.0', 3: '1.0', 4: 0.24495966286034526} 
{0: '0.0', 1: '1.0', 2: '0.0', 3: '1.0', 4: 2.6762869828037834} 
{0: '0.0', 1: '1.0', 2: '0.0', 3: '1.0', 4: 0.12496741463769367} 
{0: '0.0', 1: '1.0', 2: '0.0', 3: '1.0', 4: 1.6167961669005757} 
{0: '0.0', 1: '1.0', 2: '0.0', 3: '1.0', 4: 0.13974855583688559} 
{0: '0.0', 1: '1.0', 2: '0.0', 3: '1.0', 4: 0.06482239658143667} 
{0: '0.0', 1: '1.0', 2: '0.0', 3: '1.0', 4: 0.25557024104674964} 
{0: '0.0', 1: '1.0', 2: '0.0', 3: '1.0', 4: 0.08349558086786772} 
{0: '0.0', 1: '1.0', 2: '0.0', 3: '1.0', 4: 3.4693128096297676e-05} 
{0: '0.0', 1: '1.0', 2: '0.0', 3: '1.0', 4: 0.10589574861329279} 
{0: '0.0', 1: '1.0', 2: '0.0', 3: '1.0', 4: 0.6073992185428375} 
{0: '0.0', 1: '1.0', 2: '0.0', 3: '1.0', 4: 1.9565725487039616} 
{0: '0.0', 1: '1.0', 2: '0.0', 3: '1.0', 4: 0.0019270338051292646} 
{0: '0.0', 1: '1.0', 2: '0.0', 3: '1.0', 4: 0.3209235013973236} 
{0: '0.0', 1: '1.0', 2: '0.0', 3: '1.0', 4: 0.40828049703752883} 
{0: '0.0', 1: '1.0', 2: '0.0', 3: '1.0', 4: 0.7896205750378943} 
{0: '0.0', 1: '1.0', 2: '0.0', 3: '1.0', 4: 1.0121274834123943} 
{0: '0.0', 1: '1.0', 2: '0.0', 3: '1.0', 4: 0.45002611682469773} 
{0: '0.0', 1: '1.0', 2: '0.0', 3: '1.0', 4: 0.232887269798624} 
{0: '0.0', 1: '1.0', 2: '0.0', 3: '1.0', 4: 1.97651800541468} 
{0: '0.0', 1: '1.0', 2: '0.0', 3: '1.0', 4: 0.2531344896156056} 
{0: '0.0', 1: '1.0', 2: '0.0', 3: '1.0', 4: 1.0378605060446824} 
{0: '0.0', 1: '1.0', 2: '0.0', 3: '1.0', 4: 0.03439590606813163} 
{0: '0.0', 1: '1.0', 2: '0.0', 3: '1.0', 4: 0.8099788118091596} 
{0: '0.0', 1: '1.0', 2: '0.0', 3: '1.0', 4: 0.04468508874722614} 
{0: '0.0', 1: '1.0', 2: '0.0', 3: '1.0', 4: 0.013753647167941585} 
{0: '0.0', 1: '1.0', 2: '0.0', 3: '1.0', 4: 0.7012152969865586} 
{0: '0.0', 1: '1.0', 2: '0.0', 3: '1.0', 4: 0.24995383685263195} 
{0: '0.0', 1: '1.0', 2: '0.0', 3: '1.0', 4: 1.4531860861016732} 
{0: '0.0', 1: '1.0', 2: '0.0', 3: '1.0', 4: 0.9635857332887519} 
{0: '0.0', 1: '1.0', 2: '0.0', 3: '1.0', 4: 0.03215540771499111} 
{0: '0.0', 1: '1.0', 2: '0.0', 3: '1.0', 4: 0.5397981325111232} 
{0: '0.0', 1: '1.0', 2: '0.0', 3: '1.0', 4: 1.9769701540384246} 
{0: '0.0', 1: '1.0', 2: '0.0', 3: '1.0', 4: 0.13898478590323535} 
{0: '0.0', 1: '1.0', 2: '0.0', 3: '1.0', 4: 2.361531455864054} 
{0: '0.0', 1: '1.0', 2: '0.0', 3: '1.0', 4: 0.10582700368603429} 
{0: '0.0', 1: '1.0', 2: '0.0', 3: '1.0', 4: 0.2663372924358346} 
{0: '0.0', 1: '1.0', 2: '0.0', 3: '1.0', 4: 0.1823257307958387} 
{0: '0.0', 1: '1.0', 2: '0.0', 3: '1.0', 4: 1.138363915382362} 
{0: '0.0', 1: '1.0', 2: '0.0', 3: '1.0', 4: 0.10394777846913306} 
{0: '0.0', 1: '1.0', 2: '0.0', 3: '1.0', 4: 0.1981521781542977} 
{0: '0.0', 1: '1.0', 2: '0.0', 3: '1.0', 4: 0.6535095606654113} 
{0: '0.0', 1: '1.0', 2: '0.0', 3: '1.0', 4: 0.07860720355192027} 
{0: '0.0', 1: '1.0', 2: '0.0', 3: '1.0', 4: 0.9096694079148899} 
{0: '0.0', 1: '1.0', 2: '0.0', 3: '1.0', 4: 0.2382969665274434} 
{0: '0.0', 1: '1.0', 2: '0.0', 3: '1.0', 4: 0.006881495968187261} 
{0: '0.0', 1: '1.0', 2: '0.0', 3: '1.0', 4: 0.07038413060886094} 
{0: '0.0', 1: '1.0', 2: '0.0', 3: '1.0', 4: 0.27496602926531233} 
{0: '0.0', 1: '1.0', 2: '0.0', 3: '1.0', 4: 0.17500324456231103} 
{0: '0.0', 1: '1.0', 2: '0.0', 3: '1.0', 4: 0.00034577249681612616} 
{0: '0.0', 1: '1.0', 2: '0.0', 3: '1.0', 4: 0.30968300813653643} 
{0: '0.0', 1: '1.0', 2: '0.0', 3: '1.0', 4: 0.05128950862899619} 
{0: '0.0', 1: '1.0', 2: '0.0', 3: '1.0', 4: 0.30006236184005414} 
{0: '0.0', 1: '1.0', 2: '0.0', 3: '1.0', 4: 0.07343687574380854} 
{0: '0.0', 1: '1.0', 2: '0.0', 3: '1.0', 4: 1.8227282336944848} 
{0: '0.0', 1: '1.0', 2: '0.0', 3: '1.0', 4: 0.02236173464452252} 
{0: '0.0', 1: '1.0', 2: '0.0', 3: '1.0', 4: 0.8240063321631013} 
{0: '0.0', 1: '1.0', 2: '0.0', 3: '1.0', 4: 0.16442791347764082} 
{0: '0.0', 1: '1.0', 2: '0.0', 3: '1.0', 4: 0.44950307537115053} 
{0: '0.0', 1: '1.0', 2: '0.0', 3: '1.0', 4: 0.20836863318245427} 
{0: '0.0', 1: '1.0', 2: '0.0', 3: '1.0', 4: 0.4732560871884658} 
{0: '0.0', 1: '1.0', 2: '0.0', 3: '1.0', 4: 0.25147499842219856} 
{0: '0.0', 1: '1.0', 2: '0.0', 3: '1.0', 4: 1.366965866669469} 
{0: '0.0', 1: '1.0', 2: '0.0', 3: '1.0', 4: 0.026872053338227616} 
{0: '0.0', 1: '1.0', 2: '0.0', 3: '1.0', 4: 0.7138751969015364} 
{0: '0.0', 1: '1.0', 2: '0.0', 3: '1.0', 4: 0.6337100572449285} 
{0: '0.0', 1: '1.0', 2: '0.0', 3: '1.0', 4: 0.4384628971797751} 
{0: '0.0', 1: '1.0', 2: '0.0', 3: '1.0', 4: 0.3172158442126835} 
{0: '0.0', 1: '1.0', 2: '0.0', 3: '1.0', 4: 1.5255112102423027} 
{0: '0.0', 1: '1.0', 2: '0.0', 3: '1.0', 4: 0.42502772323771176} 
{0: '0.0', 1: '1.0', 2: '0.0', 3: '1.0', 4: 1.5644311833821982} 
{0: '0.0', 1: '1.0', 2: '0.0', 3: '1.0', 4: 0.5484903752916709} 
{0: '0.0', 1: '1.0', 2: '0.0', 3: '1.0', 4: 0.5144567283313367} 
{0: '0.0', 1: '1.0', 2: '0.0', 3: '1.0', 4: 0.666708674590389} 
{0: '0.0', 1: '1.0', 2: '0.0', 3: '1.0', 4: 0.056577369265272334} 
{0: '0.0', 1: '1.0', 2: '0.0', 3: '1.0', 4: 0.07212655171570936} 
{0: '0.0', 1: '1.0', 2: '0.0', 3: '1.0', 4: 0.1582136320320898} 
{0: '0.0', 1: '1.0', 2: '0.0', 3: '1.0', 4: 0.39128434133578427} 
{0: '0.0', 1: '1.0', 2: '0.0', 3: '1.0', 4: 2.1920970753112727} 
{0: '0.0', 1: '1.0', 2: '0.0', 3: '1.0', 4: 9.475104146680276e-07} 
{0: '0.0', 1: '1.0', 2: '0.0', 3: '1.0', 4: 0.8425374389157777} 
{0: '0.0', 1: '1.0', 2: '0.0', 3: '1.0', 4: 0.032608788571094505} 
{0: '0.0', 1: '1.0', 2: '0.0', 3: '1.0', 4: 0.1471987686707628} 
{0: '0.0', 1: '1.0', 2: '0.0', 3: '1.0', 4: 0.06388734503621812} 
{0: '0.0', 1: '1.0', 2: '0.0', 3: '1.0', 4: 0.0024386075948149605} 
{0: '0.0', 1: '1.0', 2: '0.0', 3: '1.0', 4: 0.1735925485497743} 
{0: '0.0', 1: '1.0', 2: '0.0', 3: '1.0', 4: 0.4951826996249491} 
{0: '0.0', 1: '1.0', 2: '0.0', 3: '1.0', 4: 0.276962715557131} 
{0: '0.0', 1: '1.0', 2: '0.0', 3: '1.0', 4: 0.3675531402261657} 
{0: '0.0', 1: '1.0', 2: '0.0', 3: '1.0', 4: 0.21487638743985585} 
{0: '0.0', 1: '1.0', 2: '0.0', 3: '1.0', 4: 0.08088704254131399} 
{0: '0.0', 1: '1.0', 2: '0.0', 3: '1.0', 4: 0.49348859602092704} 
{0: '0.0', 1: '1.0', 2: '0.0', 3: '1.0', 4: 0.259379839977181} 
{0: '0.0', 1: '1.0', 2: '0.0', 3: '1.0', 4: 0.9468143686361996} 
{0: '0.0', 1: '1.0', 2: '0.0', 3: '1.0', 4: 0.6787702672220968} 
{0: '0.0', 1: '1.0', 2: '0.0', 3: '1.0', 4: 1.4640546454303733} 
{0: '0.0', 1: '1.0', 2: '0.0', 3: '1.0', 4: 0.10729851494654587} 
{0: '0.0', 1: '1.0', 2: '0.0', 3: '1.0', 4: 0.5294216117623531} 
{0: '0.0', 1: '1.0', 2: '0.0', 3: '1.0', 4: 0.148894021962545} 
{0: '0.0', 1: '1.0', 2: '0.0', 3: '1.0', 4: 0.8008489136188777} 
{0: '0.0', 1: '1.0', 2: '0.0', 3: '1.0', 4: 1.9873958828866118} 
{0: '0.0', 1: '1.0', 2: '0.0', 3: '1.0', 4: 0.14149152732205345} 
{0: '0.0', 1: '1.0', 2: '0.0', 3: '1.0', 4: 1.1295740038106272} 
{0: '0.0', 1: '1.0', 2: '0.0', 3: '1.0', 4: 0.5744817759445385} 
{0: '0.0', 1: '1.0', 2: '0.0', 3: '1.0', 4: 0.6767895196661607} 
{0: '0.0', 1: '1.0', 2: '0.0', 3: '1.0', 4: 1.0034189354115597} 
{0: '0.0', 1: '1.0', 2: '0.0', 3: '1.0', 4: 0.4904645046085289} 
{0: '0.0', 1: '1.0', 2: '0.0', 3: '1.0', 4: 0.013846156479858126} 
{0: '0.0', 1: '1.0', 2: '0.0', 3: '1.0', 4: 0.0007148483594508243} 
{0: '0.0', 1: '1.0', 2: '0.0', 3: '1.0', 4: 0.36843158761793293} 
{0: '0.0', 1: '1.0', 2: '0.0', 3: '1.0', 4: 0.18944683723570793} 
{0: '0.0', 1: '1.0', 2: '0.0', 3: '1.0', 4: 0.3684268695396061} 
{0: '0.0', 1: '1.0', 2: '0.0', 3: '1.0', 4: 0.0007789889350523794} 
{0: '0.0', 1: '1.0', 2: '0.0', 3: '1.0', 4: 0.28895516178743563} 
{0: '0.0', 1: '1.0', 2: '0.0', 3: '1.0', 4: 0.4237960661668905} 
{0: '0.0', 1: '1.0', 2: '0.0', 3: '1.0', 4: 0.0044546766991922365} 
{0: '0.0', 1: '1.0', 2: '0.0', 3: '1.0', 4: 3.804092770832815} 
{0: '0.0', 1: '1.0', 2: '0.0', 3: '1.0', 4: 0.2693188292965314} 
{0: '0.0', 1: '1.0', 2: '0.0', 3: '1.0', 4: 0.2565862528095589} 
{0: '0.0', 1: '1.0', 2: '0.0', 3: '1.0', 4: 0.016445996132248012} 
{0: '0.0', 1: '1.0', 2: '0.0', 3: '1.0', 4: 0.4573777603129713} 
{0: '0.0', 1: '1.0', 2: '0.0', 3: '1.0', 4: 0.3203803498189565} 
{0: '0.0', 1: '1.0', 2: '0.0', 3: '1.0', 4: 1.0379081758123951} 
{0: '0.0', 1: '1.0', 2: '0.0', 3: '1.0', 4: 0.0065214963357994055} 
{0: '0.0', 1: '1.0', 2: '0.0', 3: '1.0', 4: 0.7198908016222126} 
{0: '0.0', 1: '1.0', 2: '0.0', 3: '1.0', 4: 0.16366231562642336} 
{0: '0.0', 1: '1.0', 2: '0.0', 3: '1.0', 4: 0.07872596402092306} 
{0: '0.0', 1: '1.0', 2: '0.0', 3: '1.0', 4: 0.24701697051448798} 
{0: '0.0', 1: '1.0', 2: '0.0', 3: '1.0', 4: 0.0894389718613558} 
{0: '0.0', 1: '1.0', 2: '0.0', 3: '1.0', 4: 0.33750231579824475} 
{0: '0.0', 1: '1.0', 2: '0.0', 3: '1.0', 4: 0.0798753010996496} 
{0: '0.0', 1: '1.0', 2: '0.0', 3: '1.0', 4: 0.03317388296379477} 
{0: '0.0', 1: '1.0', 2: '0.0', 3: '1.0', 4: 0.12066574512219592} 
{0: '0.0', 1: '1.0', 2: '0.0', 3: '1.0', 4: 0.3241668487722201} 
{0: '0.0', 1: '1.0', 2: '0.0', 3: '1.0', 4: 2.8534364479423417} 
{0: '0.0', 1: '1.0', 2: '0.0', 3: '1.0', 4: 0.44723966535353826} 
{0: '0.0', 1: '1.0', 2: '0.0', 3: '1.0', 4: 0.8419849319493807} 
{0: '0.0', 1: '1.0', 2: '0.0', 3: '1.0', 4: 1.0805489493925633} 
{0: '0.0', 1: '1.0', 2: '0.0', 3: '1.0', 4: 2.4103481927040744} 
{0: '0.0', 1: '1.0', 2: '0.0', 3: '1.0', 4: 0.11537674448279887} 
{0: '0.0', 1: '1.0', 2: '0.0', 3: '1.0', 4: 0.15321607212097477} 
{0: '0.0', 1: '1.0', 2: '0.0', 3: '1.0', 4: 0.0005597279290393037} 
{0: '0.0', 1: '1.0', 2: '0.0', 3: '1.0', 4: 0.07355316358920423} 
{0: '0.0', 1: '1.0', 2: '0.0', 3: '1.0', 4: 0.04163218532927656} 
{0: '0.0', 1: '1.0', 2: '0.0', 3: '1.0', 4: 0.01754908241765429} 
{0: '0.0', 1: '1.0', 2: '0.0', 3: '1.0', 4: 0.03505027855969627} 
{0: '0.0', 1: '1.0', 2: '0.0', 3: '1.0', 4: 1.040069450908465} 
{0: '0.0', 1: '1.0', 2: '0.0', 3: '1.0', 4: 0.0013978732530692851} 
{0: '0.0', 1: '1.0', 2: '0.0', 3: '1.0', 4: 0.07848474721828719} 
{0: '0.0', 1: '1.0', 2: '0.0', 3: '1.0', 4: 0.4508306900906372} 
{0: '0.0', 1: '1.0', 2: '0.0', 3: '1.0', 4: 0.06248818233998493} 
{0: '0.0', 1: '1.0', 2: '0.0', 3: '1.0', 4: 0.25001466383283916} 
{0: '0.0', 1: '1.0', 2: '0.0', 3: '1.0', 4: 0.01229596800849863} 
{0: '0.0', 1: '1.0', 2: '0.0', 3: '1.0', 4: 0.914166810100684} 
{0: '0.0', 1: '1.0', 2: '0.0', 3: '1.0', 4: 0.1177405204909951} 
{0: '0.0', 1: '1.0', 2: '0.0', 3: '1.0', 4: 0.1951235635156895} 
{0: '0.0', 1: '1.0', 2: '0.0', 3: '1.0', 4: 6.779378053448907e-05} 
{0: '0.0', 1: '1.0', 2: '0.0', 3: '1.0', 4: 0.14246667495868487} 
{0: '0.0', 1: '1.0', 2: '0.0', 3: '1.0', 4: 1.0131345174173405} 
{0: '0.0', 1: '1.0', 2: '0.0', 3: '1.0', 4: 2.0173512932827348e-05} 
{0: '0.0', 1: '1.0', 2: '0.0', 3: '1.0', 4: 1.9919072671815976} 
{0: '0.0', 1: '1.0', 2: '0.0', 3: '1.0', 4: 0.10317055371716827} 
{0: '0.0', 1: '1.0', 2: '0.0', 3: '1.0', 4: 0.2560476783256688} 
{0: '0.0', 1: '1.0', 2: '0.0', 3: '1.0', 4: 0.17436125808492903} 
{0: '0.0', 1: '1.0', 2: '0.0', 3: '1.0', 4: 0.6461989767192621} 
{0: '0.0', 1: '1.0', 2: '0.0', 3: '1.0', 4: 0.6639361925525585} 
{0: '0.0', 1: '1.0', 2: '0.0', 3: '1.0', 4: 1.159035990567906} 
{0: '0.0', 1: '1.0', 2: '0.0', 3: '1.0', 4: 0.8596949921588168} 
{0: '0.0', 1: '1.0', 2: '0.0', 3: '1.0', 4: 0.9806154627731852} 
{0: '0.0', 1: '1.0', 2: '0.0', 3: '1.0', 4: 0.06466789555274635} 
{0: '0.0', 1: '1.0', 2: '0.0', 3: '1.0', 4: 0.38811368308934535} 
{0: '0.0', 1: '1.0', 2: '0.0', 3: '1.0', 4: 0.048070518436676764} 
{0: '0.0', 1: '1.0', 2: '0.0', 3: '1.0', 4: 0.2536691212654065} 
{0: '0.0', 1: '1.0', 2: '0.0', 3: '1.0', 4: 0.014046810260691489} 
{0: '0.0', 1: '1.0', 2: '0.0', 3: '1.0', 4: 0.04126568424625182} 
{0: '0.0', 1: '1.0', 2: '0.0', 3: '1.0', 4: 0.4357204910129305} 
{0: '0.0', 1: '1.0', 2: '0.0', 3: '1.0', 4: 0.43640701227455353} 
{0: '0.0', 1: '1.0', 2: '0.0', 3: '1.0', 4: 0.11282942379891994} 
{0: '0.0', 1: '1.0', 2: '0.0', 3: '1.0', 4: 0.08495126518581769} 
{0: '0.0', 1: '1.0', 2: '0.0', 3: '1.0', 4: 0.004137205030565872} 
{0: '0.0', 1: '1.0', 2: '0.0', 3: '1.0', 4: 0.34306319261959256} 
{0: '0.0', 1: '1.0', 2: '0.0', 3: '1.0', 4: 2.2634048188328455} 
{0: '0.0', 1: '1.0', 2: '0.0', 3: '1.0', 4: 3.564170339679487} 
{0: '0.0', 1: '1.0', 2: '0.0', 3: '1.0', 4: 0.4037873278051785} 
{0: '0.0', 1: '1.0', 2: '0.0', 3: '1.0', 4: 1.4908919965899698} 
{0: '0.0', 1: '1.0', 2: '0.0', 3: '1.0', 4: 0.0011767563622412614} 
{0: '0.0', 1: '1.0', 2: '0.0', 3: '1.0', 4: 0.0022283234052548123} 
{0: '0.0', 1: '1.0', 2: '0.0', 3: '1.0', 4: 1.10290238541012} 
{0: '0.0', 1: '1.0', 2: '0.0', 3: '1.0', 4: 0.08512490937027686} 
{0: '0.0', 1: '1.0', 2: '0.0', 3: '1.0', 4: 0.17521183339951513} 
{0: '0.0', 1: '1.0', 2: '0.0', 3: '1.0', 4: 0.9471122892198993} 
{0: '0.0', 1: '1.0', 2: '0.0', 3: '1.0', 4: 0.03724185527182799} 
{0: '0.0', 1: '1.0', 2: '0.0', 3: '1.0', 4: 0.8260516993883392} 
{0: '0.0', 1: '1.0', 2: '0.0', 3: '1.0', 4: 0.05284885193414315} 
{0: '0.0', 1: '1.0', 2: '0.0', 3: '1.0', 4: 1.2383333210323892} 
{0: '0.0', 1: '1.0', 2: '0.0', 3: '1.0', 4: 1.4070084087423962} 
{0: '0.0', 1: '1.0', 2: '0.0', 3: '1.0', 4: 0.32229625829230607} 
{0: '0.0', 1: '1.0', 2: '0.0', 3: '1.0', 4: 0.02474908941975593} 
{0: '0.0', 1: '1.0', 2: '0.0', 3: '1.0', 4: 0.4270420447309067} 
{0: '0.0', 1: '1.0', 2: '0.0', 3: '1.0', 4: 0.08663691568579247} 
{0: '0.0', 1: '1.0', 2: '0.0', 3: '1.0', 4: 0.5595332152196247} 
{0: '0.0', 1: '1.0', 2: '0.0', 3: '1.0', 4: 0.16461662469048077} 
{0: '0.0', 1: '1.0', 2: '0.0', 3: '1.0', 4: 0.1877329458363756} 
{0: '0.0', 1: '1.0', 2: '0.0', 3: '1.0', 4: 0.20141613250271356} 
{0: '0.0', 1: '1.0', 2: '0.0', 3: '1.0', 4: 0.5730869862837746} 
{0: '0.0', 1: '1.0', 2: '0.0', 3: '1.0', 4: 0.6551416686981915} 
{0: '0.0', 1: '1.0', 2: '0.0', 3: '1.0', 4: 3.2019413250804427} 
{0: '0.0', 1: '1.0', 2: '0.0', 3: '1.0', 4: 0.27819185271246544} 
{0: '0.0', 1: '1.0', 2: '0.0', 3: '1.0', 4: 0.0835411414596462} 
{0: '0.0', 1: '1.0', 2: '0.0', 3: '1.0', 4: 1.5697741822827522} 
{0: '0.0', 1: '1.0', 2: '0.0', 3: '1.0', 4: 1.8785451754243288} 
{0: '0.0', 1: '1.0', 2: '0.0', 3: '1.0', 4: 0.03394269708022677} 
{0: '0.0', 1: '1.0', 2: '0.0', 3: '1.0', 4: 0.09650706290097144} 
{0: '0.0', 1: '1.0', 2: '0.0', 3: '1.0', 4: 0.030404633235691876} 
{0: '0.0', 1: '1.0', 2: '0.0', 3: '1.0', 4: 0.04880692359010566} 
{0: '0.0', 1: '1.0', 2: '0.0', 3: '1.0', 4: 0.1742692249804153} 
{0: '0.0', 1: '1.0', 2: '0.0', 3: '1.0', 4: 0.1894690838843533} 
{0: '0.0', 1: '1.0', 2: '0.0', 3: '1.0', 4: 2.73435069332833} 
{0: '0.0', 1: '1.0', 2: '0.0', 3: '1.0', 4: 2.424131719760024} 
{0: '0.0', 1: '1.0', 2: '0.0', 3: '1.0', 4: 0.3111740354420073} 
{0: '0.0', 1: '1.0', 2: '0.0', 3: '1.0', 4: 1.6414040064636284} 
{0: '0.0', 1: '1.0', 2: '0.0', 3: '1.0', 4: 0.008503156521242188} 
{0: '0.0', 1: '1.0', 2: '0.0', 3: '1.0', 4: 0.1766478025949556} 
{0: '0.0', 1: '1.0', 2: '0.0', 3: '1.0', 4: 1.1499580184837195} 
{0: '0.0', 1: '1.0', 2: '0.0', 3: '1.0', 4: 0.06220180814550619} 
{0: '0.0', 1: '1.0', 2: '0.0', 3: '1.0', 4: 0.0013901550239789648} 
{0: '0.0', 1: '1.0', 2: '0.0', 3: '1.0', 4: 0.810921493051658} 
{0: '0.0', 1: '1.0', 2: '0.0', 3: '1.0', 4: 0.2727881731184053} 
{0: '0.0', 1: '1.0', 2: '0.0', 3: '1.0', 4: 0.17734626122628439} 
{0: '0.0', 1: '1.0', 2: '0.0', 3: '1.0', 4: 0.033532957657729186} 
{0: '0.0', 1: '1.0', 2: '0.0', 3: '1.0', 4: 0.08923292994838582} 
{0: '0.0', 1: '1.0', 2: '0.0', 3: '1.0', 4: 0.9556982685735941} 
{0: '0.0', 1: '1.0', 2: '0.0', 3: '1.0', 4: 0.004111258599868045} 
{0: '0.0', 1: '1.0', 2: '0.0', 3: '1.0', 4: 0.011781975567959338} 
{0: '0.0', 1: '1.0', 2: '0.0', 3: '1.0', 4: 1.6057382453958315} 
{0: '0.0', 1: '1.0', 2: '0.0', 3: '1.0', 4: 0.21774219589416297} 
{0: '0.0', 1: '1.0', 2: '0.0', 3: '1.0', 4: 0.02184151592455604} 
{0: '0.0', 1: '1.0', 2: '0.0', 3: '1.0', 4: 0.27098303770092913} 
{0: '0.0', 1: '1.0', 2: '0.0', 3: '1.0', 4: 0.2685298357785107} 
{0: '0.0', 1: '1.0', 2: '0.0', 3: '1.0', 4: 0.044301850117019544} 
{0: '0.0', 1: '1.0', 2: '0.0', 3: '1.0', 4: 0.1823337708231357} 
{0: '0.0', 1: '1.0', 2: '0.0', 3: '1.0', 4: 0.021400461499756003} 
{0: '0.0', 1: '1.0', 2: '0.0', 3: '1.0', 4: 0.04267954651151137} 
{0: '0.0', 1: '1.0', 2: '0.0', 3: '1.0', 4: 1.959343744777388e-05} 
{0: '0.0', 1: '1.0', 2: '0.0', 3: '1.0', 4: 0.016074936604595445} 
{0: '0.0', 1: '1.0', 2: '0.0', 3: '1.0', 4: 5.242648789553701} 
{0: '0.0', 1: '1.0', 2: '0.0', 3: '1.0', 4: 3.349567796124682} 
{0: '0.0', 1: '1.0', 2: '0.0', 3: '1.0', 4: 1.7474014495422898} 
{0: '0.0', 1: '1.0', 2: '0.0', 3: '1.0', 4: 0.00023332293976078262} 
{0: '0.0', 1: '1.0', 2: '0.0', 3: '1.0', 4: 0.025616810886301078} 
{0: '0.0', 1: '1.0', 2: '0.0', 3: '1.0', 4: 0.09394523339627511} 
{0: '0.0', 1: '1.0', 2: '0.0', 3: '1.0', 4: 0.24489471060781418} 
{0: '0.0', 1: '1.0', 2: '0.0', 3: '1.0', 4: 1.7483503260905056} 
{0: '0.0', 1: '1.0', 2: '0.0', 3: '1.0', 4: 0.0011396033676958058} 
{0: '0.0', 1: '1.0', 2: '0.0', 3: '1.0', 4: 2.0877901618557293} 
{0: '0.0', 1: '1.0', 2: '0.0', 3: '1.0', 4: 0.08674001007603128} 
{0: '0.0', 1: '1.0', 2: '0.0', 3: '1.0', 4: 0.08380709712519599} 
{0: '0.0', 1: '1.0', 2: '0.0', 3: '1.0', 4: 0.07725212598456928} 
{0: '0.0', 1: '1.0', 2: '0.0', 3: '1.0', 4: 0.4897329666051968} 
{0: '0.0', 1: '1.0', 2: '0.0', 3: '1.0', 4: 0.2560935627676819} 
{0: '0.0', 1: '1.0', 2: '0.0', 3: '1.0', 4: 0.001241457191444341} 
{0: '0.0', 1: '1.0', 2: '0.0', 3: '1.0', 4: 0.07695386460143941} 
{0: '0.0', 1: '1.0', 2: '0.0', 3: '1.0', 4: 0.10763918104133614} 
{0: '0.0', 1: '1.0', 2: '0.0', 3: '1.0', 4: 0.7341008373376023} 
{0: '0.0', 1: '1.0', 2: '0.0', 3: '1.0', 4: 0.4857029470021792} 
{0: '0.0', 1: '1.0', 2: '0.0', 3: '1.0', 4: 0.9671446541319964} 
{0: '0.0', 1: '1.0', 2: '0.0', 3: '1.0', 4: 0.08317322954825279} 
{0: '0.0', 1: '1.0', 2: '0.0', 3: '1.0', 4: 0.1309290325505216} 
{0: '0.0', 1: '1.0', 2: '0.0', 3: '1.0', 4: 0.004693815449627103} 
{0: '0.0', 1: '1.0', 2: '0.0', 3: '1.0', 4: 1.0382781887981654} 
{0: '0.0', 1: '1.0', 2: '0.0', 3: '1.0', 4: 1.818977349175481} 
{0: '0.0', 1: '1.0', 2: '0.0', 3: '1.0', 4: 0.34224718629919476} 
{0: '0.0', 1: '1.0', 2: '0.0', 3: '1.0', 4: 0.17503540697586722} 
{0: '0.0', 1: '1.0', 2: '0.0', 3: '1.0', 4: 0.004588238761709365} 
{0: '0.0', 1: '1.0', 2: '0.0', 3: '1.0', 4: 0.00328434750798063} 
{0: '0.0', 1: '1.0', 2: '0.0', 3: '1.0', 4: 9.64437575748797e-05} 
{0: '0.0', 1: '1.0', 2: '0.0', 3: '1.0', 4: 0.06390916140971549} 
{0: '0.0', 1: '1.0', 2: '0.0', 3: '1.0', 4: 1.5579685092474922} 
{0: '0.0', 1: '1.0', 2: '0.0', 3: '1.0', 4: 0.0035318371697568053} 
{0: '0.0', 1: '1.0', 2: '0.0', 3: '1.0', 4: 0.15010431461945226} 
{0: '0.0', 1: '1.0', 2: '0.0', 3: '1.0', 4: 0.6780667112533336} 
{0: '0.0', 1: '1.0', 2: '0.0', 3: '1.0', 4: 0.0007004459826695308} 
{0: '0.0', 1: '1.0', 2: '0.0', 3: '1.0', 4: 2.6886217882135357} 
{0: '0.0', 1: '1.0', 2: '0.0', 3: '1.0', 4: 0.20178565006153648} 
{0: '0.0', 1: '1.0', 2: '0.0', 3: '1.0', 4: 2.0818174034322516} 
{0: '0.0', 1: '1.0', 2: '0.0', 3: '1.0', 4: 1.2423655316414561} 
{0: '0.0', 1: '1.0', 2: '0.0', 3: '1.0', 4: 0.23733812960877668} 
{0: '0.0', 1: '1.0', 2: '0.0', 3: '1.0', 4: 1.6036441444194065} 
{0: '0.0', 1: '1.0', 2: '0.0', 3: '1.0', 4: 0.30864396754118273} 
{0: '0.0', 1: '1.0', 2: '0.0', 3: '1.0', 4: 0.32986832929838195} 
{0: '0.0', 1: '1.0', 2: '0.0', 3: '1.0', 4: 0.0009599174120324935} 
{0: '0.0', 1: '1.0', 2: '0.0', 3: '1.0', 4: 0.03930225023789837} 
{0: '0.0', 1: '1.0', 2: '0.0', 3: '1.0', 4: 0.8322411555554292} 
{0: '0.0', 1: '1.0', 2: '0.0', 3: '1.0', 4: 0.03906949704339672} 
{0: '0.0', 1: '1.0', 2: '0.0', 3: '1.0', 4: 0.7649544743056313} 
{0: '0.0', 1: '1.0', 2: '0.0', 3: '1.0', 4: 1.3812152805869264} 
{0: '0.0', 1: '1.0', 2: '0.0', 3: '1.0', 4: 0.180988294574188} 
{0: '0.0', 1: '1.0', 2: '0.0', 3: '1.0', 4: 0.005590903434009963} 
{0: '0.0', 1: '1.0', 2: '0.0', 3: '1.0', 4: 0.009737681360237201} 
{0: '0.0', 1: '1.0', 2: '0.0', 3: '1.0', 4: 0.21386617689511836} 
{0: '0.0', 1: '1.0', 2: '0.0', 3: '1.0', 4: 0.10938864900101777} 
{0: '0.0', 1: '1.0', 2: '0.0', 3: '1.0', 4: 0.25866248948713527} 
{0: '0.0', 1: '1.0', 2: '0.0', 3: '1.0', 4: 2.8825572699787214} 
{0: '0.0', 1: '1.0', 2: '0.0', 3: '1.0', 4: 0.05714267308206195} 
{0: '0.0', 1: '1.0', 2: '0.0', 3: '1.0', 4: 0.9610492616969156} 
{0: '0.0', 1: '1.0', 2: '0.0', 3: '1.0', 4: 0.37642279462330525} 
{0: '0.0', 1: '1.0', 2: '0.0', 3: '1.0', 4: 1.5699579230729863} 
{0: '0.0', 1: '1.0', 2: '0.0', 3: '1.0', 4: 0.10780521282547187} 
{0: '0.0', 1: '1.0', 2: '0.0', 3: '1.0', 4: 0.6211348673262446} 
{0: '0.0', 1: '1.0', 2: '0.0', 3: '1.0', 4: 0.1794042660181456} 
{0: '0.0', 1: '1.0', 2: '0.0', 3: '1.0', 4: 0.35722449433407394} 
{0: '0.0', 1: '1.0', 2: '0.0', 3: '1.0', 4: 2.1102124342158777} 
{0: '0.0', 1: '1.0', 2: '0.0', 3: '1.0', 4: 1.864873652271678} 
{0: '0.0', 1: '1.0', 2: '0.0', 3: '1.0', 4: 3.8289921060857814} 
{0: '0.0', 1: '1.0', 2: '0.0', 3: '1.0', 4: 2.465543339335268} 
{0: '0.0', 1: '1.0', 2: '0.0', 3: '1.0', 4: 0.003960153200998205} 
{0: '0.0', 1: '1.0', 2: '0.0', 3: '1.0', 4: 0.005747291252726344} 
{0: '0.0', 1: '1.0', 2: '0.0', 3: '1.0', 4: 0.10580581054546062} 
{0: '0.0', 1: '1.0', 2: '0.0', 3: '1.0', 4: 0.6575846607346266} 
{0: '0.0', 1: '1.0', 2: '0.0', 3: '1.0', 4: 0.042309931828130684} 
{0: '0.0', 1: '1.0', 2: '0.0', 3: '1.0', 4: 0.3673218404447916} 
{0: '0.0', 1: '1.0', 2: '0.0', 3: '1.0', 4: 0.14284522711056558} 
{0: '0.0', 1: '1.0', 2: '0.0', 3: '1.0', 4: 0.9871657526425843} 
{0: '0.0', 1: '1.0', 2: '0.0', 3: '1.0', 4: 0.07318920413131134} 
{0: '0.0', 1: '1.0', 2: '0.0', 3: '1.0', 4: 0.8382560836386233} 
{0: '0.0', 1: '1.0', 2: '0.0', 3: '1.0', 4: 1.285229597947164} 
{0: '0.0', 1: '1.0', 2: '0.0', 3: '1.0', 4: 0.1289694022886218} 
{0: '0.0', 1: '1.0', 2: '0.0', 3: '1.0', 4: 0.2343383085912706} 
{0: '0.0', 1: '1.0', 2: '0.0', 3: '1.0', 4: 0.3888570389116507} 
{0: '0.0', 1: '1.0', 2: '0.0', 3: '1.0', 4: 0.009563866250938264} 
{0: '0.0', 1: '1.0', 2: '0.0', 3: '1.0', 4: 2.340746403204608} 
{0: '0.0', 1: '1.0', 2: '0.0', 3: '1.0', 4: 0.08269102287399803} 
{0: '0.0', 1: '1.0', 2: '0.0', 3: '1.0', 4: 0.7357730191009333} 
{0: '0.0', 1: '1.0', 2: '0.0', 3: '1.0', 4: 0.006585280642950329} 
{0: '0.0', 1: '1.0', 2: '0.0', 3: '1.0', 4: 0.03600737668828284} 
{0: '0.0', 1: '1.0', 2: '0.0', 3: '1.0', 4: 0.10926055748709729} 
{0: '0.0', 1: '1.0', 2: '0.0', 3: '1.0', 4: 0.01266576589935489} 
{0: '0.0', 1: '1.0', 2: '0.0', 3: '1.0', 4: 0.2536169528138148} 
{0: '0.0', 1: '1.0', 2: '0.0', 3: '1.0', 4: 0.008004499971778224} 
{0: '0.0', 1: '1.0', 2: '0.0', 3: '1.0', 4: 4.133239866821761e-05} 
{0: '0.0', 1: '1.0', 2: '0.0', 3: '1.0', 4: 0.1802035341896496} 
{0: '0.0', 1: '1.0', 2: '0.0', 3: '1.0', 4: 1.0693110104654262} 
{0: '0.0', 1: '1.0', 2: '0.0', 3: '1.0', 4: 0.020283339303840613} 
{0: '0.0', 1: '1.0', 2: '0.0', 3: '1.0', 4: 0.03125569905763335} 
{0: '0.0', 1: '1.0', 2: '0.0', 3: '1.0', 4: 0.019834719344889645} 
{0: '0.0', 1: '1.0', 2: '0.0', 3: '1.0', 4: 0.5095673942184937} 
{0: '0.0', 1: '1.0', 2: '0.0', 3: '1.0', 4: 0.009394645036755217} 
{0: '0.0', 1: '1.0', 2: '0.0', 3: '1.0', 4: 0.16506727670827778} 
{0: '0.0', 1: '1.0', 2: '0.0', 3: '1.0', 4: 0.3911411705538572} 
{0: '0.0', 1: '1.0', 2: '0.0', 3: '1.0', 4: 0.5171620585612681} 
{0: '0.0', 1: '1.0', 2: '0.0', 3: '1.0', 4: 0.039584598778585146} 
{0: '0.0', 1: '1.0', 2: '0.0', 3: '1.0', 4: 0.10925201682120196} 
{0: '0.0', 1: '1.0', 2: '0.0', 3: '1.0', 4: 0.9093021375602706} 
{0: '0.0', 1: '1.0', 2: '0.0', 3: '1.0', 4: 0.2538946619000298} 
{0: '0.0', 1: '1.0', 2: '0.0', 3: '1.0', 4: 2.439786194283282} 
{0: '0.0', 1: '1.0', 2: '0.0', 3: '1.0', 4: 0.0394943368522771} 
{0: '0.0', 1: '1.0', 2: '0.0', 3: '1.0', 4: 0.025665823538326655} 
{0: '0.0', 1: '1.0', 2: '0.0', 3: '1.0', 4: 0.01893414389553613} 
{0: '0.0', 1: '1.0', 2: '0.0', 3: '1.0', 4: 0.0027015118003674253} 
{0: '0.0', 1: '1.0', 2: '0.0', 3: '1.0', 4: 0.03692278843035937} 
{0: '0.0', 1: '1.0', 2: '0.0', 3: '1.0', 4: 0.06612378053539024} 
{0: '0.0', 1: '1.0', 2: '0.0', 3: '1.0', 4: 0.37107539121896754} 
{0: '0.0', 1: '1.0', 2: '0.0', 3: '1.0', 4: 0.0619365781048503} 
{0: '0.0', 1: '1.0', 2: '0.0', 3: '1.0', 4: 0.03030106778365275} 
{0: '0.0', 1: '1.0', 2: '0.0', 3: '1.0', 4: 0.0001800513838547213} 
{0: '0.0', 1: '1.0', 2: '0.0', 3: '1.0', 4: 2.46855425654473} 
{0: '0.0', 1: '1.0', 2: '0.0', 3: '1.0', 4: 0.22164609735724847} 
{0: '0.0', 1: '1.0', 2: '0.0', 3: '1.0', 4: 0.3692345529552543} 
{0: '0.0', 1: '1.0', 2: '0.0', 3: '1.0', 4: 0.2991256703879902} 
{0: '0.0', 1: '1.0', 2: '0.0', 3: '1.0', 4: 0.19140137675586297} 
{0: '0.0', 1: '1.0', 2: '0.0', 3: '1.0', 4: 0.3814688344906863} 
{0: '0.0', 1: '1.0', 2: '0.0', 3: '1.0', 4: 0.500105656847897} 
{0: '0.0', 1: '1.0', 2: '0.0', 3: '1.0', 4: 0.01750901011801156} 
{0: '0.0', 1: '1.0', 2: '0.0', 3: '1.0', 4: 0.36290026086611354} 
{0: '0.0', 1: '1.0', 2: '0.0', 3: '1.0', 4: 0.08639622526226988} 
{0: '0.0', 1: '1.0', 2: '0.0', 3: '1.0', 4: 0.3049693201384773} 
{0: '0.0', 1: '1.0', 2: '0.0', 3: '1.0', 4: 0.9255581223082919} 
{0: '0.0', 1: '1.0', 2: '0.0', 3: '1.0', 4: 0.0002268033540722187} 
{0: '0.0', 1: '1.0', 2: '0.0', 3: '1.0', 4: 1.4093320139142242} 
{0: '0.0', 1: '1.0', 2: '0.0', 3: '1.0', 4: 0.0008937000114819935} 
{0: '0.0', 1: '1.0', 2: '0.0', 3: '1.0', 4: 0.22348390269605323} 
{0: '0.0', 1: '1.0', 2: '0.0', 3: '1.0', 4: 0.09871825739204491} 
{0: '0.0', 1: '1.0', 2: '0.0', 3: '1.0', 4: 0.007146713646382843} 
{0: '0.0', 1: '1.0', 2: '0.0', 3: '1.0', 4: 0.18096118016607268} 
{0: '0.0', 1: '1.0', 2: '0.0', 3: '1.0', 4: 0.01623347194848605} 
{0: '0.0', 1: '1.0', 2: '0.0', 3: '1.0', 4: 0.21893519080348298} 
{0: '0.0', 1: '1.0', 2: '0.0', 3: '1.0', 4: 1.2110346517404826} 
{0: '0.0', 1: '1.0', 2: '0.0', 3: '1.0', 4: 0.02320240285886344} 
{0: '0.0', 1: '1.0', 2: '0.0', 3: '1.0', 4: 0.048289382209312885} 
{0: '0.0', 1: '1.0', 2: '0.0', 3: '1.0', 4: 0.0031613870604137433} 
{0: '0.0', 1: '1.0', 2: '0.0', 3: '1.0', 4: 0.030955711304445015} 
{0: '0.0', 1: '1.0', 2: '0.0', 3: '1.0', 4: 0.13884995898670788} 
{0: '0.0', 1: '1.0', 2: '0.0', 3: '1.0', 4: 0.26247617104637816} 
{0: '0.0', 1: '1.0', 2: '0.0', 3: '1.0', 4: 0.3955079775268971} 
{0: '0.0', 1: '1.0', 2: '0.0', 3: '1.0', 4: 0.4150562943482037} 
{0: '0.0', 1: '1.0', 2: '0.0', 3: '1.0', 4: 0.21232110462474613} 
{0: '0.0', 1: '1.0', 2: '0.0', 3: '1.0', 4: 1.3657351395016786} 
{0: '0.0', 1: '1.0', 2: '0.0', 3: '1.0', 4: 2.9608050493615097} 
{0: '0.0', 1: '1.0', 2: '0.0', 3: '1.0', 4: 0.05095384597289605} 
{0: '0.0', 1: '1.0', 2: '0.0', 3: '1.0', 4: 0.29807533607444014} 
{0: '0.0', 1: '1.0', 2: '0.0', 3: '1.0', 4: 0.24201299562106443} 
{0: '0.0', 1: '1.0', 2: '0.0', 3: '1.0', 4: 0.3956415150083286} 
{0: '0.0', 1: '1.0', 2: '0.0', 3: '1.0', 4: 0.5365110654852563} 
{0: '0.0', 1: '1.0', 2: '0.0', 3: '1.0', 4: 0.22114510124148556} 
{0: '0.0', 1: '1.0', 2: '0.0', 3: '1.0', 4: 0.08185445153418568} 
{0: '0.0', 1: '1.0', 2: '0.0', 3: '1.0', 4: 0.06418176192096572} 
{0: '0.0', 1: '1.0', 2: '0.0', 3: '1.0', 4: 0.9499149175100783} 
{0: '0.0', 1: '1.0', 2: '0.0', 3: '1.0', 4: 0.01600385834784348} 
{0: '0.0', 1: '1.0', 2: '0.0', 3: '1.0', 4: 0.3549173092886179} 
{0: '0.0', 1: '1.0', 2: '0.0', 3: '1.0', 4: 0.5119200290374829} 
{0: '0.0', 1: '1.0', 2: '0.0', 3: '1.0', 4: 0.21888568653286763} 
{0: '0.0', 1: '1.0', 2: '0.0', 3: '1.0', 4: 0.022685171065969695} 
{0: '0.0', 1: '1.0', 2: '0.0', 3: '1.0', 4: 0.06491003731912504} 
{0: '0.0', 1: '1.0', 2: '0.0', 3: '1.0', 4: 0.17142080165948503} 
{0: '0.0', 1: '1.0', 2: '0.0', 3: '1.0', 4: 0.12688708929773057} 
{0: '0.0', 1: '1.0', 2: '0.0', 3: '1.0', 4: 0.42233616002724744} 
{0: '0.0', 1: '1.0', 2: '0.0', 3: '1.0', 4: 0.358654316895643} 
{0: '0.0', 1: '1.0', 2: '0.0', 3: '1.0', 4: 0.307270468793934} 
{0: '0.0', 1: '1.0', 2: '0.0', 3: '1.0', 4: 0.00793087576722861} 
{0: '0.0', 1: '1.0', 2: '0.0', 3: '1.0', 4: 0.6663150176775382} 
{0: '0.0', 1: '1.0', 2: '0.0', 3: '1.0', 4: 0.3943623698760188} 
{0: '0.0', 1: '1.0', 2: '0.0', 3: '1.0', 4: 0.00028414214993690505} 
{0: '0.0', 1: '1.0', 2: '0.0', 3: '1.0', 4: 0.004834796426313452} 
{0: '0.0', 1: '1.0', 2: '0.0', 3: '1.0', 4: 0.020862545231928615} 
{0: '0.0', 1: '1.0', 2: '0.0', 3: '1.0', 4: 0.050511864604216576} 
{0: '0.0', 1: '1.0', 2: '0.0', 3: '1.0', 4: 0.3994094172321768} 
{0: '0.0', 1: '1.0', 2: '0.0', 3: '1.0', 4: 0.0002281743400117714} 
{0: '0.0', 1: '1.0', 2: '0.0', 3: '1.0', 4: 0.018226234432156957} 
{0: '0.0', 1: '1.0', 2: '0.0', 3: '1.0', 4: 0.024727700749621162} 
{0: '0.0', 1: '1.0', 2: '0.0', 3: '1.0', 4: 0.28673301392331607} 
{0: '0.0', 1: '1.0', 2: '0.0', 3: '1.0', 4: 0.2310789241164648} 
{0: '0.0', 1: '1.0', 2: '0.0', 3: '1.0', 4: 0.4082003021169083} 
{0: '0.0', 1: '1.0', 2: '0.0', 3: '1.0', 4: 0.43125124098025425} 
{0: '0.0', 1: '1.0', 2: '0.0', 3: '1.0', 4: 0.09805978596061192} 
{0: '0.0', 1: '1.0', 2: '0.0', 3: '1.0', 4: 0.5326440221904454} 
{0: '0.0', 1: '1.0', 2: '0.0', 3: '1.0', 4: 0.564076140437764} 
{0: '0.0', 1: '1.0', 2: '0.0', 3: '1.0', 4: 0.028567022734391885} 
{0: '0.0', 1: '1.0', 2: '0.0', 3: '1.0', 4: 0.7694047377849527} 
{0: '0.0', 1: '1.0', 2: '0.0', 3: '1.0', 4: 0.35214031413559466} 
{0: '0.0', 1: '1.0', 2: '0.0', 3: '1.0', 4: 8.055192656708656e-05} 
{0: '0.0', 1: '1.0', 2: '0.0', 3: '1.0', 4: 0.26911772933384215} 
{0: '0.0', 1: '1.0', 2: '0.0', 3: '1.0', 4: 0.09323880603765161} 
{0: '0.0', 1: '1.0', 2: '0.0', 3: '1.0', 4: 0.5426411697332553} 
{0: '0.0', 1: '1.0', 2: '0.0', 3: '1.0', 4: 0.020891903829043337} 
{0: '0.0', 1: '1.0', 2: '0.0', 3: '1.0', 4: 0.8241480873553801} 
{0: '0.0', 1: '1.0', 2: '0.0', 3: '1.0', 4: 3.501730472820283} 
{0: '0.0', 1: '1.0', 2: '0.0', 3: '1.0', 4: 0.14370934920058534} 
{0: '0.0', 1: '1.0', 2: '0.0', 3: '1.0', 4: 0.18779080941558898} 
{0: '0.0', 1: '1.0', 2: '0.0', 3: '1.0', 4: 2.352325612867976} 
{0: '0.0', 1: '1.0', 2: '0.0', 3: '1.0', 4: 0.2652244666221212} 
{0: '0.0', 1: '1.0', 2: '0.0', 3: '1.0', 4: 4.68652162219505} 
{0: '0.0', 1: '1.0', 2: '0.0', 3: '1.0', 4: 0.3820980189093347} 
{0: '0.0', 1: '1.0', 2: '0.0', 3: '1.0', 4: 0.0009142849314524989} 
{0: '0.0', 1: '1.0', 2: '0.0', 3: '1.0', 4: 0.04676766822545808} 
{0: '0.0', 1: '1.0', 2: '0.0', 3: '1.0', 4: 0.26570060434667264} 
{0: '0.0', 1: '1.0', 2: '0.0', 3: '1.0', 4: 0.006426663756572647} 
{0: '0.0', 1: '1.0', 2: '0.0', 3: '1.0', 4: 0.01564159293144384} 
{0: '0.0', 1: '1.0', 2: '0.0', 3: '1.0', 4: 0.06888722252341467} 
{0: '0.0', 1: '1.0', 2: '0.0', 3: '1.0', 4: 0.4014619654344475} 
{0: '0.0', 1: '1.0', 2: '0.0', 3: '1.0', 4: 0.009724777752619212} 
{0: '0.0', 1: '1.0', 2: '0.0', 3: '1.0', 4: 0.23076050068440437} 
{0: '0.0', 1: '1.0', 2: '0.0', 3: '1.0', 4: 0.4460972089852079} 
{0: '0.0', 1: '1.0', 2: '0.0', 3: '1.0', 4: 0.0033644338559123714} 
{0: '0.0', 1: '1.0', 2: '0.0', 3: '1.0', 4: 0.08191976268415779} 
{0: '0.0', 1: '1.0', 2: '0.0', 3: '1.0', 4: 1.6740096511482783} 
{0: '0.0', 1: '1.0', 2: '0.0', 3: '1.0', 4: 0.6689217221305505} 
{0: '0.0', 1: '1.0', 2: '0.0', 3: '1.0', 4: 0.14082120539174608} 
{0: '0.0', 1: '1.0', 2: '0.0', 3: '1.0', 4: 1.1938666746621034} 
{0: '0.0', 1: '1.0', 2: '0.0', 3: '1.0', 4: 0.648037028055487} 
{0: '0.0', 1: '1.0', 2: '0.0', 3: '1.0', 4: 0.055276932486780755} 
{0: '0.0', 1: '1.0', 2: '0.0', 3: '1.0', 4: 1.2006581062241208} 
{0: '0.0', 1: '1.0', 2: '0.0', 3: '1.0', 4: 2.377128172417425} 
{0: '0.0', 1: '1.0', 2: '0.0', 3: '1.0', 4: 0.39199920183481946} 
{0: '0.0', 1: '1.0', 2: '0.0', 3: '1.0', 4: 0.6352753314108739} 
{0: '0.0', 1: '1.0', 2: '0.0', 3: '1.0', 4: 1.6510796330179143} 
{0: '0.0', 1: '1.0', 2: '0.0', 3: '1.0', 4: 0.17548346818661795} 
{0: '0.0', 1: '1.0', 2: '0.0', 3: '1.0', 4: 0.27811335576344376} 
{0: '0.0', 1: '1.0', 2: '0.0', 3: '1.0', 4: 0.43502250335198234} 
{0: '0.0', 1: '1.0', 2: '0.0', 3: '1.0', 4: 0.9840675696982277} 
{0: '0.0', 1: '1.0', 2: '0.0', 3: '1.0', 4: 0.20854780791959812} 
{0: '0.0', 1: '1.0', 2: '0.0', 3: '1.0', 4: 0.003812112930961065} 
{0: '0.0', 1: '1.0', 2: '0.0', 3: '1.0', 4: 0.4190590410397471} 
{0: '0.0', 1: '1.0', 2: '0.0', 3: '1.0', 4: 2.229354675313142} 
{0: '0.0', 1: '1.0', 2: '0.0', 3: '1.0', 4: 1.6031099345961217} 
{0: '0.0', 1: '1.0', 2: '0.0', 3: '1.0', 4: 3.8957954328919986e-05} 
{0: '0.0', 1: '1.0', 2: '0.0', 3: '1.0', 4: 0.007623024797380012} 
{0: '0.0', 1: '1.0', 2: '0.0', 3: '1.0', 4: 0.22218098783049123} 
{0: '0.0', 1: '1.0', 2: '0.0', 3: '1.0', 4: 0.7304290045530782} 
{0: '0.0', 1: '1.0', 2: '0.0', 3: '1.0', 4: 1.5349569741603457} 
{0: '0.0', 1: '1.0', 2: '0.0', 3: '1.0', 4: 3.691412353451343} 
{0: '0.0', 1: '1.0', 2: '0.0', 3: '1.0', 4: 0.010560485227380999} 
{0: '0.0', 1: '1.0', 2: '0.0', 3: '1.0', 4: 0.16685684745293383} 
{0: '0.0', 1: '1.0', 2: '0.0', 3: '1.0', 4: 0.07338850027623604} 
{0: '0.0', 1: '1.0', 2: '0.0', 3: '1.0', 4: 0.06976346532930494} 
{0: '0.0', 1: '1.0', 2: '0.0', 3: '1.0', 4: 0.11426664209758969} 
{0: '0.0', 1: '1.0', 2: '0.0', 3: '1.0', 4: 0.03318427624463194} 
{0: '0.0', 1: '1.0', 2: '0.0', 3: '1.0', 4: 0.5038623532216154} 
{0: '0.0', 1: '1.0', 2: '0.0', 3: '1.0', 4: 0.2746473459210987} 
{0: '0.0', 1: '1.0', 2: '0.0', 3: '1.0', 4: 0.10590573013438968} 
{0: '0.0', 1: '1.0', 2: '0.0', 3: '1.0', 4: 0.011306049111007618} 
{0: '0.0', 1: '1.0', 2: '0.0', 3: '1.0', 4: 0.5649218831352874} 
{0: '0.0', 1: '1.0', 2: '0.0', 3: '1.0', 4: 0.10008925271075757} 
{0: '0.0', 1: '1.0', 2: '0.0', 3: '1.0', 4: 0.07543454694082148} 
{0: '0.0', 1: '1.0', 2: '0.0', 3: '1.0', 4: 0.12674678890137653} 
{0: '0.0', 1: '1.0', 2: '0.0', 3: '1.0', 4: 0.5014476121955111} 
{0: '0.0', 1: '1.0', 2: '0.0', 3: '1.0', 4: 0.6052631638396666} 
{0: '0.0', 1: '1.0', 2: '0.0', 3: '1.0', 4: 0.1447679429075304} 
{0: '0.0', 1: '1.0', 2: '0.0', 3: '1.0', 4: 0.004950461741586161} 
{0: '0.0', 1: '1.0', 2: '0.0', 3: '1.0', 4: 0.18653240092354667} 
{0: '0.0', 1: '1.0', 2: '0.0', 3: '1.0', 4: 0.7242072699304406} 
{0: '0.0', 1: '1.0', 2: '0.0', 3: '1.0', 4: 0.017739840138910733} 
{0: '0.0', 1: '1.0', 2: '0.0', 3: '1.0', 4: 1.552805723566419} 
{0: '0.0', 1: '1.0', 2: '0.0', 3: '1.0', 4: 3.2660273105619093} 
{0: '0.0', 1: '1.0', 2: '0.0', 3: '1.0', 4: 1.4477599185102146} 
{0: '0.0', 1: '1.0', 2: '0.0', 3: '1.0', 4: 2.1470683577522856} 
{0: '0.0', 1: '1.0', 2: '0.0', 3: '1.0', 4: 0.07803957690005191} 
{0: '0.0', 1: '1.0', 2: '0.0', 3: '1.0', 4: 0.3237632756602027} 
{0: '0.0', 1: '1.0', 2: '0.0', 3: '1.0', 4: 1.1486971451380266} 
{0: '0.0', 1: '1.0', 2: '0.0', 3: '1.0', 4: 0.012805725923167154} 
{0: '0.0', 1: '1.0', 2: '0.0', 3: '1.0', 4: 0.27710874824478027} 
{0: '0.0', 1: '1.0', 2: '0.0', 3: '1.0', 4: 0.0009365149084031554} 
{0: '0.0', 1: '1.0', 2: '0.0', 3: '1.0', 4: 0.034246102546863326} 
{0: '0.0', 1: '1.0', 2: '0.0', 3: '1.0', 4: 0.037656360034010884} 
{0: '0.0', 1: '1.0', 2: '0.0', 3: '1.0', 4: 1.8832148121010132e-05} 
{0: '0.0', 1: '1.0', 2: '0.0', 3: '1.0', 4: 1.969279076184259} 
{0: '0.0', 1: '1.0', 2: '0.0', 3: '1.0', 4: 1.571495480201412} 
{0: '0.0', 1: '1.0', 2: '0.0', 3: '1.0', 4: 0.037919444367439534} 
{0: '0.0', 1: '1.0', 2: '0.0', 3: '1.0', 4: 0.00035392029444338593} 
{0: '0.0', 1: '1.0', 2: '0.0', 3: '1.0', 4: 0.25891148017275734} 
{0: '0.0', 1: '1.0', 2: '0.0', 3: '1.0', 4: 0.26220197941275425} 
{0: '0.0', 1: '1.0', 2: '0.0', 3: '1.0', 4: 0.027330678025641635} 
{0: '0.0', 1: '1.0', 2: '0.0', 3: '1.0', 4: 0.9412943618915061} 
{0: '0.0', 1: '1.0', 2: '0.0', 3: '1.0', 4: 0.20276708413629066} 
{0: '0.0', 1: '1.0', 2: '0.0', 3: '1.0', 4: 1.5781342708329478} 
{0: '0.0', 1: '1.0', 2: '0.0', 3: '1.0', 4: 0.14850401765861193} 
{0: '0.0', 1: '1.0', 2: '0.0', 3: '1.0', 4: 0.3674902282870103} 
{0: '0.0', 1: '1.0', 2: '0.0', 3: '1.0', 4: 0.41048596907704066} 
{0: '0.0', 1: '1.0', 2: '0.0', 3: '1.0', 4: 0.17212900475797593} 
{0: '0.0', 1: '1.0', 2: '0.0', 3: '1.0', 4: 0.6802589269142347} 
{0: '0.0', 1: '1.0', 2: '0.0', 3: '1.0', 4: 2.357953980624159} 
{0: '0.0', 1: '1.0', 2: '0.0', 3: '1.0', 4: 0.5659190178085834} 
{0: '0.0', 1: '1.0', 2: '0.0', 3: '1.0', 4: 3.2008227747769} 
{0: '0.0', 1: '1.0', 2: '0.0', 3: '1.0', 4: 0.4012957360591173} 
{0: '0.0', 1: '1.0', 2: '0.0', 3: '1.0', 4: 0.10800823483125602} 
{0: '0.0', 1: '1.0', 2: '0.0', 3: '1.0', 4: 0.057371324403052266} 
{0: '0.0', 1: '1.0', 2: '0.0', 3: '1.0', 4: 0.008921450051331794} 
{0: '0.0', 1: '1.0', 2: '0.0', 3: '1.0', 4: 0.18670856149072132} 
{0: '0.0', 1: '1.0', 2: '0.0', 3: '1.0', 4: 0.20959272581394872} 
{0: '0.0', 1: '1.0', 2: '0.0', 3: '1.0', 4: 0.5324015658635823} 
{0: '0.0', 1: '1.0', 2: '0.0', 3: '1.0', 4: 1.0369412981148047} 
{0: '0.0', 1: '1.0', 2: '0.0', 3: '1.0', 4: 0.6063322233347738} 
{0: '0.0', 1: '1.0', 2: '0.0', 3: '1.0', 4: 0.6166904847000603} 
{0: '0.0', 1: '1.0', 2: '0.0', 3: '1.0', 4: 0.07280301275424746} 
{0: '0.0', 1: '1.0', 2: '0.0', 3: '1.0', 4: 0.9531323387208687} 
{0: '0.0', 1: '1.0', 2: '0.0', 3: '1.0', 4: 0.2970849999124692} 
{0: '0.0', 1: '1.0', 2: '0.0', 3: '1.0', 4: 0.6423932380966477} 
{0: '0.0', 1: '1.0', 2: '0.0', 3: '1.0', 4: 2.439571053776813} 
{0: '0.0', 1: '1.0', 2: '0.0', 3: '1.0', 4: 0.11056133034978691} 
{0: '0.0', 1: '1.0', 2: '0.0', 3: '1.0', 4: 0.10616533814668329} 
{0: '0.0', 1: '1.0', 2: '0.0', 3: '1.0', 4: 0.5310617014516856} 
{0: '0.0', 1: '1.0', 2: '0.0', 3: '1.0', 4: 0.37580743698174607} 
{0: '0.0', 1: '1.0', 2: '0.0', 3: '1.0', 4: 0.36333521600584} 
{0: '0.0', 1: '1.0', 2: '0.0', 3: '1.0', 4: 0.6076067651945078} 
{0: '0.0', 1: '1.0', 2: '0.0', 3: '1.0', 4: 1.1811210586357264} 
{0: '0.0', 1: '1.0', 2: '0.0', 3: '1.0', 4: 0.03525832024737473} 
{0: '0.0', 1: '1.0', 2: '0.0', 3: '1.0', 4: 0.05817615283418563} 
{0: '0.0', 1: '1.0', 2: '0.0', 3: '1.0', 4: 0.5726102726320964} 
{0: '0.0', 1: '1.0', 2: '0.0', 3: '1.0', 4: 0.3402928987088178} 
{0: '0.0', 1: '1.0', 2: '0.0', 3: '1.0', 4: 0.0009637484499727655} 
{0: '0.0', 1: '1.0', 2: '0.0', 3: '1.0', 4: 0.01188610656812296} 
{0: '0.0', 1: '1.0', 2: '0.0', 3: '1.0', 4: 0.5573586297346793} 
{0: '0.0', 1: '1.0', 2: '0.0', 3: '1.0', 4: 0.660310004970942} 
{0: '0.0', 1: '1.0', 2: '0.0', 3: '1.0', 4: 1.2583875314556496} 
{0: '0.0', 1: '1.0', 2: '0.0', 3: '1.0', 4: 0.0691103568221908} 
{0: '0.0', 1: '1.0', 2: '0.0', 3: '1.0', 4: 0.21009963187303643} 
{0: '0.0', 1: '1.0', 2: '0.0', 3: '1.0', 4: 1.3012963774883046} 
{0: '0.0', 1: '1.0', 2: '0.0', 3: '1.0', 4: 0.13439097514459827} 
{0: '0.0', 1: '1.0', 2: '0.0', 3: '1.0', 4: 0.0038556574522169334} 
{0: '0.0', 1: '1.0', 2: '0.0', 3: '1.0', 4: 1.1679402668306498} 
{0: '0.0', 1: '1.0', 2: '0.0', 3: '1.0', 4: 0.3766246490180345} 
{0: '0.0', 1: '1.0', 2: '0.0', 3: '1.0', 4: 0.9265390796348698} 
{0: '0.0', 1: '1.0', 2: '0.0', 3: '1.0', 4: 2.4910525568954944} 
{0: '0.0', 1: '1.0', 2: '0.0', 3: '1.0', 4: 0.29613874494969455} 
{0: '0.0', 1: '1.0', 2: '0.0', 3: '1.0', 4: 0.7993799261669364} 
{0: '0.0', 1: '1.0', 2: '0.0', 3: '1.0', 4: 0.007095534791493725} 
{0: '0.0', 1: '1.0', 2: '0.0', 3: '1.0', 4: 5.2708114148120265e-06} 
{0: '0.0', 1: '1.0', 2: '0.0', 3: '1.0', 4: 0.3782621731070775} 
{0: '0.0', 1: '1.0', 2: '0.0', 3: '1.0', 4: 0.17837707542568018} 
{0: '0.0', 1: '1.0', 2: '0.0', 3: '1.0', 4: 0.020138914039338332} 
{0: '0.0', 1: '1.0', 2: '0.0', 3: '1.0', 4: 0.7608569185299883} 
{0: '0.0', 1: '1.0', 2: '0.0', 3: '1.0', 4: 0.032822913225450306} 
{0: '0.0', 1: '1.0', 2: '0.0', 3: '1.0', 4: 0.0434935596224345} 
{0: '0.0', 1: '1.0', 2: '0.0', 3: '1.0', 4: 0.04944155710519868} 
{0: '0.0', 1: '1.0', 2: '0.0', 3: '1.0', 4: 0.7564674643942119} 
{0: '0.0', 1: '1.0', 2: '0.0', 3: '1.0', 4: 7.346146778261559} 
{0: '0.0', 1: '1.0', 2: '0.0', 3: '1.0', 4: 0.013011226099731195} 
{0: '0.0', 1: '1.0', 2: '0.0', 3: '1.0', 4: 0.4087037706272421} 
{0: '0.0', 1: '1.0', 2: '0.0', 3: '1.0', 4: 0.022585027908576447} 
{0: '0.0', 1: '1.0', 2: '0.0', 3: '1.0', 4: 0.4136766231343972} 
{0: '0.0', 1: '1.0', 2: '0.0', 3: '1.0', 4: 0.0008707364616540207} 
{0: '0.0', 1: '1.0', 2: '0.0', 3: '1.0', 4: 0.017617586834269512} 
{0: '0.0', 1: '1.0', 2: '0.0', 3: '1.0', 4: 1.1372610213681493} 
{0: '0.0', 1: '1.0', 2: '0.0', 3: '1.0', 4: 2.629646479101173} 
{0: '0.0', 1: '1.0', 2: '0.0', 3: '1.0', 4: 0.03899324784434204} 
{0: '0.0', 1: '1.0', 2: '0.0', 3: '1.0', 4: 0.10098056267268342} 
{0: '0.0', 1: '1.0', 2: '0.0', 3: '1.0', 4: 0.0033416723874286694} 
{0: '0.0', 1: '1.0', 2: '0.0', 3: '1.0', 4: 2.6595394855105616} 
{0: '0.0', 1: '1.0', 2: '0.0', 3: '1.0', 4: 0.41415258312402503} 
{0: '0.0', 1: '1.0', 2: '0.0', 3: '1.0', 4: 0.3360757324195611} 
{0: '0.0', 1: '1.0', 2: '0.0', 3: '1.0', 4: 0.7666462349939244} 
{0: '0.0', 1: '1.0', 2: '0.0', 3: '1.0', 4: 0.005351856629304316} 
{0: '0.0', 1: '1.0', 2: '0.0', 3: '1.0', 4: 0.24572420566450717} 
{0: '0.0', 1: '1.0', 2: '0.0', 3: '1.0', 4: 0.4986822907752459} 
{0: '0.0', 1: '1.0', 2: '0.0', 3: '1.0', 4: 0.7676827653267486} 
{0: '0.0', 1: '1.0', 2: '0.0', 3: '1.0', 4: 0.022762189535170032} 
{0: '0.0', 1: '1.0', 2: '0.0', 3: '1.0', 4: 0.007148933381685668} 
{0: '0.0', 1: '1.0', 2: '0.0', 3: '1.0', 4: 6.185765886311713e-06} 
{0: '0.0', 1: '1.0', 2: '0.0', 3: '1.0', 4: 0.09045390652977245} 
{0: '0.0', 1: '1.0', 2: '0.0', 3: '1.0', 4: 3.816633568445995e-05} 
{0: '0.0', 1: '1.0', 2: '0.0', 3: '1.0', 4: 0.15982048955698155} 
{0: '0.0', 1: '1.0', 2: '0.0', 3: '1.0', 4: 1.1280490609366645} 
{0: '0.0', 1: '1.0', 2: '0.0', 3: '1.0', 4: 0.017010532101274827} 
{0: '0.0', 1: '1.0', 2: '0.0', 3: '1.0', 4: 0.00045445880455682256} 
{0: '0.0', 1: '1.0', 2: '0.0', 3: '1.0', 4: 0.0030487819062457685} 
{0: '0.0', 1: '1.0', 2: '0.0', 3: '1.0', 4: 0.31877938750481233} 
{0: '0.0', 1: '1.0', 2: '0.0', 3: '1.0', 4: 0.05208595664542322} 
{0: '0.0', 1: '1.0', 2: '0.0', 3: '1.0', 4: 0.21239714153215442} 
{0: '0.0', 1: '1.0', 2: '0.0', 3: '1.0', 4: 0.005515488693643} 
{0: '0.0', 1: '1.0', 2: '0.0', 3: '1.0', 4: 0.3509921854607558} 
{0: '0.0', 1: '1.0', 2: '0.0', 3: '1.0', 4: 0.2546660395702812} 
{0: '0.0', 1: '1.0', 2: '0.0', 3: '1.0', 4: 0.3051252168346755} 
{0: '0.0', 1: '1.0', 2: '0.0', 3: '1.0', 4: 1.253432337938399} 
{0: '0.0', 1: '1.0', 2: '0.0', 3: '1.0', 4: 0.08176347405729563} 
{0: '0.0', 1: '1.0', 2: '0.0', 3: '1.0', 4: 0.0073424594428627265} 
{0: '0.0', 1: '1.0', 2: '0.0', 3: '1.0', 4: 0.40493881834085244} 
{0: '0.0', 1: '1.0', 2: '0.0', 3: '1.0', 4: 0.3541574464507174} 
{0: '0.0', 1: '1.0', 2: '0.0', 3: '1.0', 4: 0.09183753822745466} 
{0: '0.0', 1: '1.0', 2: '0.0', 3: '1.0', 4: 0.4566274806767105} 
{0: '0.0', 1: '1.0', 2: '0.0', 3: '1.0', 4: 0.24498834792459628} 
{0: '0.0', 1: '1.0', 2: '0.0', 3: '1.0', 4: 1.4483201606821436} 
{0: '0.0', 1: '1.0', 2: '0.0', 3: '1.0', 4: 0.23117350210024787} 
{0: '0.0', 1: '1.0', 2: '0.0', 3: '1.0', 4: 0.22787628377689556} 
{0: '0.0', 1: '1.0', 2: '0.0', 3: '1.0', 4: 2.1475631865664977} 
{0: '0.0', 1: '1.0', 2: '0.0', 3: '1.0', 4: 0.06599528446320338} 
{0: '0.0', 1: '1.0', 2: '0.0', 3: '1.0', 4: 0.28179700775425837} 
{0: '0.0', 1: '1.0', 2: '0.0', 3: '1.0', 4: 0.005334423114743311} 
{0: '0.0', 1: '1.0', 2: '0.0', 3: '1.0', 4: 0.02482426493941743} 
{0: '0.0', 1: '1.0', 2: '0.0', 3: '1.0', 4: 1.26055673841336} 
{0: '0.0', 1: '1.0', 2: '0.0', 3: '1.0', 4: 0.04015198236473693} 
{0: '0.0', 1: '1.0', 2: '0.0', 3: '1.0', 4: 0.6579704635158063} 
{0: '0.0', 1: '1.0', 2: '0.0', 3: '1.0', 4: 0.4905623381894006} 
{0: '0.0', 1: '1.0', 2: '0.0', 3: '1.0', 4: 0.08796398468844852} 
{0: '0.0', 1: '1.0', 2: '0.0', 3: '1.0', 4: 0.6889307195782809} 
{0: '0.0', 1: '1.0', 2: '0.0', 3: '1.0', 4: 0.5088638324969201} 
{0: '0.0', 1: '1.0', 2: '0.0', 3: '1.0', 4: 1.3558181027340162} 
{0: '0.0', 1: '1.0', 2: '0.0', 3: '1.0', 4: 0.05069932313489394} 
{0: '0.0', 1: '1.0', 2: '0.0', 3: '1.0', 4: 0.1759146464125527} 
{0: '0.0', 1: '1.0', 2: '0.0', 3: '1.0', 4: 0.04721644181587246} 
{0: '0.0', 1: '1.0', 2: '0.0', 3: '1.0', 4: 0.0139447747772332} 
{0: '0.0', 1: '1.0', 2: '0.0', 3: '1.0', 4: 9.493886597672137e-07} 
{0: '0.0', 1: '1.0', 2: '0.0', 3: '1.0', 4: 0.3405850700038923} 
{0: '0.0', 1: '1.0', 2: '0.0', 3: '1.0', 4: 0.04837703274095693} 
{0: '0.0', 1: '1.0', 2: '0.0', 3: '1.0', 4: 1.58075327556335} 
{0: '0.0', 1: '1.0', 2: '0.0', 3: '1.0', 4: 0.35364283858271456} 
{0: '0.0', 1: '1.0', 2: '0.0', 3: '1.0', 4: 1.6044675609705834} 
{0: '0.0', 1: '1.0', 2: '0.0', 3: '1.0', 4: 0.01179821310960523} 
{0: '0.0', 1: '1.0', 2: '0.0', 3: '1.0', 4: 0.08764033641491227} 
{0: '0.0', 1: '1.0', 2: '0.0', 3: '1.0', 4: 0.5213753030761615} 
{0: '0.0', 1: '1.0', 2: '0.0', 3: '1.0', 4: 1.9070976288281203} 
{0: '0.0', 1: '1.0', 2: '0.0', 3: '1.0', 4: 0.04677137046411045} 
{0: '0.0', 1: '1.0', 2: '0.0', 3: '1.0', 4: 0.19301003957781301} 
{0: '0.0', 1: '1.0', 2: '0.0', 3: '1.0', 4: 0.0074428438830675125} 
{0: '0.0', 1: '1.0', 2: '0.0', 3: '1.0', 4: 1.161868854078983} 
{0: '0.0', 1: '1.0', 2: '0.0', 3: '1.0', 4: 0.2921089970157125} 
{0: '0.0', 1: '1.0', 2: '0.0', 3: '1.0', 4: 0.8237656558717557} 
{0: '0.0', 1: '1.0', 2: '0.0', 3: '1.0', 4: 0.26700870443042474} 
{0: '0.0', 1: '1.0', 2: '0.0', 3: '1.0', 4: 0.010615824648290298} 
{0: '0.0', 1: '1.0', 2: '0.0', 3: '1.0', 4: 0.21301629576974132} 
{0: '0.0', 1: '1.0', 2: '0.0', 3: '1.0', 4: 0.679841895567959} 
{0: '0.0', 1: '1.0', 2: '0.0', 3: '1.0', 4: 0.7272831090334949} 
{0: '0.0', 1: '1.0', 2: '0.0', 3: '1.0', 4: 0.05659145925911319} 
{0: '0.0', 1: '1.0', 2: '0.0', 3: '1.0', 4: 0.8942316660756028} 
{0: '0.0', 1: '1.0', 2: '0.0', 3: '1.0', 4: 0.702105582271752} 
{0: '0.0', 1: '1.0', 2: '0.0', 3: '1.0', 4: 0.21857116102527538} 
{0: '0.0', 1: '1.0', 2: '0.0', 3: '1.0', 4: 0.4116482064019878} 
{0: '0.0', 1: '1.0', 2: '0.0', 3: '1.0', 4: 0.0009976840774046701} 
{0: '0.0', 1: '1.0', 2: '0.0', 3: '1.0', 4: 0.28610338962259907} 
{0: '0.0', 1: '1.0', 2: '0.0', 3: '1.0', 4: 0.8724199420400294} 
{0: '0.0', 1: '1.0', 2: '0.0', 3: '1.0', 4: 1.40230386449907} 
{0: '0.0', 1: '1.0', 2: '0.0', 3: '1.0', 4: 0.5584360675432354} 
{0: '0.0', 1: '1.0', 2: '0.0', 3: '1.0', 4: 7.182563821581578e-05} 
{0: '0.0', 1: '1.0', 2: '0.0', 3: '1.0', 4: 2.4970594822068697} 
{0: '0.0', 1: '1.0', 2: '0.0', 3: '1.0', 4: 1.0560348001940048} 
{0: '0.0', 1: '1.0', 2: '0.0', 3: '1.0', 4: 0.0010248719671391005} 
{0: '0.0', 1: '1.0', 2: '0.0', 3: '1.0', 4: 0.03444490131823204} 
{0: '0.0', 1: '1.0', 2: '0.0', 3: '1.0', 4: 0.2693901532992799} 
{0: '0.0', 1: '1.0', 2: '0.0', 3: '1.0', 4: 0.013298702775038963} 
{0: '0.0', 1: '1.0', 2: '0.0', 3: '1.0', 4: 0.9219582610174487} 
{0: '0.0', 1: '1.0', 2: '0.0', 3: '1.0', 4: 0.08243537977743103} 
{0: '0.0', 1: '1.0', 2: '0.0', 3: '1.0', 4: 0.017255917325260297} 
{0: '0.0', 1: '1.0', 2: '0.0', 3: '1.0', 4: 0.10454312705175559} 
{0: '0.0', 1: '1.0', 2: '0.0', 3: '1.0', 4: 0.3853599134524271} 
{0: '0.0', 1: '1.0', 2: '0.0', 3: '1.0', 4: 0.3833962009518727} 
{0: '0.0', 1: '1.0', 2: '0.0', 3: '1.0', 4: 0.12129184849026797} 
{0: '0.0', 1: '1.0', 2: '0.0', 3: '1.0', 4: 0.004655569487315042} 
{0: '0.0', 1: '1.0', 2: '0.0', 3: '1.0', 4: 0.14361937470993577} 
{0: '0.0', 1: '1.0', 2: '0.0', 3: '1.0', 4: 2.238772925401118} 
{0: '0.0', 1: '1.0', 2: '0.0', 3: '1.0', 4: 0.009758441286158352} 
{0: '0.0', 1: '1.0', 2: '0.0', 3: '1.0', 4: 0.004638753316848673} 
{0: '0.0', 1: '1.0', 2: '0.0', 3: '1.0', 4: 0.14035875238373732} 
{0: '0.0', 1: '1.0', 2: '0.0', 3: '1.0', 4: 0.13358999367098057} 
{0: '0.0', 1: '1.0', 2: '0.0', 3: '1.0', 4: 0.09621299980798512} 
{0: '0.0', 1: '1.0', 2: '0.0', 3: '1.0', 4: 0.2710313989089891} 
{0: '0.0', 1: '1.0', 2: '0.0', 3: '1.0', 4: 0.03675456123920223} 
{0: '0.0', 1: '1.0', 2: '0.0', 3: '1.0', 4: 0.03135339367002196} 
{0: '0.0', 1: '1.0', 2: '0.0', 3: '1.0', 4: 0.02282380803026365} 
{0: '0.0', 1: '1.0', 2: '0.0', 3: '1.0', 4: 0.5427483361007286} 
{0: '0.0', 1: '1.0', 2: '0.0', 3: '1.0', 4: 0.005097885493022} 
{0: '0.0', 1: '1.0', 2: '0.0', 3: '1.0', 4: 0.0019006338419630257} 
{0: '0.0', 1: '1.0', 2: '0.0', 3: '1.0', 4: 0.32505092924010426} 
{0: '0.0', 1: '1.0', 2: '0.0', 3: '1.0', 4: 1.023194308332884} 
{0: '0.0', 1: '1.0', 2: '0.0', 3: '1.0', 4: 0.07929721268435261} 
{0: '0.0', 1: '1.0', 2: '0.0', 3: '1.0', 4: 4.130893021910274} 
{0: '0.0', 1: '1.0', 2: '0.0', 3: '1.0', 4: 0.014129816304774367} 
{0: '0.0', 1: '1.0', 2: '0.0', 3: '1.0', 4: 0.043132628245930366} 
{0: '0.0', 1: '1.0', 2: '0.0', 3: '1.0', 4: 0.9092729119345276} 
{0: '0.0', 1: '1.0', 2: '0.0', 3: '1.0', 4: 0.43667875773357206} 
{0: '0.0', 1: '1.0', 2: '0.0', 3: '1.0', 4: 1.4216735240803131} 
{0: '0.0', 1: '1.0', 2: '0.0', 3: '1.0', 4: 0.4381703738220147} 
{0: '0.0', 1: '1.0', 2: '0.0', 3: '1.0', 4: 1.564961155731328} 
{0: '0.0', 1: '1.0', 2: '0.0', 3: '1.0', 4: 0.003933152060060493} 
{0: '0.0', 1: '1.0', 2: '0.0', 3: '1.0', 4: 0.02913925479336909} 
{0: '0.0', 1: '1.0', 2: '0.0', 3: '1.0', 4: 0.20046597607381195} 
{0: '0.0', 1: '1.0', 2: '0.0', 3: '1.0', 4: 0.8027235010579421} 
{0: '0.0', 1: '1.0', 2: '0.0', 3: '1.0', 4: 0.19770808482678567} 
{0: '0.0', 1: '1.0', 2: '0.0', 3: '1.0', 4: 0.45816495758859427} 
{0: '0.0', 1: '1.0', 2: '0.0', 3: '1.0', 4: 0.0005710941993139701} 
{0: '0.0', 1: '1.0', 2: '0.0', 3: '1.0', 4: 0.3824969892252728} 
{0: '0.0', 1: '1.0', 2: '0.0', 3: '1.0', 4: 1.217697150606765} 
{0: '0.0', 1: '1.0', 2: '0.0', 3: '1.0', 4: 0.6190716843544741} 
{0: '0.0', 1: '1.0', 2: '0.0', 3: '1.0', 4: 0.10098795545147181} 
{0: '0.0', 1: '1.0', 2: '0.0', 3: '1.0', 4: 0.3550148173904005} 
{0: '0.0', 1: '1.0', 2: '0.0', 3: '1.0', 4: 0.405352115286739} 
{0: '0.0', 1: '1.0', 2: '0.0', 3: '1.0', 4: 0.0003509263735648817} 
{0: '0.0', 1: '1.0', 2: '0.0', 3: '1.0', 4: 0.059738250999462394} 
{0: '0.0', 1: '1.0', 2: '0.0', 3: '1.0', 4: 0.004669577620545898} 
{0: '0.0', 1: '1.0', 2: '0.0', 3: '1.0', 4: 0.5431810893075246} 
{0: '0.0', 1: '1.0', 2: '0.0', 3: '1.0', 4: 0.06656364191408194} 
{0: '0.0', 1: '1.0', 2: '0.0', 3: '1.0', 4: 0.016164009886135318} 
{0: '0.0', 1: '1.0', 2: '0.0', 3: '1.0', 4: 0.21702912094112542} 
{0: '0.0', 1: '1.0', 2: '0.0', 3: '1.0', 4: 0.12520904706966784} 
{0: '0.0', 1: '1.0', 2: '0.0', 3: '1.0', 4: 0.9339284509009523} 
{0: '0.0', 1: '1.0', 2: '0.0', 3: '1.0', 4: 0.007418675780144709} 
{0: '0.0', 1: '1.0', 2: '0.0', 3: '1.0', 4: 1.6145796596880433} 
{0: '0.0', 1: '1.0', 2: '0.0', 3: '1.0', 4: 0.005547466465729479} 
{0: '0.0', 1: '1.0', 2: '0.0', 3: '1.0', 4: 0.332050441174697} 
{0: '0.0', 1: '1.0', 2: '0.0', 3: '1.0', 4: 0.2805394503319275} 
{0: '0.0', 1: '1.0', 2: '0.0', 3: '1.0', 4: 0.489121722991813} 
{0: '0.0', 1: '1.0', 2: '0.0', 3: '1.0', 4: 0.4172043880114354} 
{0: '0.0', 1: '1.0', 2: '0.0', 3: '1.0', 4: 0.01862081404154137} 
{0: '0.0', 1: '1.0', 2: '0.0', 3: '1.0', 4: 0.013532755321168108} 
{0: '0.0', 1: '1.0', 2: '0.0', 3: '1.0', 4: 1.0598586720451382} 
{0: '0.0', 1: '1.0', 2: '0.0', 3: '1.0', 4: 0.0030667418056073204} 
{0: '0.0', 1: '1.0', 2: '0.0', 3: '1.0', 4: 0.016525414442796205} 
{0: '0.0', 1: '1.0', 2: '0.0', 3: '1.0', 4: 0.01661019431069722} 
{0: '0.0', 1: '1.0', 2: '0.0', 3: '1.0', 4: 0.10481419004569233} 
{0: '0.0', 1: '1.0', 2: '0.0', 3: '1.0', 4: 4.3425073790409074} 
{0: '0.0', 1: '1.0', 2: '0.0', 3: '1.0', 4: 0.517032633944493} 
{0: '0.0', 1: '1.0', 2: '0.0', 3: '1.0', 4: 2.821347594375739} 
{0: '0.0', 1: '1.0', 2: '0.0', 3: '1.0', 4: 1.7175717771157122} 
{0: '0.0', 1: '1.0', 2: '0.0', 3: '1.0', 4: 0.04996124447444618} 
{0: '0.0', 1: '1.0', 2: '0.0', 3: '1.0', 4: 1.9442384188779607} 
{0: '0.0', 1: '1.0', 2: '0.0', 3: '1.0', 4: 2.7376754750557404} 
{0: '0.0', 1: '1.0', 2: '0.0', 3: '1.0', 4: 0.11059260097329705} 
{0: '0.0', 1: '1.0', 2: '0.0', 3: '1.0', 4: 0.12263726023464541} 
{0: '0.0', 1: '1.0', 2: '0.0', 3: '1.0', 4: 0.3042875485656469} 
{0: '0.0', 1: '1.0', 2: '0.0', 3: '1.0', 4: 0.5088875305320163} 
{0: '0.0', 1: '1.0', 2: '0.0', 3: '1.0', 4: 0.002355205678007733} 
{0: '0.0', 1: '1.0', 2: '0.0', 3: '1.0', 4: 0.021900766707225038} 
{0: '0.0', 1: '1.0', 2: '0.0', 3: '1.0', 4: 0.3950309588012145} 
{0: '0.0', 1: '1.0', 2: '0.0', 3: '1.0', 4: 1.9563550082229193} 
{0: '0.0', 1: '1.0', 2: '0.0', 3: '1.0', 4: 0.03981740965015453} 
{0: '0.0', 1: '1.0', 2: '0.0', 3: '1.0', 4: 0.5018824995832196} 
{0: '0.0', 1: '1.0', 2: '0.0', 3: '1.0', 4: 0.4521898441948953} 
{0: '0.0', 1: '1.0', 2: '0.0', 3: '1.0', 4: 0.12790397811467044} 
{0: '0.0', 1: '1.0', 2: '0.0', 3: '1.0', 4: 0.26277928887762386} 
{0: '0.0', 1: '1.0', 2: '0.0', 3: '1.0', 4: 0.23108368448906627} 
{0: '0.0', 1: '1.0', 2: '0.0', 3: '1.0', 4: 0.006702876969472674} 
{0: '0.0', 1: '1.0', 2: '0.0', 3: '1.0', 4: 0.010694984471888925} 
{0: '0.0', 1: '1.0', 2: '0.0', 3: '1.0', 4: 0.3034133330093678} 
{0: '0.0', 1: '1.0', 2: '0.0', 3: '1.0', 4: 2.0310718464397928} 
{0: '0.0', 1: '1.0', 2: '0.0', 3: '1.0', 4: 0.2035858772903697} 
{0: '0.0', 1: '1.0', 2: '0.0', 3: '1.0', 4: 0.0068179919917843584} 
{0: '0.0', 1: '1.0', 2: '0.0', 3: '1.0', 4: 0.11251484467308649} 
{0: '0.0', 1: '1.0', 2: '0.0', 3: '1.0', 4: 0.18831462078451316} 
{0: '0.0', 1: '1.0', 2: '0.0', 3: '1.0', 4: 0.003911994903149002} 
{0: '0.0', 1: '1.0', 2: '0.0', 3: '1.0', 4: 1.6193462713005369} 
{0: '0.0', 1: '1.0', 2: '0.0', 3: '1.0', 4: 0.08217624379229561} 
{0: '0.0', 1: '1.0', 2: '0.0', 3: '1.0', 4: 0.5740216819361301} 
{0: '0.0', 1: '1.0', 2: '0.0', 3: '1.0', 4: 0.16622971463800795} 
{0: '0.0', 1: '1.0', 2: '0.0', 3: '1.0', 4: 1.35529332645437} 
{0: '0.0', 1: '1.0', 2: '0.0', 3: '1.0', 4: 0.2529504723640222} 
{0: '0.0', 1: '1.0', 2: '0.0', 3: '1.0', 4: 0.6228344095575605} 
{0: '0.0', 1: '1.0', 2: '0.0', 3: '1.0', 4: 0.6857433103876532} 
{0: '0.0', 1: '1.0', 2: '0.0', 3: '1.0', 4: 1.1504280487836829} 
{0: '0.0', 1: '1.0', 2: '0.0', 3: '1.0', 4: 0.3169090469467632} 
{0: '0.0', 1: '1.0', 2: '0.0', 3: '1.0', 4: 0.38990540712321836} 
{0: '0.0', 1: '1.0', 2: '0.0', 3: '1.0', 4: 0.014705463214963044} 
{0: '0.0', 1: '1.0', 2: '0.0', 3: '1.0', 4: 0.09059708631435447} 
{0: '0.0', 1: '1.0', 2: '0.0', 3: '1.0', 4: 0.08859502608664115} 
{0: '0.0', 1: '1.0', 2: '0.0', 3: '1.0', 4: 0.17268238808691014} 
{0: '0.0', 1: '1.0', 2: '0.0', 3: '1.0', 4: 0.15552253352875203} 
{0: '0.0', 1: '1.0', 2: '0.0', 3: '1.0', 4: 1.3671195706884187} 
{0: '0.0', 1: '1.0', 2: '0.0', 3: '1.0', 4: 0.06515380608755852} 
{0: '0.0', 1: '1.0', 2: '0.0', 3: '1.0', 4: 1.732731106374394} 
{0: '0.0', 1: '1.0', 2: '0.0', 3: '1.0', 4: 0.6749107111160638} 
{0: '0.0', 1: '1.0', 2: '0.0', 3: '1.0', 4: 0.25757447526008936} 
{0: '0.0', 1: '1.0', 2: '0.0', 3: '1.0', 4: 0.005220467317186461} 
{0: '0.0', 1: '1.0', 2: '0.0', 3: '1.0', 4: 0.12914169432776929} 
{0: '0.0', 1: '1.0', 2: '0.0', 3: '1.0', 4: 0.25102951899782555} 
{0: '0.0', 1: '1.0', 2: '0.0', 3: '1.0', 4: 1.5321196509112962} 
{0: '0.0', 1: '1.0', 2: '0.0', 3: '1.0', 4: 0.03917806893206274} 
{0: '0.0', 1: '1.0', 2: '0.0', 3: '1.0', 4: 3.694285861409328e-05} 
{0: '0.0', 1: '1.0', 2: '0.0', 3: '1.0', 4: 0.07095840665488075} 
{0: '0.0', 1: '1.0', 2: '0.0', 3: '1.0', 4: 0.06187411391553342} 
{0: '0.0', 1: '1.0', 2: '0.0', 3: '1.0', 4: 0.016040321573280735} 
{0: '0.0', 1: '1.0', 2: '0.0', 3: '1.0', 4: 0.001132896389782732} 
{0: '0.0', 1: '1.0', 2: '0.0', 3: '1.0', 4: 0.6544676720983595} 
{0: '0.0', 1: '1.0', 2: '0.0', 3: '1.0', 4: 0.006461679478076015} 
{0: '0.0', 1: '1.0', 2: '0.0', 3: '1.0', 4: 0.33939676475679603} 
{0: '0.0', 1: '1.0', 2: '0.0', 3: '1.0', 4: 1.1754335004349092} 
{0: '0.0', 1: '1.0', 2: '0.0', 3: '1.0', 4: 0.00118631506194665} 
{0: '0.0', 1: '1.0', 2: '0.0', 3: '1.0', 4: 0.003720533843124987} 
{0: '0.0', 1: '1.0', 2: '0.0', 3: '1.0', 4: 0.6543849826210762} 
{0: '0.0', 1: '1.0', 2: '0.0', 3: '1.0', 4: 1.567856229556053} 
{0: '0.0', 1: '1.0', 2: '0.0', 3: '1.0', 4: 2.1413913849997035e-05} 
{0: '0.0', 1: '1.0', 2: '0.0', 3: '1.0', 4: 0.18581407759162322} 
{0: '0.0', 1: '1.0', 2: '0.0', 3: '1.0', 4: 1.5355526939434} 
{0: '0.0', 1: '1.0', 2: '0.0', 3: '1.0', 4: 0.19273316372509233} 
{0: '0.0', 1: '1.0', 2: '0.0', 3: '1.0', 4: 0.005709325227351382} 
{0: '0.0', 1: '1.0', 2: '0.0', 3: '1.0', 4: 0.015456639436640413} 
{0: '0.0', 1: '1.0', 2: '0.0', 3: '1.0', 4: 0.016948498905891354} 
{0: '0.0', 1: '1.0', 2: '0.0', 3: '1.0', 4: 0.012846486984038029} 
{0: '0.0', 1: '1.0', 2: '0.0', 3: '1.0', 4: 0.5318394763795844} 
{0: '0.0', 1: '1.0', 2: '0.0', 3: '1.0', 4: 0.0024320773712526774} 
{0: '0.0', 1: '1.0', 2: '0.0', 3: '1.0', 4: 0.03223668592730334} 
{0: '0.0', 1: '1.0', 2: '0.0', 3: '1.0', 4: 0.08237927745897321} 
{0: '0.0', 1: '1.0', 2: '0.0', 3: '1.0', 4: 0.07802887648941802} 
{0: '0.0', 1: '1.0', 2: '0.0', 3: '1.0', 4: 1.895962627982464} 
{0: '0.0', 1: '1.0', 2: '0.0', 3: '1.0', 4: 0.3571928096349859} 
{0: '0.0', 1: '1.0', 2: '0.0', 3: '1.0', 4: 0.6389751661440669} 
{0: '0.0', 1: '1.0', 2: '0.0', 3: '1.0', 4: 0.19679233060587045} 
{0: '0.0', 1: '1.0', 2: '0.0', 3: '1.0', 4: 0.12373313208042036} 
{0: '0.0', 1: '1.0', 2: '0.0', 3: '1.0', 4: 0.0002546713017092602} 
{0: '0.0', 1: '1.0', 2: '0.0', 3: '1.0', 4: 0.07561910461590189} 
{0: '0.0', 1: '1.0', 2: '0.0', 3: '1.0', 4: 0.06181908405477881} 
{0: '0.0', 1: '1.0', 2: '0.0', 3: '1.0', 4: 0.4936535539646533} 
{0: '0.0', 1: '1.0', 2: '0.0', 3: '1.0', 4: 0.007752098726930278} 
{0: '0.0', 1: '1.0', 2: '0.0', 3: '1.0', 4: 0.886504146520497} 
{0: '0.0', 1: '1.0', 2: '0.0', 3: '1.0', 4: 0.4341505841138656} 
{0: '0.0', 1: '1.0', 2: '0.0', 3: '1.0', 4: 0.20004597883318165} 
{0: '0.0', 1: '1.0', 2: '0.0', 3: '1.0', 4: 0.033939264605474785} 
{0: '0.0', 1: '1.0', 2: '0.0', 3: '1.0', 4: 0.34626168306450406} 
{0: '0.0', 1: '1.0', 2: '0.0', 3: '1.0', 4: 0.43720337747270216} 
{0: '0.0', 1: '1.0', 2: '0.0', 3: '1.0', 4: 0.06841469679164787} 
{0: '0.0', 1: '1.0', 2: '0.0', 3: '1.0', 4: 1.1533136199986205} 
{0: '0.0', 1: '1.0', 2: '0.0', 3: '1.0', 4: 1.0463309704635675} 
{0: '0.0', 1: '1.0', 2: '0.0', 3: '1.0', 4: 0.16906568243544778} 
{0: '0.0', 1: '1.0', 2: '0.0', 3: '1.0', 4: 1.016632181292157} 
{0: '0.0', 1: '1.0', 2: '0.0', 3: '1.0', 4: 0.14615637387832417} 
{0: '0.0', 1: '1.0', 2: '0.0', 3: '1.0', 4: 2.538053763956981} 
{0: '0.0', 1: '1.0', 2: '0.0', 3: '1.0', 4: 0.8333716806913979} 
{0: '0.0', 1: '1.0', 2: '0.0', 3: '1.0', 4: 0.007700546367619536} 
{0: '0.0', 1: '1.0', 2: '0.0', 3: '1.0', 4: 1.1335454211640317e-06} 
{0: '0.0', 1: '1.0', 2: '0.0', 3: '1.0', 4: 0.1882893895261468} 
{0: '0.0', 1: '1.0', 2: '0.0', 3: '1.0', 4: 0.16528883015671553} 
{0: '0.0', 1: '1.0', 2: '0.0', 3: '1.0', 4: 1.7858412239468466} 
{0: '0.0', 1: '1.0', 2: '0.0', 3: '1.0', 4: 1.36978047890224} 
{0: '0.0', 1: '1.0', 2: '0.0', 3: '1.0', 4: 0.007193212218700465} 
{0: '0.0', 1: '1.0', 2: '0.0', 3: '1.0', 4: 0.2517664683255783} 
{0: '0.0', 1: '1.0', 2: '0.0', 3: '1.0', 4: 0.0003831778513885867} 
{0: '0.0', 1: '1.0', 2: '0.0', 3: '1.0', 4: 0.11297823372674587} 
{0: '0.0', 1: '1.0', 2: '0.0', 3: '1.0', 4: 0.7845953971622864} 
{0: '0.0', 1: '1.0', 2: '0.0', 3: '1.0', 4: 0.02743215437066949} 
{0: '0.0', 1: '1.0', 2: '0.0', 3: '1.0', 4: 1.0114468173256541} 
{0: '0.0', 1: '1.0', 2: '0.0', 3: '1.0', 4: 0.3153423454788915} 
{0: '0.0', 1: '1.0', 2: '0.0', 3: '1.0', 4: 0.01891446277245553} 
{0: '0.0', 1: '1.0', 2: '0.0', 3: '1.0', 4: 0.7387603525508799} 
{0: '0.0', 1: '1.0', 2: '0.0', 3: '1.0', 4: 0.12347545277007937} 
{0: '0.0', 1: '1.0', 2: '0.0', 3: '1.0', 4: 0.035361157859116546} 
{0: '0.0', 1: '1.0', 2: '0.0', 3: '1.0', 4: 0.14174018015055287} 
{0: '0.0', 1: '1.0', 2: '0.0', 3: '1.0', 4: 0.269531533209609} 
{0: '0.0', 1: '1.0', 2: '0.0', 3: '1.0', 4: 0.40600241696856465} 
{0: '0.0', 1: '1.0', 2: '0.0', 3: '1.0', 4: 2.3078754659850333} 
{0: '0.0', 1: '1.0', 2: '0.0', 3: '1.0', 4: 1.2622495389552009} 
{0: '0.0', 1: '1.0', 2: '0.0', 3: '1.0', 4: 0.010630967209007523} 
{0: '0.0', 1: '1.0', 2: '0.0', 3: '1.0', 4: 0.00010539259978569444} 
{0: '0.0', 1: '1.0', 2: '0.0', 3: '1.0', 4: 0.006186362425534906} 
{0: '0.0', 1: '1.0', 2: '0.0', 3: '1.0', 4: 0.01194983144232142} 
{0: '0.0', 1: '1.0', 2: '0.0', 3: '1.0', 4: 0.5905546903925278} 
{0: '0.0', 1: '1.0', 2: '0.0', 3: '1.0', 4: 0.5207597991956951} 
{0: '0.0', 1: '1.0', 2: '0.0', 3: '1.0', 4: 0.6525639663367394} 
{0: '0.0', 1: '1.0', 2: '0.0', 3: '1.0', 4: 0.020673120579957512} 
{0: '0.0', 1: '1.0', 2: '0.0', 3: '1.0', 4: 0.08336568444435451} 
{0: '0.0', 1: '1.0', 2: '0.0', 3: '1.0', 4: 2.067006577704725} 
{0: '0.0', 1: '1.0', 2: '0.0', 3: '1.0', 4: 0.06527642871826043} 
{0: '0.0', 1: '1.0', 2: '0.0', 3: '1.0', 4: 1.357500577737378} 
{0: '0.0', 1: '1.0', 2: '0.0', 3: '1.0', 4: 0.019110415855701855} 
{0: '0.0', 1: '1.0', 2: '0.0', 3: '1.0', 4: 0.09199056580102143} 
{0: '0.0', 1: '1.0', 2: '0.0', 3: '1.0', 4: 0.016460561441357373} 
{0: '0.0', 1: '1.0', 2: '0.0', 3: '1.0', 4: 0.0006701659076541307} 
{0: '0.0', 1: '1.0', 2: '0.0', 3: '1.0', 4: 0.22749900308986556} 
{0: '0.0', 1: '1.0', 2: '0.0', 3: '1.0', 4: 0.04486546946538387} 
{0: '0.0', 1: '1.0', 2: '0.0', 3: '1.0', 4: 0.07730620241396845} 
{0: '0.0', 1: '1.0', 2: '0.0', 3: '1.0', 4: 0.05462850886343178} 
{0: '0.0', 1: '1.0', 2: '0.0', 3: '1.0', 4: 0.03389791845192239} 
{0: '0.0', 1: '1.0', 2: '0.0', 3: '1.0', 4: 1.2163701204684332} 
{0: '0.0', 1: '1.0', 2: '0.0', 3: '1.0', 4: 0.4961519264993393} 
{0: '0.0', 1: '1.0', 2: '0.0', 3: '1.0', 4: 0.3406190874200591} 
{0: '0.0', 1: '1.0', 2: '0.0', 3: '1.0', 4: 2.274397696423553} 
{0: '0.0', 1: '1.0', 2: '0.0', 3: '1.0', 4: 0.0894131518996571} 
{0: '0.0', 1: '1.0', 2: '0.0', 3: '1.0', 4: 0.7260509427769428} 
{0: '0.0', 1: '1.0', 2: '0.0', 3: '1.0', 4: 0.7184108750794821} 
{0: '0.0', 1: '1.0', 2: '0.0', 3: '1.0', 4: 0.3182646967596209} 
{0: '0.0', 1: '1.0', 2: '0.0', 3: '1.0', 4: 0.07462477704697987} 
{0: '0.0', 1: '1.0', 2: '0.0', 3: '1.0', 4: 0.30685344905389766} 
{0: '0.0', 1: '1.0', 2: '0.0', 3: '1.0', 4: 0.010641609673331625} 
{0: '0.0', 1: '1.0', 2: '0.0', 3: '1.0', 4: 0.1790129519413239} 
{0: '0.0', 1: '1.0', 2: '0.0', 3: '1.0', 4: 0.11894115854547051} 
{0: '0.0', 1: '1.0', 2: '0.0', 3: '1.0', 4: 0.008089131756085657} 
{0: '0.0', 1: '1.0', 2: '0.0', 3: '1.0', 4: 0.013564492899468067} 
{0: '0.0', 1: '1.0', 2: '0.0', 3: '1.0', 4: 0.47036439058325535} 
{0: '0.0', 1: '1.0', 2: '0.0', 3: '1.0', 4: 0.3877611740138349} 
{0: '0.0', 1: '1.0', 2: '0.0', 3: '1.0', 4: 1.7851118107911654} 
{0: '0.0', 1: '1.0', 2: '0.0', 3: '1.0', 4: 2.794446312874629} 
{0: '0.0', 1: '1.0', 2: '0.0', 3: '1.0', 4: 0.02998561050973926} 
{0: '0.0', 1: '1.0', 2: '0.0', 3: '1.0', 4: 0.40914243663282035} 
{0: '0.0', 1: '1.0', 2: '0.0', 3: '1.0', 4: 0.10783851592240605} 
{0: '0.0', 1: '1.0', 2: '0.0', 3: '1.0', 4: 0.022862896181695746} 
{0: '0.0', 1: '1.0', 2: '0.0', 3: '1.0', 4: 0.13135897411744496} 
{0: '0.0', 1: '1.0', 2: '0.0', 3: '1.0', 4: 0.2383389687598721} 
{0: '0.0', 1: '1.0', 2: '0.0', 3: '1.0', 4: 0.005717988475507297} 
{0: '0.0', 1: '1.0', 2: '0.0', 3: '1.0', 4: 0.14234909666023388} 
{0: '0.0', 1: '1.0', 2: '0.0', 3: '1.0', 4: 0.3249315541522869} 
{0: '0.0', 1: '1.0', 2: '0.0', 3: '1.0', 4: 0.07292230735035309} 
{0: '0.0', 1: '1.0', 2: '0.0', 3: '1.0', 4: 0.3157230691743595} 
{0: '0.0', 1: '1.0', 2: '0.0', 3: '1.0', 4: 0.38316532041114715} 
{0: '0.0', 1: '1.0', 2: '0.0', 3: '1.0', 4: 0.3854733619897605} 
{0: '0.0', 1: '1.0', 2: '0.0', 3: '1.0', 4: 0.4517226186324767} 
{0: '0.0', 1: '1.0', 2: '0.0', 3: '1.0', 4: 3.080473775254821} 
{0: '0.0', 1: '1.0', 2: '0.0', 3: '1.0', 4: 0.0028748861615295104} 
{0: '0.0', 1: '1.0', 2: '0.0', 3: '1.0', 4: 0.02544765912410185} 
{0: '0.0', 1: '1.0', 2: '0.0', 3: '1.0', 4: 0.9810662946648527} 
{0: '0.0', 1: '1.0', 2: '0.0', 3: '1.0', 4: 0.6589448976050698} 
{0: '0.0', 1: '1.0', 2: '0.0', 3: '1.0', 4: 0.4699039114186307} 
{0: '0.0', 1: '1.0', 2: '0.0', 3: '1.0', 4: 0.29248090016699324} 
{0: '0.0', 1: '1.0', 2: '0.0', 3: '1.0', 4: 0.5050672319620754} 
{0: '0.0', 1: '1.0', 2: '0.0', 3: '1.0', 4: 1.1794435833280081} 
{0: '0.0', 1: '1.0', 2: '0.0', 3: '1.0', 4: 0.3075780416504437} 
{0: '0.0', 1: '1.0', 2: '0.0', 3: '1.0', 4: 0.08032591414301096} 
{0: '0.0', 1: '1.0', 2: '0.0', 3: '1.0', 4: 0.08082710642810484} 
{0: '0.0', 1: '1.0', 2: '0.0', 3: '1.0', 4: 0.010562908794887456} 
{0: '0.0', 1: '1.0', 2: '0.0', 3: '1.0', 4: 1.8569940646427439} 
{0: '0.0', 1: '1.0', 2: '0.0', 3: '1.0', 4: 0.7711351200809203} 
{0: '0.0', 1: '1.0', 2: '0.0', 3: '1.0', 4: 0.05394195548713809} 
{0: '0.0', 1: '1.0', 2: '0.0', 3: '1.0', 4: 0.001464611840438221} 
{0: '0.0', 1: '1.0', 2: '0.0', 3: '1.0', 4: 0.30626096325966035} 
{0: '0.0', 1: '1.0', 2: '0.0', 3: '1.0', 4: 0.2506683908618093} 
{0: '0.0', 1: '1.0', 2: '0.0', 3: '1.0', 4: 0.5183068928961502} 
{0: '0.0', 1: '1.0', 2: '0.0', 3: '1.0', 4: 0.5873424544026344} 
{0: '0.0', 1: '1.0', 2: '0.0', 3: '1.0', 4: 1.2671892255082267} 
{0: '0.0', 1: '1.0', 2: '0.0', 3: '1.0', 4: 0.2987377289288747} 
{0: '0.0', 1: '1.0', 2: '0.0', 3: '1.0', 4: 0.005573069640597305} 
{0: '0.0', 1: '1.0', 2: '0.0', 3: '1.0', 4: 3.2985431110401073} 
{0: '0.0', 1: '1.0', 2: '0.0', 3: '1.0', 4: 0.016532540427466623} 
{0: '0.0', 1: '1.0', 2: '0.0', 3: '1.0', 4: 1.049915234569471} 
{0: '0.0', 1: '1.0', 2: '0.0', 3: '1.0', 4: 0.4732970440147311} 
{0: '0.0', 1: '1.0', 2: '0.0', 3: '1.0', 4: 0.26606206942371435} 
{0: '0.0', 1: '1.0', 2: '0.0', 3: '1.0', 4: 0.188102237050521} 
{0: '0.0', 1: '1.0', 2: '0.0', 3: '1.0', 4: 0.2586878591692212} 
{0: '0.0', 1: '1.0', 2: '0.0', 3: '1.0', 4: 2.5974232849110246} 
{0: '0.0', 1: '1.0', 2: '0.0', 3: '1.0', 4: 0.9678722876042816} 
{0: '0.0', 1: '1.0', 2: '0.0', 3: '1.0', 4: 0.06248770627359862} 
{0: '0.0', 1: '1.0', 2: '0.0', 3: '1.0', 4: 0.19390268551645173} 
{0: '0.0', 1: '1.0', 2: '0.0', 3: '1.0', 4: 0.0005186653670706471} 
{0: '0.0', 1: '1.0', 2: '0.0', 3: '1.0', 4: 0.5834212674205397} 
{0: '0.0', 1: '1.0', 2: '0.0', 3: '1.0', 4: 0.006476759442402268} 
{0: '0.0', 1: '1.0', 2: '0.0', 3: '1.0', 4: 1.642710650570436} 
{0: '0.0', 1: '1.0', 2: '0.0', 3: '1.0', 4: 0.013881082030943098} 
{0: '0.0', 1: '1.0', 2: '0.0', 3: '1.0', 4: 0.7235308992744544} 
{0: '0.0', 1: '1.0', 2: '0.0', 3: '1.0', 4: 0.2713033259078881} 
{0: '0.0', 1: '1.0', 2: '0.0', 3: '1.0', 4: 0.003425825797747393} 
{0: '0.0', 1: '1.0', 2: '0.0', 3: '1.0', 4: 1.2954424704315703} 
{0: '0.0', 1: '1.0', 2: '0.0', 3: '1.0', 4: 0.41988569904320905} 
{0: '0.0', 1: '1.0', 2: '0.0', 3: '1.0', 4: 0.6971102272069715} 
{0: '0.0', 1: '1.0', 2: '0.0', 3: '1.0', 4: 0.3473864309763157} 
{0: '0.0', 1: '1.0', 2: '0.0', 3: '1.0', 4: 0.6124647271604741} 
{0: '0.0', 1: '1.0', 2: '0.0', 3: '1.0', 4: 0.30618669098407986} 
{0: '0.0', 1: '1.0', 2: '0.0', 3: '1.0', 4: 0.0004018686623264739} 
{0: '0.0', 1: '1.0', 2: '0.0', 3: '1.0', 4: 0.009009031605372562} 
{0: '0.0', 1: '1.0', 2: '0.0', 3: '1.0', 4: 1.5316455759491576} 
{0: '0.0', 1: '1.0', 2: '0.0', 3: '1.0', 4: 0.9390658330353325} 
{0: '0.0', 1: '1.0', 2: '0.0', 3: '1.0', 4: 0.34276290319286373} 
{0: '0.0', 1: '1.0', 2: '0.0', 3: '1.0', 4: 0.7555560452393635} 
{0: '0.0', 1: '1.0', 2: '0.0', 3: '1.0', 4: 0.3246219197653145} 
{0: '0.0', 1: '1.0', 2: '0.0', 3: '1.0', 4: 0.08590611690644566} 
{0: '0.0', 1: '1.0', 2: '0.0', 3: '1.0', 4: 0.07758287425377024} 
{0: '0.0', 1: '1.0', 2: '0.0', 3: '1.0', 4: 0.9206579338514791} 
{0: '0.0', 1: '1.0', 2: '0.0', 3: '1.0', 4: 0.8365880563158339} 
{0: '0.0', 1: '1.0', 2: '0.0', 3: '1.0', 4: 0.4273818847204027} 
{0: '0.0', 1: '1.0', 2: '0.0', 3: '1.0', 4: 0.5353259672428964} 
{0: '0.0', 1: '1.0', 2: '0.0', 3: '1.0', 4: 0.07324690916053919} 
{0: '0.0', 1: '1.0', 2: '0.0', 3: '1.0', 4: 1.1531956945949495} 
{0: '0.0', 1: '1.0', 2: '0.0', 3: '1.0', 4: 0.0003825970616113621} 
{0: '0.0', 1: '1.0', 2: '0.0', 3: '1.0', 4: 0.15931583688558018} 
{0: '0.0', 1: '1.0', 2: '0.0', 3: '1.0', 4: 0.2405728245042022} 
{0: '0.0', 1: '1.0', 2: '0.0', 3: '1.0', 4: 0.028283493677455186} 
{0: '0.0', 1: '1.0', 2: '0.0', 3: '1.0', 4: 0.25669350891454973} 
{0: '0.0', 1: '1.0', 2: '0.0', 3: '1.0', 4: 0.0639742846788245} 
{0: '0.0', 1: '1.0', 2: '0.0', 3: '1.0', 4: 2.3059088031810564} 
{0: '0.0', 1: '1.0', 2: '0.0', 3: '1.0', 4: 0.007540330461352752} 
{0: '0.0', 1: '1.0', 2: '0.0', 3: '1.0', 4: 0.08929747290026654} 
{0: '0.0', 1: '1.0', 2: '0.0', 3: '1.0', 4: 0.20181497643508894} 
{0: '0.0', 1: '1.0', 2: '0.0', 3: '1.0', 4: 2.2187690285663324} 
{0: '0.0', 1: '1.0', 2: '0.0', 3: '1.0', 4: 0.25220658728076417} 
{0: '0.0', 1: '1.0', 2: '0.0', 3: '1.0', 4: 0.11723290135558363} 
{0: '0.0', 1: '1.0', 2: '0.0', 3: '1.0', 4: 0.030671530808790027} 
{0: '0.0', 1: '1.0', 2: '0.0', 3: '1.0', 4: 0.29044400458661296} 
{0: '0.0', 1: '1.0', 2: '0.0', 3: '1.0', 4: 0.31009430208919836} 
{0: '0.0', 1: '1.0', 2: '0.0', 3: '1.0', 4: 0.08761790443408339} 
{0: '0.0', 1: '1.0', 2: '0.0', 3: '1.0', 4: 0.015595605431943724} 
{0: '0.0', 1: '1.0', 2: '0.0', 3: '1.0', 4: 0.40318242076728467} 
{0: '0.0', 1: '1.0', 2: '0.0', 3: '1.0', 4: 0.27470627441521334} 
{0: '0.0', 1: '1.0', 2: '0.0', 3: '1.0', 4: 1.3539453657224185} 
{0: '0.0', 1: '1.0', 2: '0.0', 3: '1.0', 4: 0.08445891861823808} 
{0: '0.0', 1: '1.0', 2: '0.0', 3: '1.0', 4: 0.35125816139848937} 
{0: '0.0', 1: '1.0', 2: '0.0', 3: '1.0', 4: 0.0035713204144222255} 
{0: '0.0', 1: '1.0', 2: '0.0', 3: '1.0', 4: 0.006906284019756396} 
{0: '0.0', 1: '1.0', 2: '0.0', 3: '1.0', 4: 3.3510575338424253} 
{0: '0.0', 1: '1.0', 2: '0.0', 3: '1.0', 4: 1.2433283606704777} 
{0: '0.0', 1: '1.0', 2: '0.0', 3: '1.0', 4: 0.20426969662009772} 
{0: '0.0', 1: '1.0', 2: '0.0', 3: '1.0', 4: 1.1630693440034097} 
{0: '0.0', 1: '1.0', 2: '0.0', 3: '1.0', 4: 1.7484001578659154} 
{0: '0.0', 1: '1.0', 2: '0.0', 3: '1.0', 4: 0.05158590439313932} 
{0: '0.0', 1: '1.0', 2: '0.0', 3: '1.0', 4: 0.04613049245167459} 
{0: '0.0', 1: '1.0', 2: '0.0', 3: '1.0', 4: 0.20921391639724848} 
{0: '0.0', 1: '1.0', 2: '0.0', 3: '1.0', 4: 0.034593184975369826} 
{0: '0.0', 1: '1.0', 2: '0.0', 3: '1.0', 4: 0.0035196144508964217} 
{0: '0.0', 1: '1.0', 2: '0.0', 3: '1.0', 4: 0.15577375098530613} 
{0: '0.0', 1: '1.0', 2: '0.0', 3: '1.0', 4: 0.014912637023711988} 
{0: '0.0', 1: '1.0', 2: '0.0', 3: '1.0', 4: 1.5748547669712378} 
{0: '0.0', 1: '1.0', 2: '0.0', 3: '1.0', 4: 0.4407636660631668} 
{0: '0.0', 1: '1.0', 2: '0.0', 3: '1.0', 4: 0.34370162091341777} 
{0: '0.0', 1: '1.0', 2: '0.0', 3: '1.0', 4: 0.23275935695946895} 
{0: '0.0', 1: '1.0', 2: '0.0', 3: '1.0', 4: 0.13618764510039513} 
{0: '0.0', 1: '1.0', 2: '0.0', 3: '1.0', 4: 1.1132812213951908} 
{0: '0.0', 1: '1.0', 2: '0.0', 3: '1.0', 4: 0.07206114858612878} 
{0: '0.0', 1: '1.0', 2: '0.0', 3: '1.0', 4: 0.7977480364339951} 
{0: '0.0', 1: '1.0', 2: '0.0', 3: '1.0', 4: 0.0453867869070068} 
{0: '0.0', 1: '1.0', 2: '0.0', 3: '1.0', 4: 0.45521513735237007} 
{0: '0.0', 1: '1.0', 2: '0.0', 3: '1.0', 4: 0.17390681207049383} 
{0: '0.0', 1: '1.0', 2: '0.0', 3: '1.0', 4: 0.0491417794065816} 
{0: '0.0', 1: '1.0', 2: '0.0', 3: '1.0', 4: 0.05811859304283457} 
{0: '0.0', 1: '1.0', 2: '0.0', 3: '1.0', 4: 0.20751417004016898} 
{0: '0.0', 1: '1.0', 2: '0.0', 3: '1.0', 4: 0.0014858096333206189} 
{0: '0.0', 1: '1.0', 2: '0.0', 3: '1.0', 4: 0.28854939120198025} 
{0: '0.0', 1: '1.0', 2: '0.0', 3: '1.0', 4: 0.17603268491925664} 
{0: '0.0', 1: '1.0', 2: '0.0', 3: '1.0', 4: 0.24687698526030558} 
{0: '0.0', 1: '1.0', 2: '0.0', 3: '1.0', 4: 0.30303783169485177} 
{0: '0.0', 1: '1.0', 2: '0.0', 3: '1.0', 4: 0.20555548628841047} 
{0: '0.0', 1: '1.0', 2: '0.0', 3: '1.0', 4: 0.6807844475763204} 
{0: '0.0', 1: '1.0', 2: '0.0', 3: '1.0', 4: 0.07471244916903062} 
{0: '0.0', 1: '1.0', 2: '0.0', 3: '1.0', 4: 2.026998988013116} 
{0: '0.0', 1: '1.0', 2: '0.0', 3: '1.0', 4: 0.0306872446650627} 
{0: '0.0', 1: '1.0', 2: '0.0', 3: '1.0', 4: 0.20579990836262807} 
{0: '0.0', 1: '1.0', 2: '0.0', 3: '1.0', 4: 0.09458809290504502} 
{0: '0.0', 1: '1.0', 2: '0.0', 3: '1.0', 4: 0.3415682903269371} 
{0: '0.0', 1: '1.0', 2: '0.0', 3: '1.0', 4: 2.5970689502854483} 
{0: '0.0', 1: '1.0', 2: '0.0', 3: '1.0', 4: 1.2759014393347574} 
{0: '0.0', 1: '1.0', 2: '0.0', 3: '1.0', 4: 0.4676614531784997} 
{0: '0.0', 1: '1.0', 2: '0.0', 3: '1.0', 4: 0.22226973143398557} 
{0: '0.0', 1: '1.0', 2: '0.0', 3: '1.0', 4: 1.101357948684869} 
{0: '0.0', 1: '1.0', 2: '0.0', 3: '1.0', 4: 0.009596922259882575} 
{0: '0.0', 1: '1.0', 2: '0.0', 3: '1.0', 4: 0.24940044895375557} 
{0: '0.0', 1: '1.0', 2: '0.0', 3: '1.0', 4: 0.0784984996580599} 
{0: '0.0', 1: '1.0', 2: '0.0', 3: '1.0', 4: 0.0022936892022550072} 
{0: '0.0', 1: '1.0', 2: '0.0', 3: '1.0', 4: 0.01257526543644225} 
{0: '0.0', 1: '1.0', 2: '0.0', 3: '1.0', 4: 0.9588142592694017} 
{0: '0.0', 1: '1.0', 2: '0.0', 3: '1.0', 4: 1.1972350767675524} 
{0: '0.0', 1: '1.0', 2: '0.0', 3: '1.0', 4: 0.13614619216424984} 
{0: '0.0', 1: '1.0', 2: '0.0', 3: '1.0', 4: 0.07183207123646694} 
{0: '0.0', 1: '1.0', 2: '0.0', 3: '1.0', 4: 0.5523406408663843} 
{0: '0.0', 1: '1.0', 2: '0.0', 3: '1.0', 4: 0.04130820514483804} 
{0: '0.0', 1: '1.0', 2: '0.0', 3: '1.0', 4: 1.6931332085878592} 
{0: '0.0', 1: '1.0', 2: '0.0', 3: '1.0', 4: 0.05302687160785217} 
{0: '0.0', 1: '1.0', 2: '0.0', 3: '1.0', 4: 0.0019336114915071948} 
{0: '0.0', 1: '1.0', 2: '0.0', 3: '1.0', 4: 5.512170017746301} 
{0: '0.0', 1: '1.0', 2: '0.0', 3: '1.0', 4: 0.030305631665470265} 
{0: '0.0', 1: '1.0', 2: '0.0', 3: '1.0', 4: 0.25600818734375824} 
{0: '0.0', 1: '1.0', 2: '0.0', 3: '1.0', 4: 1.263628503587325} 
{0: '0.0', 1: '1.0', 2: '0.0', 3: '1.0', 4: 0.02231721698707951} 
{0: '0.0', 1: '1.0', 2: '0.0', 3: '1.0', 4: 0.18682856532944228} 
{0: '0.0', 1: '1.0', 2: '0.0', 3: '1.0', 4: 0.11246305215140187} 
{0: '0.0', 1: '1.0', 2: '0.0', 3: '1.0', 4: 0.8096598216591544} 
{0: '0.0', 1: '1.0', 2: '0.0', 3: '1.0', 4: 0.0989633317312887} 
{0: '0.0', 1: '1.0', 2: '0.0', 3: '1.0', 4: 0.10920607658647168} 
{0: '0.0', 1: '1.0', 2: '0.0', 3: '1.0', 4: 0.0023278130787748436} 
{0: '0.0', 1: '1.0', 2: '0.0', 3: '1.0', 4: 0.06455680825917495} 
{0: '0.0', 1: '1.0', 2: '0.0', 3: '1.0', 4: 0.11114804967439447} 
{0: '0.0', 1: '1.0', 2: '0.0', 3: '1.0', 4: 0.45888503462173935} 
{0: '0.0', 1: '1.0', 2: '0.0', 3: '1.0', 4: 0.5769992674995845} 
{0: '0.0', 1: '1.0', 2: '0.0', 3: '1.0', 4: 1.1168540378020173} 
{0: '0.0', 1: '1.0', 2: '0.0', 3: '1.0', 4: 2.2616799420996676} 
{0: '0.0', 1: '1.0', 2: '0.0', 3: '1.0', 4: 0.9520249159019266} 
{0: '0.0', 1: '1.0', 2: '0.0', 3: '1.0', 4: 0.10119983551716741} 
{0: '0.0', 1: '1.0', 2: '0.0', 3: '1.0', 4: 0.8817448961660065} 
{0: '0.0', 1: '1.0', 2: '0.0', 3: '1.0', 4: 1.0405338440070455} 
{0: '0.0', 1: '1.0', 2: '0.0', 3: '1.0', 4: 0.66113410030341} 
{0: '0.0', 1: '1.0', 2: '0.0', 3: '1.0', 4: 0.17815553136900228} 
{0: '0.0', 1: '1.0', 2: '0.0', 3: '1.0', 4: 0.052170214012216255} 
{0: '0.0', 1: '1.0', 2: '0.0', 3: '1.0', 4: 0.14043385731636088} 
{0: '0.0', 1: '1.0', 2: '0.0', 3: '1.0', 4: 2.6272074067760833} 
{0: '0.0', 1: '1.0', 2: '0.0', 3: '1.0', 4: 0.001973142955505394} 
{0: '0.0', 1: '1.0', 2: '0.0', 3: '1.0', 4: 0.0005786184602005689} 
{0: '0.0', 1: '1.0', 2: '0.0', 3: '1.0', 4: 0.17954883236460456} 
{0: '0.0', 1: '1.0', 2: '0.0', 3: '1.0', 4: 0.21878404604002255} 
{0: '0.0', 1: '1.0', 2: '0.0', 3: '1.0', 4: 0.5826575373947643} 
{0: '0.0', 1: '1.0', 2: '0.0', 3: '1.0', 4: 0.4361585209096845} 
{0: '0.0', 1: '1.0', 2: '0.0', 3: '1.0', 4: 0.0007581126918337832} 
{0: '0.0', 1: '1.0', 2: '0.0', 3: '1.0', 4: 0.03297525546635025} 
{0: '0.0', 1: '1.0', 2: '0.0', 3: '1.0', 4: 0.005824996769557263} 
{0: '0.0', 1: '1.0', 2: '0.0', 3: '1.0', 4: 0.07811636684978379} 
{0: '0.0', 1: '1.0', 2: '0.0', 3: '1.0', 4: 0.02504809310783654} 
{0: '0.0', 1: '1.0', 2: '0.0', 3: '1.0', 4: 0.14135342925266212} 
{0: '0.0', 1: '1.0', 2: '0.0', 3: '1.0', 4: 2.4235596257222323} 
{0: '0.0', 1: '1.0', 2: '0.0', 3: '1.0', 4: 0.7471912017650859} 
{0: '0.0', 1: '1.0', 2: '0.0', 3: '1.0', 4: 0.19023399418406223} 
{0: '0.0', 1: '1.0', 2: '0.0', 3: '1.0', 4: 0.0001603995834642482} 
{0: '0.0', 1: '1.0', 2: '0.0', 3: '1.0', 4: 0.0027449138319545446} 
{0: '0.0', 1: '1.0', 2: '0.0', 3: '1.0', 4: 3.356719117402634} 
{0: '0.0', 1: '1.0', 2: '0.0', 3: '1.0', 4: 0.01256155709992} 
{0: '0.0', 1: '1.0', 2: '0.0', 3: '1.0', 4: 1.242139127436597} 
{0: '0.0', 1: '1.0', 2: '0.0', 3: '1.0', 4: 0.1366333380164536} 
{0: '0.0', 1: '1.0', 2: '0.0', 3: '1.0', 4: 0.7609743101398229} 
{0: '0.0', 1: '1.0', 2: '0.0', 3: '1.0', 4: 0.03641488714938039} 
{0: '0.0', 1: '1.0', 2: '0.0', 3: '1.0', 4: 0.18228619023828205} 
{0: '0.0', 1: '1.0', 2: '0.0', 3: '1.0', 4: 1.1685968303662726} 
{0: '0.0', 1: '1.0', 2: '0.0', 3: '1.0', 4: 0.04565076436479202} 
{0: '0.0', 1: '1.0', 2: '0.0', 3: '1.0', 4: 0.0022950183805031895} 
{0: '0.0', 1: '1.0', 2: '0.0', 3: '1.0', 4: 0.7836789010731352} 
{0: '0.0', 1: '1.0', 2: '0.0', 3: '1.0', 4: 0.10116993457639363} 
{0: '0.0', 1: '1.0', 2: '0.0', 3: '1.0', 4: 0.1543090764953637} 
{0: '0.0', 1: '1.0', 2: '0.0', 3: '1.0', 4: 0.7911444442563045} 
{0: '0.0', 1: '1.0', 2: '0.0', 3: '1.0', 4: 0.3170371495062694} 
{0: '0.0', 1: '1.0', 2: '0.0', 3: '1.0', 4: 0.10674272139822125} 
{0: '0.0', 1: '1.0', 2: '0.0', 3: '1.0', 4: 0.4378175450497248} 
{0: '0.0', 1: '1.0', 2: '0.0', 3: '1.0', 4: 0.11169218010147855} 
{0: '0.0', 1: '1.0', 2: '0.0', 3: '1.0', 4: 0.09078343942664527} 
{0: '0.0', 1: '1.0', 2: '0.0', 3: '1.0', 4: 0.000639150234657443} 
{0: '0.0', 1: '1.0', 2: '0.0', 3: '1.0', 4: 0.3174736442182186} 
{0: '0.0', 1: '1.0', 2: '0.0', 3: '1.0', 4: 0.03303455338589524} 
{0: '0.0', 1: '1.0', 2: '0.0', 3: '1.0', 4: 0.42439908113566904} 
{0: '0.0', 1: '1.0', 2: '0.0', 3: '1.0', 4: 1.1151298271619114} 
{0: '0.0', 1: '1.0', 2: '0.0', 3: '1.0', 4: 0.6945387400701817} 
{0: '0.0', 1: '1.0', 2: '0.0', 3: '1.0', 4: 0.08291218531882218} 
{0: '0.0', 1: '1.0', 2: '0.0', 3: '1.0', 4: 0.75489608480815} 
{0: '0.0', 1: '1.0', 2: '0.0', 3: '1.0', 4: 0.6726825171838865} 
{0: '0.0', 1: '1.0', 2: '0.0', 3: '1.0', 4: 0.4651259670203525} 
{0: '0.0', 1: '1.0', 2: '0.0', 3: '1.0', 4: 0.36178702287068504} 
{0: '0.0', 1: '1.0', 2: '0.0', 3: '1.0', 4: 0.012039045215179735} 
{0: '0.0', 1: '1.0', 2: '0.0', 3: '1.0', 4: 0.04604848089257495} 
{0: '0.0', 1: '1.0', 2: '0.0', 3: '1.0', 4: 1.0542096187113899} 
{0: '0.0', 1: '1.0', 2: '0.0', 3: '1.0', 4: 0.0005866560080395943} 
{0: '0.0', 1: '1.0', 2: '0.0', 3: '1.0', 4: 0.2411091823517444} 
{0: '0.0', 1: '1.0', 2: '0.0', 3: '1.0', 4: 0.5809568642366946} 
{0: '0.0', 1: '1.0', 2: '0.0', 3: '1.0', 4: 5.906057829858585e-05} 
{0: '0.0', 1: '1.0', 2: '0.0', 3: '1.0', 4: 0.7068405994096213} 
{0: '0.0', 1: '1.0', 2: '0.0', 3: '1.0', 4: 0.052909762964632595} 
{0: '0.0', 1: '1.0', 2: '0.0', 3: '1.0', 4: 0.11529677360709571} 
{0: '0.0', 1: '1.0', 2: '0.0', 3: '1.0', 4: 0.2069743291121186} 
{0: '0.0', 1: '1.0', 2: '0.0', 3: '1.0', 4: 2.96743478296199} 
{0: '0.0', 1: '1.0', 2: '0.0', 3: '1.0', 4: 0.04032284045765696} 
{0: '0.0', 1: '1.0', 2: '0.0', 3: '1.0', 4: 0.2946996542029426} 
{0: '0.0', 1: '1.0', 2: '0.0', 3: '1.0', 4: 0.20113087474119945} 
{0: '0.0', 1: '1.0', 2: '0.0', 3: '1.0', 4: 0.4221689909834243} 
{0: '0.0', 1: '1.0', 2: '0.0', 3: '1.0', 4: 0.36237482369631757} 
{0: '0.0', 1: '1.0', 2: '0.0', 3: '1.0', 4: 1.0553826427600363} 
{0: '0.0', 1: '1.0', 2: '0.0', 3: '1.0', 4: 0.20035973470235713} 
{0: '0.0', 1: '1.0', 2: '0.0', 3: '1.0', 4: 1.7740484804538503} 
{0: '0.0', 1: '1.0', 2: '0.0', 3: '1.0', 4: 0.08939637335753102} 
{0: '0.0', 1: '1.0', 2: '0.0', 3: '1.0', 4: 1.2125654825272705} 
{0: '0.0', 1: '1.0', 2: '0.0', 3: '1.0', 4: 0.29344037664093586} 
{0: '0.0', 1: '1.0', 2: '0.0', 3: '1.0', 4: 0.4903001193877067} 
{0: '0.0', 1: '1.0', 2: '0.0', 3: '1.0', 4: 0.022384204049605456} 
{0: '0.0', 1: '1.0', 2: '0.0', 3: '1.0', 4: 1.0966168545157664} 
{0: '0.0', 1: '1.0', 2: '0.0', 3: '1.0', 4: 0.0007273420940992923} 
{0: '0.0', 1: '1.0', 2: '0.0', 3: '1.0', 4: 0.3871924355879123} 
{0: '0.0', 1: '1.0', 2: '0.0', 3: '1.0', 4: 0.9200477022057089} 
{0: '0.0', 1: '1.0', 2: '0.0', 3: '1.0', 4: 2.126985009186614} 
{0: '0.0', 1: '1.0', 2: '0.0', 3: '1.0', 4: 0.25662326674533525} 
{0: '0.0', 1: '1.0', 2: '0.0', 3: '1.0', 4: 1.1423075159309852} 
{0: '0.0', 1: '1.0', 2: '0.0', 3: '1.0', 4: 0.22103761695142957} 
{0: '0.0', 1: '1.0', 2: '0.0', 3: '1.0', 4: 0.0005327935847839471} 
{0: '0.0', 1: '1.0', 2: '0.0', 3: '1.0', 4: 0.6037094771810486} 
{0: '0.0', 1: '1.0', 2: '0.0', 3: '1.0', 4: 0.022298101906371888} 
{0: '0.0', 1: '1.0', 2: '0.0', 3: '1.0', 4: 0.031668406938619116} 
{0: '0.0', 1: '1.0', 2: '0.0', 3: '1.0', 4: 0.3091157157841662} 
{0: '0.0', 1: '1.0', 2: '0.0', 3: '1.0', 4: 0.8533859983304568} 
{0: '0.0', 1: '1.0', 2: '0.0', 3: '1.0', 4: 0.2271599258497341} 
{0: '0.0', 1: '1.0', 2: '0.0', 3: '1.0', 4: 0.18125044634687093} 
{0: '0.0', 1: '1.0', 2: '0.0', 3: '1.0', 4: 0.15882646769286357} 
{0: '0.0', 1: '1.0', 2: '0.0', 3: '1.0', 4: 0.039245078242517765} 
{0: '0.0', 1: '1.0', 2: '0.0', 3: '1.0', 4: 1.410505631195307} 
{0: '0.0', 1: '1.0', 2: '0.0', 3: '1.0', 4: 1.9697076404515699} 
{0: '0.0', 1: '1.0', 2: '0.0', 3: '1.0', 4: 0.2601601947976225} 
{0: '0.0', 1: '1.0', 2: '0.0', 3: '1.0', 4: 1.4310772078648615} 
{0: '0.0', 1: '1.0', 2: '0.0', 3: '1.0', 4: 0.07188101342162424} 
{0: '0.0', 1: '1.0', 2: '0.0', 3: '1.0', 4: 0.0005472784491330622} 
{0: '0.0', 1: '1.0', 2: '0.0', 3: '1.0', 4: 0.006176452127650597} 
{0: '0.0', 1: '1.0', 2: '0.0', 3: '1.0', 4: 1.6286121392118451} 
{0: '0.0', 1: '1.0', 2: '0.0', 3: '1.0', 4: 0.32862644508571304} 
{0: '0.0', 1: '1.0', 2: '0.0', 3: '1.0', 4: 1.0137209151473905} 
{0: '0.0', 1: '1.0', 2: '0.0', 3: '1.0', 4: 0.42579686032492703} 
{0: '0.0', 1: '1.0', 2: '0.0', 3: '1.0', 4: 0.2847172768289589} 
{0: '0.0', 1: '1.0', 2: '0.0', 3: '1.0', 4: 0.042812064177597885} 
{0: '0.0', 1: '1.0', 2: '0.0', 3: '1.0', 4: 0.7460835075737724} 
{0: '0.0', 1: '1.0', 2: '0.0', 3: '1.0', 4: 1.3177084532133387} 
{0: '0.0', 1: '1.0', 2: '0.0', 3: '1.0', 4: 0.014592603568308285} 
{0: '0.0', 1: '1.0', 2: '0.0', 3: '1.0', 4: 0.022870560621036234} 
{0: '0.0', 1: '1.0', 2: '0.0', 3: '1.0', 4: 0.06496478387301191} 
{0: '0.0', 1: '1.0', 2: '0.0', 3: '1.0', 4: 0.0016103828462610094} 
{0: '0.0', 1: '1.0', 2: '0.0', 3: '1.0', 4: 0.2940795721589086} 
{0: '0.0', 1: '1.0', 2: '0.0', 3: '1.0', 4: 0.34921549503197874} 
{0: '0.0', 1: '1.0', 2: '0.0', 3: '1.0', 4: 0.5206047939981092} 
{0: '0.0', 1: '1.0', 2: '0.0', 3: '1.0', 4: 0.008195717059507135} 
{0: '0.0', 1: '1.0', 2: '0.0', 3: '1.0', 4: 2.05005902176768} 
{0: '0.0', 1: '1.0', 2: '0.0', 3: '1.0', 4: 1.3993823733286164} 
{0: '0.0', 1: '1.0', 2: '0.0', 3: '1.0', 4: 1.8682538989327913} 
{0: '0.0', 1: '1.0', 2: '0.0', 3: '1.0', 4: 0.0008684302763453308} 
{0: '0.0', 1: '1.0', 2: '0.0', 3: '1.0', 4: 0.608642944301691} 
{0: '0.0', 1: '1.0', 2: '0.0', 3: '1.0', 4: 0.5383626366012472} 
{0: '0.0', 1: '1.0', 2: '0.0', 3: '1.0', 4: 0.11114424512260361} 
{0: '0.0', 1: '1.0', 2: '0.0', 3: '1.0', 4: 0.12283104041095476} 
{0: '0.0', 1: '1.0', 2: '0.0', 3: '1.0', 4: 0.19789690605754726} 
{0: '0.0', 1: '1.0', 2: '0.0', 3: '1.0', 4: 0.00876061972011088} 
{0: '0.0', 1: '1.0', 2: '0.0', 3: '1.0', 4: 0.30674678483847356} 
{0: '0.0', 1: '1.0', 2: '0.0', 3: '1.0', 4: 1.4978532398472981} 
{0: '0.0', 1: '1.0', 2: '0.0', 3: '1.0', 4: 0.09565122778173073} 
{0: '0.0', 1: '1.0', 2: '0.0', 3: '1.0', 4: 0.02715108595302456} 
{0: '0.0', 1: '1.0', 2: '0.0', 3: '1.0', 4: 0.18445644729621244} 
{0: '0.0', 1: '1.0', 2: '0.0', 3: '1.0', 4: 0.15236148835563382} 
{0: '0.0', 1: '1.0', 2: '0.0', 3: '1.0', 4: 1.3225408181546534} 
{0: '0.0', 1: '1.0', 2: '0.0', 3: '1.0', 4: 0.0016174719841025684} 
{0: '0.0', 1: '1.0', 2: '0.0', 3: '1.0', 4: 0.18743991594472345} 
{0: '0.0', 1: '1.0', 2: '0.0', 3: '1.0', 4: 0.0009711986013111929} 
{0: '0.0', 1: '1.0', 2: '0.0', 3: '1.0', 4: 0.05312772862019558} 
{0: '0.0', 1: '1.0', 2: '0.0', 3: '1.0', 4: 0.1098552721322766} 
{0: '0.0', 1: '1.0', 2: '0.0', 3: '1.0', 4: 0.32610490801873154} 
{0: '0.0', 1: '1.0', 2: '0.0', 3: '1.0', 4: 0.07098999597398237} 
{0: '0.0', 1: '1.0', 2: '0.0', 3: '1.0', 4: 0.5910299871435375} 
{0: '0.0', 1: '1.0', 2: '0.0', 3: '1.0', 4: 0.6390770325772474} 
{0: '0.0', 1: '1.0', 2: '0.0', 3: '1.0', 4: 0.13974167800495502} 
{0: '0.0', 1: '1.0', 2: '0.0', 3: '1.0', 4: 0.15753581915330048} 
{0: '0.0', 1: '1.0', 2: '0.0', 3: '1.0', 4: 0.16020660206590126} 
{0: '0.0', 1: '1.0', 2: '0.0', 3: '1.0', 4: 1.541153534216332} 
{0: '0.0', 1: '1.0', 2: '0.0', 3: '1.0', 4: 0.23537640678493477} 
{0: '0.0', 1: '1.0', 2: '0.0', 3: '1.0', 4: 0.2378249853328963} 
{0: '0.0', 1: '1.0', 2: '0.0', 3: '1.0', 4: 1.161633258261284} 
{0: '0.0', 1: '1.0', 2: '0.0', 3: '1.0', 4: 0.02702539091462275} 
{0: '0.0', 1: '1.0', 2: '0.0', 3: '1.0', 4: 0.14875883022678602} 
{0: '0.0', 1: '1.0', 2: '0.0', 3: '1.0', 4: 0.08361969686482441} 
{0: '0.0', 1: '1.0', 2: '0.0', 3: '1.0', 4: 0.05144205115930965} 
{0: '0.0', 1: '1.0', 2: '0.0', 3: '1.0', 4: 1.2998756554050006} 
{0: '0.0', 1: '1.0', 2: '0.0', 3: '1.0', 4: 0.16211128270056535} 
{0: '0.0', 1: '1.0', 2: '0.0', 3: '1.0', 4: 1.2015969738085177} 
{0: '0.0', 1: '1.0', 2: '0.0', 3: '1.0', 4: 0.001831093740225288} 
{0: '0.0', 1: '1.0', 2: '0.0', 3: '1.0', 4: 0.4207051016248309} 
{0: '0.0', 1: '1.0', 2: '0.0', 3: '1.0', 4: 0.020752577722145612} 
{0: '0.0', 1: '1.0', 2: '0.0', 3: '1.0', 4: 0.47580944949335363} 
{0: '0.0', 1: '1.0', 2: '0.0', 3: '1.0', 4: 0.0001935521452339368} 
{0: '0.0', 1: '1.0', 2: '0.0', 3: '1.0', 4: 0.03853736119783993} 
{0: '0.0', 1: '1.0', 2: '0.0', 3: '1.0', 4: 0.7355282241973096} 
{0: '0.0', 1: '1.0', 2: '0.0', 3: '1.0', 4: 0.13905403598988617} 
{0: '0.0', 1: '1.0', 2: '0.0', 3: '1.0', 4: 1.0137270903743092} 
{0: '0.0', 1: '1.0', 2: '0.0', 3: '1.0', 4: 0.033021304050882265} 
{0: '0.0', 1: '1.0', 2: '0.0', 3: '1.0', 4: 0.2754086802430757} 
{0: '0.0', 1: '1.0', 2: '0.0', 3: '1.0', 4: 1.7980307560674875} 
{0: '0.0', 1: '1.0', 2: '0.0', 3: '1.0', 4: 2.5239805135199602} 
{0: '0.0', 1: '1.0', 2: '0.0', 3: '1.0', 4: 0.01638978572812882} 
{0: '0.0', 1: '1.0', 2: '0.0', 3: '1.0', 4: 0.013200778613958946} 
{0: '0.0', 1: '1.0', 2: '0.0', 3: '1.0', 4: 1.0765927470311623} 
{0: '0.0', 1: '1.0', 2: '0.0', 3: '1.0', 4: 0.0343815346017367} 
{0: '0.0', 1: '1.0', 2: '0.0', 3: '1.0', 4: 0.3389054102434326} 
{0: '0.0', 1: '1.0', 2: '0.0', 3: '1.0', 4: 0.009872402446069423} 
{0: '0.0', 1: '1.0', 2: '0.0', 3: '1.0', 4: 0.2545291731883601} 
{0: '0.0', 1: '1.0', 2: '0.0', 3: '1.0', 4: 1.767897053265971} 
{0: '0.0', 1: '1.0', 2: '0.0', 3: '1.0', 4: 0.31870619569736625} 
{0: '0.0', 1: '1.0', 2: '0.0', 3: '1.0', 4: 1.1401460537388362} 
{0: '0.0', 1: '1.0', 2: '0.0', 3: '1.0', 4: 0.4497670979803815} 
{0: '0.0', 1: '1.0', 2: '0.0', 3: '1.0', 4: 0.2054144871480829} 
{0: '0.0', 1: '1.0', 2: '0.0', 3: '1.0', 4: 0.0871922307218405} 
{0: '0.0', 1: '1.0', 2: '0.0', 3: '1.0', 4: 1.2290052388310133} 
{0: '0.0', 1: '1.0', 2: '0.0', 3: '1.0', 4: 0.5909459541998779} 
{0: '0.0', 1: '1.0', 2: '0.0', 3: '1.0', 4: 0.1561327849186117} 
{0: '0.0', 1: '1.0', 2: '0.0', 3: '1.0', 4: 1.4433709242519004} 
{0: '0.0', 1: '1.0', 2: '0.0', 3: '1.0', 4: 0.012916549918690925} 
{0: '0.0', 1: '1.0', 2: '0.0', 3: '1.0', 4: 0.19188439736164503} 
{0: '0.0', 1: '1.0', 2: '0.0', 3: '1.0', 4: 0.00032047793084011094} 
{0: '0.0', 1: '1.0', 2: '0.0', 3: '1.0', 4: 1.1064311225613608} 
{0: '0.0', 1: '1.0', 2: '0.0', 3: '1.0', 4: 0.19070175037981393} 
{0: '0.0', 1: '1.0', 2: '0.0', 3: '1.0', 4: 0.2729182179866629} 
{0: '0.0', 1: '1.0', 2: '0.0', 3: '1.0', 4: 0.706538705286375} 
{0: '0.0', 1: '1.0', 2: '0.0', 3: '1.0', 4: 0.0020535507304444444} 
{0: '0.0', 1: '1.0', 2: '0.0', 3: '1.0', 4: 3.202795206088055} 
{0: '0.0', 1: '1.0', 2: '0.0', 3: '1.0', 4: 0.07584410037002237} 
{0: '0.0', 1: '1.0', 2: '0.0', 3: '1.0', 4: 0.046646452974663015} 
{0: '0.0', 1: '1.0', 2: '0.0', 3: '1.0', 4: 0.11460657189404345} 
{0: '0.0', 1: '1.0', 2: '0.0', 3: '1.0', 4: 0.02709934217730075} 
{0: '0.0', 1: '1.0', 2: '0.0', 3: '1.0', 4: 0.00011153941845282639} 
{0: '0.0', 1: '1.0', 2: '0.0', 3: '1.0', 4: 0.5841456723782051} 
{0: '0.0', 1: '1.0', 2: '0.0', 3: '1.0', 4: 0.0014558726749864294} 
{0: '0.0', 1: '1.0', 2: '0.0', 3: '1.0', 4: 0.432359876348601} 
{0: '0.0', 1: '1.0', 2: '0.0', 3: '1.0', 4: 0.12800824134269084} 
{0: '0.0', 1: '1.0', 2: '0.0', 3: '1.0', 4: 0.05084912454386838} 
{0: '0.0', 1: '1.0', 2: '0.0', 3: '1.0', 4: 0.009686611106044558} 
{0: '0.0', 1: '1.0', 2: '0.0', 3: '1.0', 4: 0.09441394906607034} 
{0: '0.0', 1: '1.0', 2: '0.0', 3: '1.0', 4: 0.44711411641648435} 
{0: '0.0', 1: '1.0', 2: '0.0', 3: '1.0', 4: 0.13150781092364372} 
{0: '0.0', 1: '1.0', 2: '0.0', 3: '1.0', 4: 0.42339691098370236} 
{0: '0.0', 1: '1.0', 2: '0.0', 3: '1.0', 4: 0.004149566232684131} 
{0: '0.0', 1: '1.0', 2: '0.0', 3: '1.0', 4: 0.14172443528352552} 
{0: '0.0', 1: '1.0', 2: '0.0', 3: '1.0', 4: 0.0005710244506451068} 
{0: '0.0', 1: '1.0', 2: '0.0', 3: '1.0', 4: 2.3086471548037575} 
{0: '0.0', 1: '1.0', 2: '0.0', 3: '1.0', 4: 0.03557804771086161} 
{0: '0.0', 1: '1.0', 2: '0.0', 3: '1.0', 4: 0.022341775678257392} 
{0: '0.0', 1: '1.0', 2: '0.0', 3: '1.0', 4: 1.5224427306073707} 
{0: '0.0', 1: '1.0', 2: '0.0', 3: '1.0', 4: 0.007257593119997756} 
{0: '0.0', 1: '1.0', 2: '0.0', 3: '1.0', 4: 0.43948544944767703} 
{0: '0.0', 1: '1.0', 2: '0.0', 3: '1.0', 4: 0.11907458879256251} 
{0: '0.0', 1: '1.0', 2: '0.0', 3: '1.0', 4: 0.8461012939576776} 
{0: '0.0', 1: '1.0', 2: '0.0', 3: '1.0', 4: 1.5855672269978698} 
{0: '0.0', 1: '1.0', 2: '0.0', 3: '1.0', 4: 0.30974880561492957} 
{0: '0.0', 1: '1.0', 2: '0.0', 3: '1.0', 4: 0.015433699225887212} 
{0: '0.0', 1: '1.0', 2: '0.0', 3: '1.0', 4: 0.21330356377513668} 
{0: '0.0', 1: '1.0', 2: '0.0', 3: '1.0', 4: 0.262395072850405} 
{0: '0.0', 1: '1.0', 2: '0.0', 3: '1.0', 4: 0.29814483960540666} 
{0: '0.0', 1: '1.0', 2: '0.0', 3: '1.0', 4: 0.16877126920247418} 
{0: '0.0', 1: '1.0', 2: '0.0', 3: '1.0', 4: 0.5660377646518343} 
{0: '0.0', 1: '1.0', 2: '0.0', 3: '1.0', 4: 0.0780409216527629} 
{0: '0.0', 1: '1.0', 2: '0.0', 3: '1.0', 4: 0.0019432298368557443} 
{0: '0.0', 1: '1.0', 2: '0.0', 3: '1.0', 4: 0.3013641674163127} 
{0: '0.0', 1: '1.0', 2: '0.0', 3: '1.0', 4: 0.060264625820717566} 
{0: '0.0', 1: '1.0', 2: '0.0', 3: '1.0', 4: 0.2213397588865411} 
{0: '0.0', 1: '1.0', 2: '0.0', 3: '1.0', 4: 0.018957254156079576} 
{0: '0.0', 1: '1.0', 2: '0.0', 3: '1.0', 4: 0.5635785547945001} 
{0: '0.0', 1: '1.0', 2: '0.0', 3: '1.0', 4: 0.5062747047089454} 
{0: '0.0', 1: '1.0', 2: '0.0', 3: '1.0', 4: 0.6374072165573971} 
{0: '0.0', 1: '1.0', 2: '0.0', 3: '1.0', 4: 1.4204610665668016} 
{0: '0.0', 1: '1.0', 2: '0.0', 3: '1.0', 4: 0.03509972409058312} 
{0: '0.0', 1: '1.0', 2: '0.0', 3: '1.0', 4: 0.3501558748094873} 
{0: '0.0', 1: '1.0', 2: '0.0', 3: '1.0', 4: 0.021111965556136335} 
{0: '0.0', 1: '1.0', 2: '0.0', 3: '1.0', 4: 0.7598261865900084} 
{0: '0.0', 1: '1.0', 2: '0.0', 3: '1.0', 4: 0.026226908589628006} 
{0: '0.0', 1: '1.0', 2: '0.0', 3: '1.0', 4: 0.14888058887492306} 
{0: '0.0', 1: '1.0', 2: '0.0', 3: '1.0', 4: 0.00989571960566431} 
{0: '0.0', 1: '1.0', 2: '0.0', 3: '1.0', 4: 0.2727222870393085} 
{0: '0.0', 1: '1.0', 2: '0.0', 3: '1.0', 4: 0.06909906979887906} 
{0: '0.0', 1: '1.0', 2: '0.0', 3: '1.0', 4: 0.5711099740066574} 
{0: '0.0', 1: '1.0', 2: '0.0', 3: '1.0', 4: 0.09798037611688763} 
{0: '0.0', 1: '1.0', 2: '0.0', 3: '1.0', 4: 0.25438326211018697} 
{0: '0.0', 1: '1.0', 2: '0.0', 3: '1.0', 4: 2.0917225900040504} 
{0: '0.0', 1: '1.0', 2: '0.0', 3: '1.0', 4: 0.2962305774490748} 
{0: '0.0', 1: '1.0', 2: '0.0', 3: '1.0', 4: 0.36758808282423683} 
{0: '0.0', 1: '1.0', 2: '0.0', 3: '1.0', 4: 0.042197136956704434} 
{0: '0.0', 1: '1.0', 2: '0.0', 3: '1.0', 4: 0.017404695942446168} 
{0: '0.0', 1: '1.0', 2: '0.0', 3: '1.0', 4: 0.13895446063752692} 
{0: '0.0', 1: '1.0', 2: '0.0', 3: '1.0', 4: 0.38409211029367735} 
{0: '0.0', 1: '1.0', 2: '0.0', 3: '1.0', 4: 0.5317051900718849} 
{0: '0.0', 1: '1.0', 2: '0.0', 3: '1.0', 4: 0.5329142479830985} 
{0: '0.0', 1: '1.0', 2: '0.0', 3: '1.0', 4: 0.19969013190678253} 
{0: '0.0', 1: '1.0', 2: '0.0', 3: '1.0', 4: 1.1107989938696257} 
{0: '0.0', 1: '1.0', 2: '0.0', 3: '1.0', 4: 0.1942530903010864} 
{0: '0.0', 1: '1.0', 2: '0.0', 3: '1.0', 4: 1.3048779500107222} 
{0: '0.0', 1: '1.0', 2: '0.0', 3: '1.0', 4: 0.00015184913619048826} 
{0: '0.0', 1: '1.0', 2: '0.0', 3: '1.0', 4: 0.7823322102124779} 
{0: '0.0', 1: '1.0', 2: '0.0', 3: '1.0', 4: 0.022420786438642946} 
{0: '0.0', 1: '1.0', 2: '0.0', 3: '1.0', 4: 0.2086415214345023} 
{0: '0.0', 1: '1.0', 2: '0.0', 3: '1.0', 4: 2.3710742165241396} 
{0: '0.0', 1: '1.0', 2: '0.0', 3: '1.0', 4: 0.06495369122273922} 
{0: '0.0', 1: '1.0', 2: '0.0', 3: '1.0', 4: 0.013689213508017705} 
{0: '0.0', 1: '1.0', 2: '0.0', 3: '1.0', 4: 0.008719779413806958} 
{0: '0.0', 1: '1.0', 2: '0.0', 3: '1.0', 4: 0.032374774304251855} 
{0: '0.0', 1: '1.0', 2: '0.0', 3: '1.0', 4: 0.0046536195410817995} 
{0: '0.0', 1: '1.0', 2: '0.0', 3: '1.0', 4: 0.10873810479989149} 
{0: '0.0', 1: '1.0', 2: '0.0', 3: '1.0', 4: 0.1313187751871349} 
{0: '0.0', 1: '1.0', 2: '0.0', 3: '1.0', 4: 0.20805319653695592} 
{0: '0.0', 1: '1.0', 2: '0.0', 3: '1.0', 4: 0.3189684610004642} 
{0: '0.0', 1: '1.0', 2: '0.0', 3: '1.0', 4: 0.015988613795716235} 
{0: '0.0', 1: '1.0', 2: '0.0', 3: '1.0', 4: 0.0014617975038373776} 
{0: '0.0', 1: '1.0', 2: '0.0', 3: '1.0', 4: 2.7894427156899257} 
{0: '0.0', 1: '1.0', 2: '0.0', 3: '1.0', 4: 1.0464625757449475} 
{0: '0.0', 1: '1.0', 2: '0.0', 3: '1.0', 4: 0.07235200157946577} 
{0: '0.0', 1: '1.0', 2: '0.0', 3: '1.0', 4: 0.6390922230190033} 
{0: '0.0', 1: '1.0', 2: '0.0', 3: '1.0', 4: 0.1469797836349118} 
{0: '0.0', 1: '1.0', 2: '0.0', 3: '1.0', 4: 0.08007217102957352} 
{0: '0.0', 1: '1.0', 2: '0.0', 3: '1.0', 4: 0.6008184622626771} 
{0: '0.0', 1: '1.0', 2: '0.0', 3: '1.0', 4: 1.1129291007054205} 
{0: '0.0', 1: '1.0', 2: '0.0', 3: '1.0', 4: 8.220887732103175e-05} 
{0: '0.0', 1: '1.0', 2: '0.0', 3: '1.0', 4: 0.02403882106301323} 
{0: '0.0', 1: '1.0', 2: '0.0', 3: '1.0', 4: 0.11366740426721963} 
{0: '0.0', 1: '1.0', 2: '0.0', 3: '1.0', 4: 0.15159797078515494} 
{0: '0.0', 1: '1.0', 2: '0.0', 3: '1.0', 4: 0.060402831356243664} 
{0: '0.0', 1: '1.0', 2: '0.0', 3: '1.0', 4: 0.016920281338100324} 
{0: '0.0', 1: '1.0', 2: '0.0', 3: '1.0', 4: 0.5581064672831177} 
{0: '0.0', 1: '1.0', 2: '0.0', 3: '1.0', 4: 0.00327482305347391} 
{0: '0.0', 1: '1.0', 2: '0.0', 3: '1.0', 4: 0.05622999464652344} 
{0: '0.0', 1: '1.0', 2: '0.0', 3: '1.0', 4: 0.030855314500978004} 
{0: '0.0', 1: '1.0', 2: '0.0', 3: '1.0', 4: 0.8684041502640376} 
{0: '0.0', 1: '1.0', 2: '0.0', 3: '1.0', 4: 0.6580307266977392} 
{0: '0.0', 1: '1.0', 2: '0.0', 3: '1.0', 4: 0.010284714466791006} 
{0: '0.0', 1: '1.0', 2: '0.0', 3: '1.0', 4: 0.8993554094940766} 
{0: '0.0', 1: '1.0', 2: '0.0', 3: '1.0', 4: 0.2633264873314382} 
{0: '0.0', 1: '1.0', 2: '0.0', 3: '1.0', 4: 0.08305675174478819} 
{0: '0.0', 1: '1.0', 2: '0.0', 3: '1.0', 4: 0.23759783699385034} 
{0: '0.0', 1: '1.0', 2: '0.0', 3: '1.0', 4: 0.19725542860182876} 
{0: '0.0', 1: '1.0', 2: '0.0', 3: '1.0', 4: 2.409531551076151} 
{0: '0.0', 1: '1.0', 2: '0.0', 3: '1.0', 4: 0.5656877895345992} 
{0: '0.0', 1: '1.0', 2: '0.0', 3: '1.0', 4: 0.802730571358832} 
{0: '0.0', 1: '1.0', 2: '0.0', 3: '1.0', 4: 0.01084448074133221} 
{0: '0.0', 1: '1.0', 2: '0.0', 3: '1.0', 4: 0.11755794217791957} 
{0: '0.0', 1: '1.0', 2: '0.0', 3: '1.0', 4: 0.4396238531160436} 
{0: '0.0', 1: '1.0', 2: '0.0', 3: '1.0', 4: 0.11504376998955451} 
{0: '0.0', 1: '1.0', 2: '0.0', 3: '1.0', 4: 0.2518135870129282} 
{0: '0.0', 1: '1.0', 2: '0.0', 3: '1.0', 4: 0.425393664771163} 
{0: '0.0', 1: '1.0', 2: '0.0', 3: '1.0', 4: 0.44243672616246627} 
{0: '0.0', 1: '1.0', 2: '0.0', 3: '1.0', 4: 0.009532364003379173} 
{0: '0.0', 1: '1.0', 2: '0.0', 3: '1.0', 4: 0.5059128409413169} 
{0: '0.0', 1: '1.0', 2: '0.0', 3: '1.0', 4: 0.4381569268417936} 
{0: '0.0', 1: '1.0', 2: '0.0', 3: '1.0', 4: 0.0002663192825444509} 
{0: '0.0', 1: '1.0', 2: '0.0', 3: '1.0', 4: 1.6287926043232075} 
{0: '0.0', 1: '1.0', 2: '0.0', 3: '1.0', 4: 0.056508993757636045} 
{0: '0.0', 1: '1.0', 2: '0.0', 3: '1.0', 4: 0.09758071499998319} 
{0: '0.0', 1: '1.0', 2: '0.0', 3: '1.0', 4: 0.3733449312155802} 
{0: '0.0', 1: '1.0', 2: '0.0', 3: '1.0', 4: 0.1473404775778495} 
{0: '0.0', 1: '1.0', 2: '0.0', 3: '1.0', 4: 0.08237237703361508} 
{0: '0.0', 1: '1.0', 2: '0.0', 3: '1.0', 4: 1.3007246982869194} 
{0: '0.0', 1: '1.0', 2: '0.0', 3: '1.0', 4: 0.024702741845931794} 
{0: '0.0', 1: '1.0', 2: '0.0', 3: '1.0', 4: 0.5767172173164117} 
{0: '0.0', 1: '1.0', 2: '0.0', 3: '1.0', 4: 0.3492863025559442} 
{0: '0.0', 1: '1.0', 2: '0.0', 3: '1.0', 4: 0.001630926205162191} 
{0: '0.0', 1: '1.0', 2: '0.0', 3: '1.0', 4: 1.7024240155360757} 
{0: '0.0', 1: '1.0', 2: '0.0', 3: '1.0', 4: 0.21936484710736812} 
{0: '0.0', 1: '1.0', 2: '0.0', 3: '1.0', 4: 0.037668372086685185} 
{0: '0.0', 1: '1.0', 2: '0.0', 3: '1.0', 4: 0.25741417510489595} 
{0: '0.0', 1: '1.0', 2: '0.0', 3: '1.0', 4: 0.45444204207169797} 
{0: '0.0', 1: '1.0', 2: '0.0', 3: '1.0', 4: 0.8890562962798068} 
{0: '0.0', 1: '1.0', 2: '0.0', 3: '1.0', 4: 0.13582902068310138} 
{0: '0.0', 1: '1.0', 2: '0.0', 3: '1.0', 4: 0.22631407461968317} 
{0: '0.0', 1: '1.0', 2: '0.0', 3: '1.0', 4: 0.9732308507303421} 
{0: '0.0', 1: '1.0', 2: '0.0', 3: '1.0', 4: 0.07589972296133075} 
{0: '0.0', 1: '1.0', 2: '0.0', 3: '1.0', 4: 1.79126105064791} 
{0: '0.0', 1: '1.0', 2: '0.0', 3: '1.0', 4: 0.3716258895919956} 
{0: '0.0', 1: '1.0', 2: '0.0', 3: '1.0', 4: 0.018106557267193547} 
{0: '0.0', 1: '1.0', 2: '0.0', 3: '1.0', 4: 0.6248482632043998} 
{0: '0.0', 1: '1.0', 2: '0.0', 3: '1.0', 4: 0.9538678939628688} 
{0: '0.0', 1: '1.0', 2: '0.0', 3: '1.0', 4: 0.16880018002683506} 
{0: '0.0', 1: '1.0', 2: '0.0', 3: '1.0', 4: 0.4319059481821129} 
{0: '0.0', 1: '1.0', 2: '0.0', 3: '1.0', 4: 1.3336297927327074} 
{0: '0.0', 1: '1.0', 2: '0.0', 3: '1.0', 4: 1.2187465500796388} 
{0: '0.0', 1: '1.0', 2: '0.0', 3: '1.0', 4: 0.1407868825515966} 
{0: '0.0', 1: '1.0', 2: '0.0', 3: '1.0', 4: 1.4610316240000858} 
{0: '0.0', 1: '1.0', 2: '0.0', 3: '1.0', 4: 0.9576060090235426} 
{0: '0.0', 1: '1.0', 2: '0.0', 3: '1.0', 4: 0.285385467469653} 
{0: '0.0', 1: '1.0', 2: '0.0', 3: '1.0', 4: 0.020343822900015632} 
{0: '0.0', 1: '1.0', 2: '0.0', 3: '1.0', 4: 0.39668055129555674} 
{0: '0.0', 1: '1.0', 2: '0.0', 3: '1.0', 4: 0.7591916445298826} 
{0: '0.0', 1: '1.0', 2: '0.0', 3: '1.0', 4: 0.02419931513228544} 
{0: '0.0', 1: '1.0', 2: '0.0', 3: '1.0', 4: 0.3298612264444235} 
{0: '0.0', 1: '1.0', 2: '0.0', 3: '1.0', 4: 0.0930529632092646} 
{0: '0.0', 1: '1.0', 2: '0.0', 3: '1.0', 4: 1.4479391588777137} 
{0: '0.0', 1: '1.0', 2: '0.0', 3: '1.0', 4: 0.06095712229532216} 
{0: '0.0', 1: '1.0', 2: '0.0', 3: '1.0', 4: 0.31266365602369095} 
{0: '0.0', 1: '1.0', 2: '0.0', 3: '1.0', 4: 0.7055888839046648} 
{0: '0.0', 1: '1.0', 2: '0.0', 3: '1.0', 4: 0.27477218477774673} 
{0: '0.0', 1: '1.0', 2: '0.0', 3: '1.0', 4: 0.8876944924172453} 
{0: '0.0', 1: '1.0', 2: '0.0', 3: '1.0', 4: 0.14191214616189632} 
{0: '0.0', 1: '1.0', 2: '0.0', 3: '1.0', 4: 2.8689912516036684} 
{0: '0.0', 1: '1.0', 2: '0.0', 3: '1.0', 4: 0.012913858436627266} 
{0: '0.0', 1: '1.0', 2: '0.0', 3: '1.0', 4: 1.7822101664760759} 
{0: '0.0', 1: '1.0', 2: '0.0', 3: '1.0', 4: 0.16809162753368403} 
{0: '0.0', 1: '1.0', 2: '0.0', 3: '1.0', 4: 1.4832156023613894} 
{0: '0.0', 1: '1.0', 2: '0.0', 3: '1.0', 4: 0.7390926002523138} 
{0: '0.0', 1: '1.0', 2: '0.0', 3: '1.0', 4: 0.28222034159720577} 
{0: '0.0', 1: '1.0', 2: '0.0', 3: '1.0', 4: 1.6953111309548792} 
{0: '0.0', 1: '1.0', 2: '0.0', 3: '1.0', 4: 1.2278011736879793} 
{0: '0.0', 1: '1.0', 2: '0.0', 3: '1.0', 4: 0.48663705179964606} 
{0: '0.0', 1: '1.0', 2: '0.0', 3: '1.0', 4: 0.5363846189908541} 
{0: '0.0', 1: '1.0', 2: '0.0', 3: '1.0', 4: 0.49437444603580677} 
{0: '0.0', 1: '1.0', 2: '0.0', 3: '1.0', 4: 0.4862266859485679} 
{0: '0.0', 1: '1.0', 2: '0.0', 3: '1.0', 4: 0.06702281287142009} 
{0: '0.0', 1: '1.0', 2: '0.0', 3: '1.0', 4: 0.3962013030805346} 
{0: '0.0', 1: '1.0', 2: '0.0', 3: '1.0', 4: 0.19283362401215004} 
{0: '0.0', 1: '1.0', 2: '0.0', 3: '1.0', 4: 0.0004921232905182825} 
{0: '0.0', 1: '1.0', 2: '0.0', 3: '1.0', 4: 0.12147686338536237} 
{0: '0.0', 1: '1.0', 2: '0.0', 3: '1.0', 4: 0.6525402559723111} 
{0: '0.0', 1: '1.0', 2: '0.0', 3: '1.0', 4: 1.1612379017234917} 
{0: '0.0', 1: '1.0', 2: '0.0', 3: '1.0', 4: 0.017514319243066435} 
{0: '0.0', 1: '1.0', 2: '0.0', 3: '1.0', 4: 0.26780961595172825} 
{0: '0.0', 1: '1.0', 2: '0.0', 3: '1.0', 4: 0.34957711392209667} 
{0: '0.0', 1: '1.0', 2: '0.0', 3: '1.0', 4: 0.10477017070027397} 
{0: '0.0', 1: '1.0', 2: '0.0', 3: '1.0', 4: 0.2151799283680414} 
{0: '0.0', 1: '1.0', 2: '0.0', 3: '1.0', 4: 0.3513095167552701} 
{0: '0.0', 1: '1.0', 2: '0.0', 3: '1.0', 4: 0.053273984959447136} 
{0: '0.0', 1: '1.0', 2: '0.0', 3: '1.0', 4: 0.679036139977471} 
{0: '0.0', 1: '1.0', 2: '0.0', 3: '1.0', 4: 0.08370579155497868} 
{0: '0.0', 1: '1.0', 2: '0.0', 3: '1.0', 4: 1.8087709160865297} 
{0: '0.0', 1: '1.0', 2: '0.0', 3: '1.0', 4: 0.16864221519728} 
{0: '0.0', 1: '1.0', 2: '0.0', 3: '1.0', 4: 0.04643415306663446} 
{0: '0.0', 1: '1.0', 2: '0.0', 3: '1.0', 4: 1.4774010024859028} 
{0: '0.0', 1: '1.0', 2: '0.0', 3: '1.0', 4: 0.09725321664479927} 
{0: '0.0', 1: '1.0', 2: '0.0', 3: '1.0', 4: 0.5288779515360361} 
{0: '0.0', 1: '1.0', 2: '0.0', 3: '1.0', 4: 0.011153118782179314} 
{0: '0.0', 1: '1.0', 2: '0.0', 3: '1.0', 4: 1.0918189518571932} 
{0: '0.0', 1: '1.0', 2: '0.0', 3: '1.0', 4: 0.20820652780146573} 
{0: '0.0', 1: '1.0', 2: '0.0', 3: '1.0', 4: 0.03604560650466996} 
{0: '0.0', 1: '1.0', 2: '0.0', 3: '1.0', 4: 0.00048363506829547144} 
{0: '0.0', 1: '1.0', 2: '0.0', 3: '1.0', 4: 0.6935608395581934} 
{0: '0.0', 1: '1.0', 2: '0.0', 3: '1.0', 4: 0.36223456384034874} 
{0: '0.0', 1: '1.0', 2: '0.0', 3: '1.0', 4: 0.025306912922180028} 
{0: '0.0', 1: '1.0', 2: '0.0', 3: '1.0', 4: 0.12565466015248344} 
{0: '0.0', 1: '1.0', 2: '0.0', 3: '1.0', 4: 0.0747490902758899} 
{0: '0.0', 1: '1.0', 2: '0.0', 3: '1.0', 4: 0.0005737822045374779} 
{0: '0.0', 1: '1.0', 2: '0.0', 3: '1.0', 4: 0.14622429628193004} 
{0: '0.0', 1: '1.0', 2: '0.0', 3: '1.0', 4: 1.1802714014185687} 
{0: '0.0', 1: '1.0', 2: '0.0', 3: '1.0', 4: 0.018505341677527334} 
{0: '0.0', 1: '1.0', 2: '0.0', 3: '1.0', 4: 0.3575605688039978} 
{0: '0.0', 1: '1.0', 2: '0.0', 3: '1.0', 4: 0.05701695171180247} 
{0: '0.0', 1: '1.0', 2: '0.0', 3: '1.0', 4: 0.2270954789626591} 
{0: '0.0', 1: '1.0', 2: '0.0', 3: '1.0', 4: 0.494743564976065} 
{0: '0.0', 1: '1.0', 2: '0.0', 3: '1.0', 4: 0.27402620890701224} 
{0: '0.0', 1: '1.0', 2: '0.0', 3: '1.0', 4: 0.15742621786011385} 
{0: '0.0', 1: '1.0', 2: '0.0', 3: '1.0', 4: 0.07906235661359559} 
{0: '0.0', 1: '1.0', 2: '0.0', 3: '1.0', 4: 0.17656557797083328} 
{0: '0.0', 1: '1.0', 2: '0.0', 3: '1.0', 4: 0.007148561371419994} 
{0: '0.0', 1: '1.0', 2: '0.0', 3: '1.0', 4: 1.7345631142763867} 
{0: '0.0', 1: '1.0', 2: '0.0', 3: '1.0', 4: 0.2635043969832648} 
{0: '0.0', 1: '1.0', 2: '0.0', 3: '1.0', 4: 0.0012791289240294032} 
{0: '0.0', 1: '1.0', 2: '0.0', 3: '1.0', 4: 0.04839501801697319} 
{0: '0.0', 1: '1.0', 2: '0.0', 3: '1.0', 4: 1.0178063534033326} 
{0: '0.0', 1: '1.0', 2: '0.0', 3: '1.0', 4: 0.07413119089146013} 
{0: '0.0', 1: '1.0', 2: '0.0', 3: '1.0', 4: 0.44738836737880355} 
{0: '0.0', 1: '1.0', 2: '0.0', 3: '1.0', 4: 0.04684635801193583} 
{0: '0.0', 1: '1.0', 2: '0.0', 3: '1.0', 4: 0.020476489056364188} 
{0: '0.0', 1: '1.0', 2: '0.0', 3: '1.0', 4: 0.012279360535280618} 
{0: '0.0', 1: '1.0', 2: '0.0', 3: '1.0', 4: 0.2815912212990294} 
{0: '0.0', 1: '1.0', 2: '0.0', 3: '1.0', 4: 0.001507332214792154} 
{0: '0.0', 1: '1.0', 2: '0.0', 3: '1.0', 4: 0.018147065108025995} 
{0: '0.0', 1: '1.0', 2: '0.0', 3: '1.0', 4: 0.04211518432267238} 
{0: '0.0', 1: '1.0', 2: '0.0', 3: '1.0', 4: 0.4793936568578018} 
{0: '0.0', 1: '1.0', 2: '0.0', 3: '1.0', 4: 1.1292646305457608} 
{0: '0.0', 1: '1.0', 2: '0.0', 3: '1.0', 4: 1.374726811751452} 
{0: '0.0', 1: '1.0', 2: '0.0', 3: '1.0', 4: 0.6485234650307835} 
{0: '0.0', 1: '1.0', 2: '0.0', 3: '1.0', 4: 0.140553172704803} 
{0: '0.0', 1: '1.0', 2: '0.0', 3: '1.0', 4: 0.0171891443196701} 
{0: '0.0', 1: '1.0', 2: '0.0', 3: '1.0', 4: 0.049094502547247086} 
{0: '0.0', 1: '1.0', 2: '0.0', 3: '1.0', 4: 1.8718744225804809} 
{0: '0.0', 1: '1.0', 2: '0.0', 3: '1.0', 4: 0.0013520687131555137} 
{0: '0.0', 1: '1.0', 2: '0.0', 3: '1.0', 4: 0.13766591571043146} 
{0: '0.0', 1: '1.0', 2: '0.0', 3: '1.0', 4: 0.22697478390312026} 
{0: '0.0', 1: '1.0', 2: '0.0', 3: '1.0', 4: 0.3532975531576837} 
{0: '0.0', 1: '1.0', 2: '0.0', 3: '1.0', 4: 0.22959465786197322} 
{0: '0.0', 1: '1.0', 2: '0.0', 3: '1.0', 4: 1.2453620045890788} 
{0: '0.0', 1: '1.0', 2: '0.0', 3: '1.0', 4: 0.3019478159772618} 
{0: '0.0', 1: '1.0', 2: '0.0', 3: '1.0', 4: 0.6865918555115762} 
{0: '0.0', 1: '1.0', 2: '0.0', 3: '1.0', 4: 0.01906681557071497} 
{0: '0.0', 1: '1.0', 2: '0.0', 3: '1.0', 4: 0.6800643308249982} 
{0: '0.0', 1: '1.0', 2: '0.0', 3: '1.0', 4: 0.3633625043615455} 
{0: '0.0', 1: '1.0', 2: '0.0', 3: '1.0', 4: 0.009080320349263956} 
{0: '0.0', 1: '1.0', 2: '0.0', 3: '1.0', 4: 0.0003846418614216694} 
{0: '0.0', 1: '1.0', 2: '0.0', 3: '1.0', 4: 0.05668361547920189} 
{0: '0.0', 1: '1.0', 2: '0.0', 3: '1.0', 4: 0.3709589416430095} 
{0: '0.0', 1: '1.0', 2: '0.0', 3: '1.0', 4: 0.024899395605048752} 
{0: '0.0', 1: '1.0', 2: '0.0', 3: '1.0', 4: 3.1201680240882115} 
{0: '0.0', 1: '1.0', 2: '0.0', 3: '1.0', 4: 0.26661712215724903} 
{0: '0.0', 1: '1.0', 2: '0.0', 3: '1.0', 4: 0.5345132474170559} 
{0: '0.0', 1: '1.0', 2: '0.0', 3: '1.0', 4: 0.08867838033895507} 
{0: '0.0', 1: '1.0', 2: '0.0', 3: '1.0', 4: 0.2652080840559113} 
{0: '0.0', 1: '1.0', 2: '0.0', 3: '1.0', 4: 0.0674145534459784} 
{0: '0.0', 1: '1.0', 2: '0.0', 3: '1.0', 4: 1.2116486397722742e-05} 
{0: '0.0', 1: '1.0', 2: '0.0', 3: '1.0', 4: 0.26583834261123057} 
{0: '0.0', 1: '1.0', 2: '0.0', 3: '1.0', 4: 0.20221001046215792} 
{0: '0.0', 1: '1.0', 2: '0.0', 3: '1.0', 4: 0.6483586499189621} 
{0: '0.0', 1: '1.0', 2: '0.0', 3: '1.0', 4: 0.002668451234518049} 
{0: '0.0', 1: '1.0', 2: '0.0', 3: '1.0', 4: 0.0030682250417479245} 
{0: '0.0', 1: '1.0', 2: '0.0', 3: '1.0', 4: 0.7829155714670281} 
{0: '0.0', 1: '1.0', 2: '0.0', 3: '1.0', 4: 0.5333106497534547} 
{0: '0.0', 1: '1.0', 2: '0.0', 3: '1.0', 4: 2.7646318316921907} 
{0: '0.0', 1: '1.0', 2: '0.0', 3: '1.0', 4: 1.2773356080001732} 
{0: '0.0', 1: '1.0', 2: '0.0', 3: '1.0', 4: 0.871617768540427} 
{0: '0.0', 1: '1.0', 2: '0.0', 3: '1.0', 4: 1.1101899440282434} 
{0: '0.0', 1: '1.0', 2: '0.0', 3: '1.0', 4: 0.2325814889840843} 
{0: '0.0', 1: '1.0', 2: '0.0', 3: '1.0', 4: 0.005789168134388899} 
{0: '0.0', 1: '1.0', 2: '0.0', 3: '1.0', 4: 0.027823256267829267} 
{0: '0.0', 1: '1.0', 2: '0.0', 3: '1.0', 4: 0.19032774423810042} 
{0: '0.0', 1: '1.0', 2: '0.0', 3: '1.0', 4: 8.153307274733385e-05} 
{0: '0.0', 1: '1.0', 2: '0.0', 3: '1.0', 4: 0.049257832854134424} 
{0: '0.0', 1: '1.0', 2: '0.0', 3: '1.0', 4: 0.23695219905963386} 
{0: '0.0', 1: '1.0', 2: '0.0', 3: '1.0', 4: 0.9540756408943052} 
{0: '0.0', 1: '1.0', 2: '0.0', 3: '1.0', 4: 0.2707454254239503} 
{0: '0.0', 1: '1.0', 2: '0.0', 3: '1.0', 4: 0.17542665200197663} 
{0: '0.0', 1: '1.0', 2: '0.0', 3: '1.0', 4: 0.27780521399665387} 
{0: '0.0', 1: '1.0', 2: '0.0', 3: '1.0', 4: 0.5382469688480769} 
{0: '0.0', 1: '1.0', 2: '0.0', 3: '1.0', 4: 0.00010050677996772783} 
{0: '0.0', 1: '1.0', 2: '0.0', 3: '1.0', 4: 0.044446264316951534} 
{0: '0.0', 1: '1.0', 2: '0.0', 3: '1.0', 4: 0.028112934112207846} 
{0: '0.0', 1: '1.0', 2: '0.0', 3: '1.0', 4: 0.1311049420488995} 
{0: '0.0', 1: '1.0', 2: '0.0', 3: '1.0', 4: 0.5470796198374361} 
{0: '0.0', 1: '1.0', 2: '0.0', 3: '1.0', 4: 0.07763716533892563} 
{0: '0.0', 1: '1.0', 2: '0.0', 3: '1.0', 4: 0.5272901897610914} 
{0: '0.0', 1: '1.0', 2: '0.0', 3: '1.0', 4: 0.816037815437946} 
{0: '0.0', 1: '1.0', 2: '0.0', 3: '1.0', 4: 0.26726491529713203} 
{0: '0.0', 1: '1.0', 2: '0.0', 3: '1.0', 4: 2.1658361267122395} 
{0: '0.0', 1: '1.0', 2: '0.0', 3: '1.0', 4: 1.6669525571122366} 
{0: '0.0', 1: '1.0', 2: '0.0', 3: '1.0', 4: 0.004545513725713768} 
{0: '0.0', 1: '1.0', 2: '0.0', 3: '1.0', 4: 1.4688124985904638} 
{0: '0.0', 1: '1.0', 2: '0.0', 3: '1.0', 4: 0.04521151870353201} 
{0: '0.0', 1: '1.0', 2: '0.0', 3: '1.0', 4: 0.022163269163585103} 
{0: '0.0', 1: '1.0', 2: '0.0', 3: '1.0', 4: 0.002608630265593031} 
{0: '0.0', 1: '1.0', 2: '0.0', 3: '1.0', 4: 0.68580187504749} 
{0: '0.0', 1: '1.0', 2: '0.0', 3: '1.0', 4: 0.07156261102059679} 
{0: '0.0', 1: '1.0', 2: '0.0', 3: '1.0', 4: 0.48533076842617284} 
{0: '0.0', 1: '1.0', 2: '0.0', 3: '1.0', 4: 0.044375853783967634} 
{0: '0.0', 1: '1.0', 2: '0.0', 3: '1.0', 4: 0.07616120605108906} 
{0: '0.0', 1: '1.0', 2: '0.0', 3: '1.0', 4: 0.2809561991575831} 
{0: '0.0', 1: '1.0', 2: '0.0', 3: '1.0', 4: 0.4050812561783596} 
{0: '0.0', 1: '1.0', 2: '0.0', 3: '1.0', 4: 0.11307303514871099} 
{0: '0.0', 1: '1.0', 2: '0.0', 3: '1.0', 4: 0.05378011210715209} 
{0: '0.0', 1: '1.0', 2: '0.0', 3: '1.0', 4: 0.6701307539579447} 
{0: '0.0', 1: '1.0', 2: '0.0', 3: '1.0', 4: 0.2472494536935063} 
{0: '0.0', 1: '1.0', 2: '0.0', 3: '1.0', 4: 3.2107015101694536} 
{0: '0.0', 1: '1.0', 2: '0.0', 3: '1.0', 4: 0.09647915560283242} 
{0: '0.0', 1: '1.0', 2: '0.0', 3: '1.0', 4: 0.786960194020597} 
{0: '0.0', 1: '1.0', 2: '0.0', 3: '1.0', 4: 0.008322805110536076} 
{0: '0.0', 1: '1.0', 2: '0.0', 3: '1.0', 4: 0.3207601740377365} 
{0: '0.0', 1: '1.0', 2: '0.0', 3: '1.0', 4: 0.3108401541727824} 
{0: '0.0', 1: '1.0', 2: '0.0', 3: '1.0', 4: 0.6507439520474028} 
{0: '0.0', 1: '1.0', 2: '0.0', 3: '1.0', 4: 0.09278245039114578} 
{0: '0.0', 1: '1.0', 2: '0.0', 3: '1.0', 4: 0.059820165363566484} 
{0: '0.0', 1: '1.0', 2: '0.0', 3: '1.0', 4: 0.006371334421658823} 
{0: '0.0', 1: '1.0', 2: '0.0', 3: '1.0', 4: 0.40529833939068194} 
{0: '0.0', 1: '1.0', 2: '0.0', 3: '1.0', 4: 0.0576161325757523} 
{0: '0.0', 1: '1.0', 2: '0.0', 3: '1.0', 4: 0.21475973872433557} 
{0: '0.0', 1: '1.0', 2: '0.0', 3: '1.0', 4: 0.01716124590832512} 
{0: '0.0', 1: '1.0', 2: '0.0', 3: '1.0', 4: 0.27085066957220516} 
{0: '0.0', 1: '1.0', 2: '0.0', 3: '1.0', 4: 1.060363911857386} 
{0: '0.0', 1: '1.0', 2: '0.0', 3: '1.0', 4: 0.06927008406710673} 
{0: '0.0', 1: '1.0', 2: '0.0', 3: '1.0', 4: 0.8824248538673574} 
{0: '0.0', 1: '1.0', 2: '0.0', 3: '1.0', 4: 1.136429645175201} 
{0: '0.0', 1: '1.0', 2: '0.0', 3: '1.0', 4: 0.7487636951232434} 
{0: '0.0', 1: '1.0', 2: '0.0', 3: '1.0', 4: 0.13303836299035318} 
{0: '0.0', 1: '1.0', 2: '0.0', 3: '1.0', 4: 0.007809474075251024} 
{0: '0.0', 1: '1.0', 2: '0.0', 3: '1.0', 4: 2.0066898616002833} 
{0: '0.0', 1: '1.0', 2: '0.0', 3: '1.0', 4: 0.0018647808987415587} 
{0: '0.0', 1: '1.0', 2: '0.0', 3: '1.0', 4: 0.8631014242815741} 
{0: '0.0', 1: '1.0', 2: '0.0', 3: '1.0', 4: 0.014357742886789348} 
{0: '0.0', 1: '1.0', 2: '0.0', 3: '1.0', 4: 2.493443814087809} 
{0: '0.0', 1: '1.0', 2: '0.0', 3: '1.0', 4: 0.015164811383070135} 
{0: '0.0', 1: '1.0', 2: '0.0', 3: '1.0', 4: 0.7495313421927962} 
{0: '0.0', 1: '1.0', 2: '0.0', 3: '1.0', 4: 1.9236198770451447} 
{0: '0.0', 1: '1.0', 2: '0.0', 3: '1.0', 4: 0.0003522967036591193} 
{0: '0.0', 1: '1.0', 2: '0.0', 3: '1.0', 4: 0.03671932173839303} 
{0: '0.0', 1: '1.0', 2: '0.0', 3: '1.0', 4: 0.02903711570196493} 
{0: '0.0', 1: '1.0', 2: '0.0', 3: '1.0', 4: 0.20120268481063766} 
{0: '0.0', 1: '1.0', 2: '0.0', 3: '1.0', 4: 0.4112989120753579} 
{0: '0.0', 1: '1.0', 2: '0.0', 3: '1.0', 4: 0.5150444772713717} 
{0: '0.0', 1: '1.0', 2: '0.0', 3: '1.0', 4: 0.28292835142940514} 
{0: '0.0', 1: '1.0', 2: '0.0', 3: '1.0', 4: 1.3156093149327224} 
{0: '0.0', 1: '1.0', 2: '0.0', 3: '1.0', 4: 0.08997881326991976} 
{0: '0.0', 1: '1.0', 2: '0.0', 3: '1.0', 4: 0.05383050967732904} 
{0: '0.0', 1: '1.0', 2: '0.0', 3: '1.0', 4: 0.40683691595813765} 
{0: '0.0', 1: '1.0', 2: '0.0', 3: '1.0', 4: 0.3969589315355951} 
{0: '0.0', 1: '1.0', 2: '0.0', 3: '1.0', 4: 0.67055231137329} 
{0: '0.0', 1: '1.0', 2: '0.0', 3: '1.0', 4: 0.018329774901724286} 
{0: '0.0', 1: '1.0', 2: '0.0', 3: '1.0', 4: 0.39564347772697855} 
{0: '0.0', 1: '1.0', 2: '0.0', 3: '1.0', 4: 0.13311406515381996} 
{0: '0.0', 1: '1.0', 2: '0.0', 3: '1.0', 4: 0.0004173561447659093} 
{0: '0.0', 1: '1.0', 2: '0.0', 3: '1.0', 4: 0.08447571234044982} 
{0: '0.0', 1: '1.0', 2: '0.0', 3: '1.0', 4: 0.24685941759411323} 
{0: '0.0', 1: '1.0', 2: '0.0', 3: '1.0', 4: 0.966088567848446} 
{0: '0.0', 1: '1.0', 2: '0.0', 3: '1.0', 4: 0.04525016685317404} 
{0: '0.0', 1: '1.0', 2: '0.0', 3: '1.0', 4: 0.0004206361844964997} 
{0: '0.0', 1: '1.0', 2: '0.0', 3: '1.0', 4: 0.4385300324425769} 
{0: '0.0', 1: '1.0', 2: '0.0', 3: '1.0', 4: 1.0345250774918615} 
{0: '0.0', 1: '1.0', 2: '0.0', 3: '1.0', 4: 0.0644286112480285} 
{0: '0.0', 1: '1.0', 2: '0.0', 3: '1.0', 4: 0.007647157117666268} 
{0: '0.0', 1: '1.0', 2: '0.0', 3: '1.0', 4: 0.2427714806164302} 
{0: '0.0', 1: '1.0', 2: '0.0', 3: '1.0', 4: 0.005853606140766799} 
{0: '0.0', 1: '1.0', 2: '0.0', 3: '1.0', 4: 2.7601831892946014} 
{0: '0.0', 1: '1.0', 2: '0.0', 3: '1.0', 4: 0.003936434937993222} 
{0: '0.0', 1: '1.0', 2: '0.0', 3: '1.0', 4: 0.0010954027513177978} 
{0: '0.0', 1: '1.0', 2: '0.0', 3: '1.0', 4: 0.2683483918396232} 
{0: '0.0', 1: '1.0', 2: '0.0', 3: '1.0', 4: 0.5278715888115573} 
{0: '0.0', 1: '1.0', 2: '0.0', 3: '1.0', 4: 0.25897805989004347} 
{0: '0.0', 1: '1.0', 2: '0.0', 3: '1.0', 4: 0.42022343330647577} 
{0: '0.0', 1: '1.0', 2: '0.0', 3: '1.0', 4: 0.11189567930870939} 
{0: '0.0', 1: '1.0', 2: '0.0', 3: '1.0', 4: 0.11669458977890308} 
{0: '0.0', 1: '1.0', 2: '0.0', 3: '1.0', 4: 8.116631985715553e-05} 
{0: '0.0', 1: '1.0', 2: '0.0', 3: '1.0', 4: 0.5415073839428617} 
{0: '0.0', 1: '1.0', 2: '0.0', 3: '1.0', 4: 0.0016221685848234542} 
{0: '0.0', 1: '1.0', 2: '0.0', 3: '1.0', 4: 0.11831500767409839} 
{0: '0.0', 1: '1.0', 2: '0.0', 3: '1.0', 4: 0.14627713076299323} 
{0: '0.0', 1: '1.0', 2: '0.0', 3: '1.0', 4: 0.09636585288051666} 
{0: '0.0', 1: '1.0', 2: '0.0', 3: '1.0', 4: 0.6538318891616318} 
{0: '0.0', 1: '1.0', 2: '0.0', 3: '1.0', 4: 0.19169147640476883} 
{0: '0.0', 1: '1.0', 2: '0.0', 3: '1.0', 4: 0.6609482243321958} 
{0: '0.0', 1: '1.0', 2: '0.0', 3: '1.0', 4: 0.8585695777906717} 
{0: '0.0', 1: '1.0', 2: '0.0', 3: '1.0', 4: 0.9651928852475429} 
{0: '0.0', 1: '1.0', 2: '0.0', 3: '1.0', 4: 1.2731455054914167} 
{0: '0.0', 1: '1.0', 2: '0.0', 3: '1.0', 4: 0.010343895248396578} 
{0: '0.0', 1: '1.0', 2: '0.0', 3: '1.0', 4: 0.5100482358809922} 
{0: '0.0', 1: '1.0', 2: '0.0', 3: '1.0', 4: 1.6434383149129363} 
{0: '0.0', 1: '1.0', 2: '0.0', 3: '1.0', 4: 0.10255847318861688} 
{0: '0.0', 1: '1.0', 2: '0.0', 3: '1.0', 4: 0.003277703069348389} 
{0: '0.0', 1: '1.0', 2: '0.0', 3: '1.0', 4: 1.2133050409448607} 
{0: '0.0', 1: '1.0', 2: '0.0', 3: '1.0', 4: 1.2684330347752522} 
{0: '0.0', 1: '1.0', 2: '0.0', 3: '1.0', 4: 0.07599706467733597} 
{0: '0.0', 1: '1.0', 2: '0.0', 3: '1.0', 4: 0.3565595478672058} 
{0: '0.0', 1: '1.0', 2: '0.0', 3: '1.0', 4: 0.7158455123722945} 
{0: '0.0', 1: '1.0', 2: '0.0', 3: '1.0', 4: 1.2678032487247488} 
{0: '0.0', 1: '1.0', 2: '0.0', 3: '1.0', 4: 0.8322240220794277} 
{0: '0.0', 1: '1.0', 2: '0.0', 3: '1.0', 4: 0.08287693962845606} 
{0: '0.0', 1: '1.0', 2: '0.0', 3: '1.0', 4: 0.06893219022317426} 
{0: '0.0', 1: '1.0', 2: '0.0', 3: '1.0', 4: 0.0799978904188234} 
{0: '0.0', 1: '1.0', 2: '0.0', 3: '1.0', 4: 0.0578043307374629} 
{0: '0.0', 1: '1.0', 2: '0.0', 3: '1.0', 4: 1.9929692953918106} 
{0: '0.0', 1: '1.0', 2: '0.0', 3: '1.0', 4: 0.027467398350801826} 
{0: '0.0', 1: '1.0', 2: '0.0', 3: '1.0', 4: 0.13148416974578495} 
{0: '0.0', 1: '1.0', 2: '0.0', 3: '1.0', 4: 0.2897628184308807} 
{0: '0.0', 1: '1.0', 2: '0.0', 3: '1.0', 4: 1.1664555642368188} 
{0: '0.0', 1: '1.0', 2: '0.0', 3: '1.0', 4: 0.2035347823400303} 
{0: '0.0', 1: '1.0', 2: '0.0', 3: '1.0', 4: 0.2670457914160369} 
{0: '0.0', 1: '1.0', 2: '0.0', 3: '1.0', 4: 1.0511021457810896} 
{0: '0.0', 1: '1.0', 2: '0.0', 3: '1.0', 4: 0.12311908478788314} 
{0: '0.0', 1: '1.0', 2: '0.0', 3: '1.0', 4: 0.47290901707715993} 
{0: '0.0', 1: '1.0', 2: '0.0', 3: '1.0', 4: 1.0773747583595346} 
{0: '0.0', 1: '1.0', 2: '0.0', 3: '1.0', 4: 0.9833545671295231} 
{0: '0.0', 1: '1.0', 2: '0.0', 3: '1.0', 4: 0.9557660734780092} 
{0: '0.0', 1: '1.0', 2: '0.0', 3: '1.0', 4: 0.4822580122186373} 
{0: '0.0', 1: '1.0', 2: '0.0', 3: '1.0', 4: 1.382085634054361} 
{0: '0.0', 1: '1.0', 2: '0.0', 3: '1.0', 4: 0.062319994981657495} 
{0: '0.0', 1: '1.0', 2: '0.0', 3: '1.0', 4: 0.6455789644576858} 
{0: '0.0', 1: '1.0', 2: '0.0', 3: '1.0', 4: 2.0557356057511234} 
{0: '0.0', 1: '1.0', 2: '0.0', 3: '1.0', 4: 0.23296045926750203} 
{0: '0.0', 1: '1.0', 2: '0.0', 3: '1.0', 4: 0.2517111355667404} 
{0: '0.0', 1: '1.0', 2: '0.0', 3: '1.0', 4: 2.229918796518842} 
{0: '0.0', 1: '1.0', 2: '0.0', 3: '1.0', 4: 0.6734151738853535} 
{0: '0.0', 1: '1.0', 2: '0.0', 3: '1.0', 4: 0.08660352187447201} 
{0: '0.0', 1: '1.0', 2: '0.0', 3: '1.0', 4: 0.34609325822250325} 
{0: '0.0', 1: '1.0', 2: '0.0', 3: '1.0', 4: 0.4098804468796135} 
{0: '0.0', 1: '1.0', 2: '0.0', 3: '1.0', 4: 0.19395165702679454} 
{0: '0.0', 1: '1.0', 2: '0.0', 3: '1.0', 4: 0.3453376385574196} 
{0: '0.0', 1: '1.0', 2: '0.0', 3: '1.0', 4: 0.855070077915877} 
{0: '0.0', 1: '1.0', 2: '0.0', 3: '1.0', 4: 0.04669635506954846} 
{0: '0.0', 1: '1.0', 2: '0.0', 3: '1.0', 4: 0.0017452837116333927} 
{0: '0.0', 1: '1.0', 2: '0.0', 3: '1.0', 4: 0.20921854206081003} 
{0: '0.0', 1: '1.0', 2: '0.0', 3: '1.0', 4: 0.03841162563480172} 
{0: '0.0', 1: '1.0', 2: '0.0', 3: '1.0', 4: 0.8383025143034502} 
{0: '0.0', 1: '1.0', 2: '0.0', 3: '1.0', 4: 1.0462082707858924} 
{0: '0.0', 1: '1.0', 2: '0.0', 3: '1.0', 4: 0.049913586420143624} 
{0: '0.0', 1: '1.0', 2: '0.0', 3: '1.0', 4: 0.35307140517223995} 
{0: '0.0', 1: '1.0', 2: '0.0', 3: '1.0', 4: 0.007000041007520297} 
{0: '0.0', 1: '1.0', 2: '0.0', 3: '1.0', 4: 0.013630043288509551} 
{0: '0.0', 1: '1.0', 2: '0.0', 3: '1.0', 4: 0.3139634486013467} 
{0: '0.0', 1: '1.0', 2: '0.0', 3: '1.0', 4: 0.23132913800292462} 
{0: '0.0', 1: '1.0', 2: '0.0', 3: '1.0', 4: 0.40342792634113256} 
{0: '0.0', 1: '1.0', 2: '0.0', 3: '1.0', 4: 0.26434104967223} 
{0: '0.0', 1: '1.0', 2: '0.0', 3: '1.0', 4: 1.21017255166574} 
{0: '0.0', 1: '1.0', 2: '0.0', 3: '1.0', 4: 0.03245457255994214} 
{0: '0.0', 1: '1.0', 2: '0.0', 3: '1.0', 4: 0.44310395076251463} 
{0: '0.0', 1: '1.0', 2: '0.0', 3: '1.0', 4: 0.30910071797829136} 
{0: '0.0', 1: '1.0', 2: '0.0', 3: '1.0', 4: 0.06880038735965052} 
{0: '0.0', 1: '1.0', 2: '0.0', 3: '1.0', 4: 0.1252267703968041} 
{0: '0.0', 1: '1.0', 2: '0.0', 3: '1.0', 4: 3.0437107282893585} 
{0: '0.0', 1: '1.0', 2: '0.0', 3: '1.0', 4: 1.1562748264299225} 
{0: '0.0', 1: '1.0', 2: '0.0', 3: '1.0', 4: 0.5830623096027199} 
{0: '0.0', 1: '1.0', 2: '0.0', 3: '1.0', 4: 0.04905159120817747} 
{0: '0.0', 1: '1.0', 2: '0.0', 3: '1.0', 4: 0.03687174789615793} 
{0: '0.0', 1: '1.0', 2: '0.0', 3: '1.0', 4: 0.9191378000084724} 
{0: '0.0', 1: '1.0', 2: '0.0', 3: '1.0', 4: 0.0025535693285955057} 
{0: '0.0', 1: '1.0', 2: '0.0', 3: '1.0', 4: 0.1320812952541759} 
{0: '0.0', 1: '1.0', 2: '0.0', 3: '1.0', 4: 0.3315949010219711} 
{0: '0.0', 1: '1.0', 2: '0.0', 3: '1.0', 4: 0.25737663769658037} 
{0: '0.0', 1: '1.0', 2: '0.0', 3: '1.0', 4: 0.3796467561499386} 
{0: '0.0', 1: '1.0', 2: '0.0', 3: '1.0', 4: 2.6990164740702363} 
{0: '0.0', 1: '1.0', 2: '0.0', 3: '1.0', 4: 0.23662466438281962} 
{0: '0.0', 1: '1.0', 2: '0.0', 3: '1.0', 4: 0.9262541237648115} 
{0: '0.0', 1: '1.0', 2: '0.0', 3: '1.0', 4: 4.848150322906157} 
{0: '0.0', 1: '1.0', 2: '0.0', 3: '1.0', 4: 1.253715119238207} 
{0: '0.0', 1: '1.0', 2: '0.0', 3: '1.0', 4: 0.6525617921067478} 
{0: '0.0', 1: '1.0', 2: '0.0', 3: '1.0', 4: 0.20078372839698072} 
{0: '0.0', 1: '1.0', 2: '0.0', 3: '1.0', 4: 0.017325389476848745} 
{0: '0.0', 1: '1.0', 2: '0.0', 3: '1.0', 4: 0.00444103556419459} 
{0: '0.0', 1: '1.0', 2: '0.0', 3: '1.0', 4: 1.2769123228993406} 
{0: '0.0', 1: '1.0', 2: '0.0', 3: '1.0', 4: 0.3093599525108063} 
{0: '0.0', 1: '1.0', 2: '0.0', 3: '1.0', 4: 0.00016686759959692678} 
{0: '0.0', 1: '1.0', 2: '0.0', 3: '1.0', 4: 0.006133407947226374} 
{0: '0.0', 1: '1.0', 2: '0.0', 3: '1.0', 4: 0.5199706307276794} 
{0: '0.0', 1: '1.0', 2: '0.0', 3: '1.0', 4: 3.296761910763297e-05} 
{0: '0.0', 1: '1.0', 2: '0.0', 3: '1.0', 4: 0.0007455290307028209} 
{0: '0.0', 1: '1.0', 2: '0.0', 3: '1.0', 4: 0.1666336665543857} 
{0: '0.0', 1: '1.0', 2: '0.0', 3: '1.0', 4: 0.17526532074107073} 
{0: '0.0', 1: '1.0', 2: '0.0', 3: '1.0', 4: 0.0031911713269588988} 
{0: '0.0', 1: '1.0', 2: '0.0', 3: '1.0', 4: 0.7796655347614707} 
{0: '0.0', 1: '1.0', 2: '0.0', 3: '1.0', 4: 1.9460243939885475} 
{0: '0.0', 1: '1.0', 2: '0.0', 3: '1.0', 4: 0.047632023894335504} 
{0: '0.0', 1: '1.0', 2: '0.0', 3: '1.0', 4: 2.3599444857309133} 
{0: '0.0', 1: '1.0', 2: '0.0', 3: '1.0', 4: 0.03702667724783174} 
{0: '0.0', 1: '1.0', 2: '0.0', 3: '1.0', 4: 0.015255048475983959} 
{0: '0.0', 1: '1.0', 2: '0.0', 3: '1.0', 4: 0.5451471894446313} 
{0: '0.0', 1: '1.0', 2: '0.0', 3: '1.0', 4: 1.2335221590033185} 
{0: '0.0', 1: '1.0', 2: '0.0', 3: '1.0', 4: 1.2546217252027008} 
{0: '0.0', 1: '1.0', 2: '0.0', 3: '1.0', 4: 0.17305208879660886} 
{0: '0.0', 1: '1.0', 2: '0.0', 3: '1.0', 4: 0.6166120201810577} 
{0: '0.0', 1: '1.0', 2: '0.0', 3: '1.0', 4: 0.01041647627233909} 
{0: '0.0', 1: '1.0', 2: '0.0', 3: '1.0', 4: 1.724073385466988} 
{0: '0.0', 1: '1.0', 2: '0.0', 3: '1.0', 4: 0.000255803468424333} 
{0: '0.0', 1: '1.0', 2: '0.0', 3: '1.0', 4: 0.05691264190603562} 
{0: '0.0', 1: '1.0', 2: '0.0', 3: '1.0', 4: 0.9316549185682443} 
{0: '0.0', 1: '1.0', 2: '0.0', 3: '1.0', 4: 3.6716230958960008} 
{0: '0.0', 1: '1.0', 2: '0.0', 3: '1.0', 4: 0.29009227974732715} 
{0: '0.0', 1: '1.0', 2: '0.0', 3: '1.0', 4: 0.4138196031520238} 
{0: '0.0', 1: '1.0', 2: '0.0', 3: '1.0', 4: 0.10815356831048413} 
{0: '0.0', 1: '1.0', 2: '0.0', 3: '1.0', 4: 0.3876065481968602} 
{0: '0.0', 1: '1.0', 2: '0.0', 3: '1.0', 4: 0.043936960800974895} 
{0: '0.0', 1: '1.0', 2: '0.0', 3: '1.0', 4: 2.5178622495919942} 
{0: '0.0', 1: '1.0', 2: '0.0', 3: '1.0', 4: 0.040754845003285224} 
{0: '0.0', 1: '1.0', 2: '0.0', 3: '1.0', 4: 0.07610129885408022} 
{0: '0.0', 1: '1.0', 2: '0.0', 3: '1.0', 4: 0.8797765673235314} 
{0: '0.0', 1: '1.0', 2: '0.0', 3: '1.0', 4: 0.34735515830767866} 
{0: '0.0', 1: '1.0', 2: '0.0', 3: '1.0', 4: 0.23822683200751413} 
{0: '0.0', 1: '1.0', 2: '0.0', 3: '1.0', 4: 0.013347367759617314} 
{0: '0.0', 1: '1.0', 2: '0.0', 3: '1.0', 4: 0.020579607018617357} 
{0: '0.0', 1: '1.0', 2: '0.0', 3: '1.0', 4: 0.027603524698696282} 
{0: '0.0', 1: '1.0', 2: '0.0', 3: '1.0', 4: 0.024147137498956285} 
{0: '0.0', 1: '1.0', 2: '0.0', 3: '1.0', 4: 0.06255945396897898} 
{0: '0.0', 1: '1.0', 2: '0.0', 3: '1.0', 4: 0.18078316081020884} 
{0: '0.0', 1: '1.0', 2: '0.0', 3: '1.0', 4: 0.8467177195348967} 
{0: '0.0', 1: '1.0', 2: '0.0', 3: '1.0', 4: 2.9111374420408187} 
{0: '0.0', 1: '1.0', 2: '0.0', 3: '1.0', 4: 2.112665935612362} 
{0: '0.0', 1: '1.0', 2: '0.0', 3: '1.0', 4: 1.1068705687548581} 
{0: '0.0', 1: '1.0', 2: '0.0', 3: '1.0', 4: 0.7587250809177517} 
{0: '0.0', 1: '1.0', 2: '0.0', 3: '1.0', 4: 1.3540279365641215} 
{0: '0.0', 1: '1.0', 2: '0.0', 3: '1.0', 4: 0.05511752872952632} 
{0: '0.0', 1: '1.0', 2: '0.0', 3: '1.0', 4: 1.0146583980740334} 
{0: '0.0', 1: '1.0', 2: '0.0', 3: '1.0', 4: 0.007245480426154696} 
{0: '0.0', 1: '1.0', 2: '0.0', 3: '1.0', 4: 0.7178656957003146} 
{0: '0.0', 1: '1.0', 2: '0.0', 3: '1.0', 4: 0.43549508386977887} 
{0: '0.0', 1: '1.0', 2: '0.0', 3: '1.0', 4: 0.036659613653153365} 
{0: '0.0', 1: '1.0', 2: '0.0', 3: '1.0', 4: 0.6538715325433246} 
{0: '0.0', 1: '1.0', 2: '0.0', 3: '1.0', 4: 0.07868733445788827} 
{0: '0.0', 1: '1.0', 2: '0.0', 3: '1.0', 4: 0.08065449788862239} 
{0: '0.0', 1: '1.0', 2: '0.0', 3: '1.0', 4: 0.13129151317607413} 
{0: '0.0', 1: '1.0', 2: '0.0', 3: '1.0', 4: 1.3097908176543218} 
{0: '0.0', 1: '1.0', 2: '0.0', 3: '1.0', 4: 0.9085357241902584} 
{0: '0.0', 1: '1.0', 2: '0.0', 3: '1.0', 4: 1.693357755748633} 
{0: '0.0', 1: '1.0', 2: '0.0', 3: '1.0', 4: 0.3239352881037805} 
{0: '0.0', 1: '1.0', 2: '0.0', 3: '1.0', 4: 0.1538286152402187} 
{0: '0.0', 1: '1.0', 2: '0.0', 3: '1.0', 4: 0.1705378357476433} 
{0: '0.0', 1: '1.0', 2: '0.0', 3: '1.0', 4: 0.20808164284981004} 
{0: '0.0', 1: '1.0', 2: '0.0', 3: '1.0', 4: 0.7809987699048456} 
{0: '0.0', 1: '1.0', 2: '0.0', 3: '1.0', 4: 2.173744873040447} 
{0: '0.0', 1: '1.0', 2: '0.0', 3: '1.0', 4: 0.06845821405069871} 
{0: '0.0', 1: '1.0', 2: '0.0', 3: '1.0', 4: 0.5121874950944705} 
{0: '0.0', 1: '1.0', 2: '0.0', 3: '1.0', 4: 0.5626687380082014} 
{0: '0.0', 1: '1.0', 2: '0.0', 3: '1.0', 4: 1.6457328382931218} 
{0: '0.0', 1: '1.0', 2: '0.0', 3: '1.0', 4: 0.2738352168706042} 
{0: '0.0', 1: '1.0', 2: '0.0', 3: '1.0', 4: 0.07407143155206983} 
{0: '0.0', 1: '1.0', 2: '0.0', 3: '1.0', 4: 0.8186306011752857} 
{0: '0.0', 1: '1.0', 2: '0.0', 3: '1.0', 4: 0.7552173858678526} 
{0: '0.0', 1: '1.0', 2: '0.0', 3: '1.0', 4: 0.25334966312040125} 
{0: '0.0', 1: '1.0', 2: '0.0', 3: '1.0', 4: 0.0030564512817773024} 
{0: '0.0', 1: '1.0', 2: '0.0', 3: '1.0', 4: 0.3358090501206326} 
{0: '0.0', 1: '1.0', 2: '0.0', 3: '1.0', 4: 0.3423788688432573} 
{0: '0.0', 1: '1.0', 2: '0.0', 3: '1.0', 4: 0.015089152984820779} 
{0: '0.0', 1: '1.0', 2: '0.0', 3: '1.0', 4: 0.23845145282905378} 
{0: '0.0', 1: '1.0', 2: '0.0', 3: '1.0', 4: 0.023446661190628854} 
{0: '0.0', 1: '1.0', 2: '0.0', 3: '1.0', 4: 0.01279824823978528} 
{0: '0.0', 1: '1.0', 2: '0.0', 3: '1.0', 4: 6.468497711696525e-06} 
{0: '0.0', 1: '1.0', 2: '0.0', 3: '1.0', 4: 0.25264831435188234} 
{0: '0.0', 1: '1.0', 2: '0.0', 3: '1.0', 4: 1.3596526586881912} 
{0: '0.0', 1: '1.0', 2: '0.0', 3: '1.0', 4: 1.0042881929604848} 
{0: '0.0', 1: '1.0', 2: '0.0', 3: '1.0', 4: 0.1593884607149276} 
{0: '0.0', 1: '1.0', 2: '0.0', 3: '1.0', 4: 0.42349123726717425} 
{0: '0.0', 1: '1.0', 2: '0.0', 3: '1.0', 4: 0.13941786623946636} 
{0: '0.0', 1: '1.0', 2: '0.0', 3: '1.0', 4: 0.4808734752277574} 
{0: '0.0', 1: '1.0', 2: '0.0', 3: '1.0', 4: 0.006998025207038822} 
{0: '0.0', 1: '1.0', 2: '0.0', 3: '1.0', 4: 0.41714794678771044} 
{0: '0.0', 1: '1.0', 2: '0.0', 3: '1.0', 4: 2.192111097217149} 
{0: '0.0', 1: '1.0', 2: '0.0', 3: '1.0', 4: 1.7422397238932943} 
{0: '0.0', 1: '1.0', 2: '0.0', 3: '1.0', 4: 0.060934336193732244} 
{0: '0.0', 1: '1.0', 2: '0.0', 3: '1.0', 4: 0.01693425682305154} 
{0: '0.0', 1: '1.0', 2: '0.0', 3: '1.0', 4: 0.22434130919370576} 
{0: '0.0', 1: '1.0', 2: '0.0', 3: '1.0', 4: 0.4853400786076913} 
{0: '0.0', 1: '1.0', 2: '0.0', 3: '1.0', 4: 0.24108034411176474} 
{0: '0.0', 1: '1.0', 2: '0.0', 3: '1.0', 4: 0.42620848379655607} 
{0: '0.0', 1: '1.0', 2: '0.0', 3: '1.0', 4: 0.0014222909218378345} 
{0: '0.0', 1: '1.0', 2: '0.0', 3: '1.0', 4: 0.0006831828383810915} 
{0: '0.0', 1: '1.0', 2: '0.0', 3: '1.0', 4: 0.2526919029147761} 
{0: '0.0', 1: '1.0', 2: '0.0', 3: '1.0', 4: 0.26035960864451646} 
{0: '0.0', 1: '1.0', 2: '0.0', 3: '1.0', 4: 2.53922008937027} 
{0: '0.0', 1: '1.0', 2: '0.0', 3: '1.0', 4: 0.04681970832933818} 
{0: '0.0', 1: '1.0', 2: '0.0', 3: '1.0', 4: 0.0018784385498504218} 
{0: '0.0', 1: '1.0', 2: '0.0', 3: '1.0', 4: 0.0037119388756597844} 
{0: '0.0', 1: '1.0', 2: '0.0', 3: '1.0', 4: 1.363891355767861} 
{0: '0.0', 1: '1.0', 2: '0.0', 3: '1.0', 4: 0.11298897270733262} 
{0: '0.0', 1: '1.0', 2: '0.0', 3: '1.0', 4: 0.054518849517332865} 
{0: '0.0', 1: '1.0', 2: '0.0', 3: '1.0', 4: 0.5638166161451561} 
{0: '0.0', 1: '1.0', 2: '0.0', 3: '1.0', 4: 0.027790894290144502} 
{0: '0.0', 1: '1.0', 2: '0.0', 3: '1.0', 4: 0.06333737987319042} 
{0: '0.0', 1: '1.0', 2: '0.0', 3: '1.0', 4: 1.6138125864288873} 
{0: '0.0', 1: '1.0', 2: '0.0', 3: '1.0', 4: 0.4189231842197152} 
{0: '0.0', 1: '1.0', 2: '0.0', 3: '1.0', 4: 0.2115445168728932} 
{0: '0.0', 1: '1.0', 2: '0.0', 3: '1.0', 4: 1.8394512136346632} 
{0: '0.0', 1: '1.0', 2: '0.0', 3: '1.0', 4: 0.15407189402305344} 
{0: '0.0', 1: '1.0', 2: '0.0', 3: '1.0', 4: 2.248693855774786} 
{0: '0.0', 1: '1.0', 2: '0.0', 3: '1.0', 4: 1.1598196379170231} 
{0: '0.0', 1: '1.0', 2: '0.0', 3: '1.0', 4: 0.16619417207696058} 
{0: '0.0', 1: '1.0', 2: '0.0', 3: '1.0', 4: 0.12342789579635115} 
{0: '0.0', 1: '1.0', 2: '0.0', 3: '1.0', 4: 0.149045066549635} 
{0: '0.0', 1: '1.0', 2: '0.0', 3: '1.0', 4: 1.081344672225417} 
{0: '0.0', 1: '1.0', 2: '0.0', 3: '1.0', 4: 0.23418360280255998} 
{0: '0.0', 1: '1.0', 2: '0.0', 3: '1.0', 4: 0.07771086563682425} 
{0: '0.0', 1: '1.0', 2: '0.0', 3: '1.0', 4: 0.6806119308182914} 
{0: '0.0', 1: '1.0', 2: '0.0', 3: '1.0', 4: 0.9988679054323666} 
{0: '0.0', 1: '1.0', 2: '0.0', 3: '1.0', 4: 0.003038242330104193} 
{0: '0.0', 1: '1.0', 2: '0.0', 3: '1.0', 4: 0.9109919217600649} 
{0: '0.0', 1: '1.0', 2: '0.0', 3: '1.0', 4: 0.8396802183760838} 
{0: '0.0', 1: '1.0', 2: '0.0', 3: '1.0', 4: 0.015961823296571982} 
{0: '0.0', 1: '1.0', 2: '0.0', 3: '1.0', 4: 0.137128955793937} 
{0: '0.0', 1: '1.0', 2: '0.0', 3: '1.0', 4: 0.01927337728419467} 
{0: '0.0', 1: '1.0', 2: '0.0', 3: '1.0', 4: 0.19648697668523313} 
{0: '0.0', 1: '1.0', 2: '0.0', 3: '1.0', 4: 0.004167355731940223} 
{0: '0.0', 1: '1.0', 2: '0.0', 3: '1.0', 4: 0.6127374393642611} 
{0: '0.0', 1: '1.0', 2: '0.0', 3: '1.0', 4: 0.08970711009364825} 
{0: '0.0', 1: '1.0', 2: '0.0', 3: '1.0', 4: 0.045253598237921085} 
{0: '0.0', 1: '1.0', 2: '0.0', 3: '1.0', 4: 0.19150532236474369} 
{0: '0.0', 1: '1.0', 2: '0.0', 3: '1.0', 4: 0.5723860647139487} 
{0: '0.0', 1: '1.0', 2: '0.0', 3: '1.0', 4: 1.308173341959307} 
{0: '0.0', 1: '1.0', 2: '0.0', 3: '1.0', 4: 0.31160884352238494} 
{0: '0.0', 1: '1.0', 2: '0.0', 3: '1.0', 4: 0.4652463584760347} 
{0: '0.0', 1: '1.0', 2: '0.0', 3: '1.0', 4: 2.524764507471895} 
{0: '0.0', 1: '1.0', 2: '0.0', 3: '1.0', 4: 0.2503818075933593} 
{0: '0.0', 1: '1.0', 2: '0.0', 3: '1.0', 4: 1.1712944896645392} 
{0: '0.0', 1: '1.0', 2: '0.0', 3: '1.0', 4: 0.5298416856304874} 
{0: '0.0', 1: '1.0', 2: '0.0', 3: '1.0', 4: 0.3990530472109361} 
{0: '0.0', 1: '1.0', 2: '0.0', 3: '1.0', 4: 0.004951156907787138} 
{0: '0.0', 1: '1.0', 2: '0.0', 3: '1.0', 4: 0.1038977110251112} 
{0: '0.0', 1: '1.0', 2: '0.0', 3: '1.0', 4: 1.8980408721123836} 
{0: '0.0', 1: '1.0', 2: '0.0', 3: '1.0', 4: 0.7752382617669534} 
{0: '0.0', 1: '1.0', 2: '0.0', 3: '1.0', 4: 0.10505168223987435} 
{0: '0.0', 1: '1.0', 2: '0.0', 3: '1.0', 4: 0.7067713508723263} 
{0: '0.0', 1: '1.0', 2: '0.0', 3: '1.0', 4: 0.11534942046356345} 
{0: '0.0', 1: '1.0', 2: '0.0', 3: '1.0', 4: 0.2445049512462676} 
{0: '0.0', 1: '1.0', 2: '0.0', 3: '1.0', 4: 1.4802067024065737} 
{0: '0.0', 1: '1.0', 2: '0.0', 3: '1.0', 4: 0.4283123206463558} 
{0: '0.0', 1: '1.0', 2: '0.0', 3: '1.0', 4: 0.04407214258306073} 
{0: '0.0', 1: '1.0', 2: '0.0', 3: '1.0', 4: 0.4149674859620548} 
{0: '0.0', 1: '1.0', 2: '0.0', 3: '1.0', 4: 0.19726181478949695} 
{0: '0.0', 1: '1.0', 2: '0.0', 3: '1.0', 4: 0.005824265189941587} 
{0: '0.0', 1: '1.0', 2: '0.0', 3: '1.0', 4: 2.3924936417704386} 
{0: '0.0', 1: '1.0', 2: '0.0', 3: '1.0', 4: 0.04648679009895066} 
{0: '0.0', 1: '1.0', 2: '0.0', 3: '1.0', 4: 0.5429193118110195} 
{0: '0.0', 1: '1.0', 2: '0.0', 3: '1.0', 4: 0.3111493824031989} 
{0: '0.0', 1: '1.0', 2: '0.0', 3: '1.0', 4: 1.0916536197242854} 
{0: '0.0', 1: '1.0', 2: '0.0', 3: '1.0', 4: 0.6610184513363455} 
{0: '0.0', 1: '1.0', 2: '0.0', 3: '1.0', 4: 0.06950476879031968} 
{0: '0.0', 1: '1.0', 2: '0.0', 3: '1.0', 4: 0.7307111210090411} 
{0: '0.0', 1: '1.0', 2: '0.0', 3: '1.0', 4: 0.6726814107737072} 
{0: '0.0', 1: '1.0', 2: '0.0', 3: '1.0', 4: 1.2500997606926285} 
{0: '0.0', 1: '1.0', 2: '0.0', 3: '1.0', 4: 0.9854837762607062} 
{0: '0.0', 1: '1.0', 2: '0.0', 3: '1.0', 4: 0.05292521514918516} 
{0: '0.0', 1: '1.0', 2: '0.0', 3: '1.0', 4: 0.8918891857296147} 
{0: '0.0', 1: '1.0', 2: '0.0', 3: '1.0', 4: 1.1315596263841878} 
{0: '0.0', 1: '1.0', 2: '0.0', 3: '1.0', 4: 0.2824460699768819} 
{0: '0.0', 1: '1.0', 2: '0.0', 3: '1.0', 4: 0.18163521744612665} 
{0: '0.0', 1: '1.0', 2: '0.0', 3: '1.0', 4: 0.3170432842468637} 
{0: '0.0', 1: '1.0', 2: '0.0', 3: '1.0', 4: 0.5286887701396001} 
{0: '0.0', 1: '1.0', 2: '0.0', 3: '1.0', 4: 0.021109083046212535} 
{0: '0.0', 1: '1.0', 2: '0.0', 3: '1.0', 4: 0.05914723268247882} 
{0: '0.0', 1: '1.0', 2: '0.0', 3: '1.0', 4: 0.0649206758898345} 
{0: '0.0', 1: '1.0', 2: '0.0', 3: '1.0', 4: 0.07453834189039743} 
{0: '0.0', 1: '1.0', 2: '0.0', 3: '1.0', 4: 1.4152257909607324} 
{0: '0.0', 1: '1.0', 2: '0.0', 3: '1.0', 4: 0.5327995411195735} 
{0: '0.0', 1: '1.0', 2: '0.0', 3: '1.0', 4: 0.27149849907132284} 
{0: '0.0', 1: '1.0', 2: '0.0', 3: '1.0', 4: 1.3199887215391424} 
{0: '0.0', 1: '1.0', 2: '0.0', 3: '1.0', 4: 0.038365598116243266} 
{0: '0.0', 1: '1.0', 2: '0.0', 3: '1.0', 4: 0.3296297908164552} 
{0: '0.0', 1: '1.0', 2: '0.0', 3: '1.0', 4: 0.21440829608074305} 
{0: '0.0', 1: '1.0', 2: '0.0', 3: '1.0', 4: 0.1111795616413162} 
{0: '0.0', 1: '1.0', 2: '0.0', 3: '1.0', 4: 0.22828406202806642} 
{0: '0.0', 1: '1.0', 2: '0.0', 3: '1.0', 4: 1.1907456341234248} 
{0: '0.0', 1: '1.0', 2: '0.0', 3: '1.0', 4: 0.016712111899298575} 
{0: '0.0', 1: '1.0', 2: '0.0', 3: '1.0', 4: 0.8540212232517147} 
{0: '0.0', 1: '1.0', 2: '0.0', 3: '1.0', 4: 0.0687575730836325} 
{0: '0.0', 1: '1.0', 2: '0.0', 3: '1.0', 4: 0.9367858790037028} 
{0: '0.0', 1: '1.0', 2: '0.0', 3: '1.0', 4: 0.1310161074301831} 
{0: '0.0', 1: '1.0', 2: '0.0', 3: '1.0', 4: 1.6434476056553946} 
{0: '0.0', 1: '1.0', 2: '0.0', 3: '1.0', 4: 0.7182235604400896} 
{0: '0.0', 1: '1.0', 2: '0.0', 3: '1.0', 4: 0.005168132700308977} 
{0: '0.0', 1: '1.0', 2: '0.0', 3: '1.0', 4: 0.027690447204607543} 
{0: '0.0', 1: '1.0', 2: '0.0', 3: '1.0', 4: 0.6349027965454348} 
{0: '0.0', 1: '1.0', 2: '0.0', 3: '1.0', 4: 0.3292840385237158} 
{0: '0.0', 1: '1.0', 2: '0.0', 3: '1.0', 4: 0.01456812966133548} 
{0: '0.0', 1: '1.0', 2: '0.0', 3: '1.0', 4: 0.24759965018342495} 
{0: '0.0', 1: '1.0', 2: '0.0', 3: '1.0', 4: 0.076191369073097} 
{0: '0.0', 1: '1.0', 2: '0.0', 3: '1.0', 4: 0.4490324131128673} 
{0: '0.0', 1: '1.0', 2: '0.0', 3: '1.0', 4: 0.1242396512866499} 
{0: '0.0', 1: '1.0', 2: '0.0', 3: '1.0', 4: 0.4227575715146139} 
{0: '0.0', 1: '1.0', 2: '0.0', 3: '1.0', 4: 0.13151608556986827} 
{0: '0.0', 1: '1.0', 2: '0.0', 3: '1.0', 4: 0.006501784883722979} 
{0: '0.0', 1: '1.0', 2: '0.0', 3: '1.0', 4: 0.18808875868196767} 
{0: '0.0', 1: '1.0', 2: '0.0', 3: '1.0', 4: 0.6184756899162176} 
{0: '0.0', 1: '1.0', 2: '0.0', 3: '1.0', 4: 0.0522224943038356} 
{0: '0.0', 1: '1.0', 2: '0.0', 3: '1.0', 4: 0.2175347676990095} 
{0: '0.0', 1: '1.0', 2: '0.0', 3: '1.0', 4: 0.005196891376176389} 
{0: '0.0', 1: '1.0', 2: '0.0', 3: '1.0', 4: 1.0228855838865198} 
{0: '0.0', 1: '1.0', 2: '0.0', 3: '1.0', 4: 2.3102639700789713} 
{0: '0.0', 1: '1.0', 2: '0.0', 3: '1.0', 4: 0.23000795131052237} 
{0: '0.0', 1: '1.0', 2: '0.0', 3: '1.0', 4: 0.4932658758790175} 
{0: '0.0', 1: '1.0', 2: '0.0', 3: '1.0', 4: 0.9257591948047529} 
{0: '0.0', 1: '1.0', 2: '0.0', 3: '1.0', 4: 0.0070348703258609644} 
{0: '0.0', 1: '1.0', 2: '0.0', 3: '1.0', 4: 0.6846156208655937} 
{0: '0.0', 1: '1.0', 2: '0.0', 3: '1.0', 4: 0.23952367683544412} 
{0: '0.0', 1: '1.0', 2: '0.0', 3: '1.0', 4: 4.0992438109349685} 
{0: '0.0', 1: '1.0', 2: '0.0', 3: '1.0', 4: 0.3329767735417621} 
{0: '0.0', 1: '1.0', 2: '0.0', 3: '1.0', 4: 0.3288869615582675} 
{0: '0.0', 1: '1.0', 2: '0.0', 3: '1.0', 4: 0.6826913226684164} 
{0: '0.0', 1: '1.0', 2: '0.0', 3: '1.0', 4: 1.5482109403581699} 
{0: '0.0', 1: '1.0', 2: '0.0', 3: '1.0', 4: 0.1295782306405627} 
{0: '0.0', 1: '1.0', 2: '0.0', 3: '1.0', 4: 0.04891959286480236} 
{0: '0.0', 1: '1.0', 2: '0.0', 3: '1.0', 4: 0.18609930178997017} 
{0: '0.0', 1: '1.0', 2: '0.0', 3: '1.0', 4: 0.04085137268894116} 
{0: '0.0', 1: '1.0', 2: '0.0', 3: '1.0', 4: 0.017917043302117075} 
{0: '0.0', 1: '1.0', 2: '0.0', 3: '1.0', 4: 0.8913900217091142} 
{0: '0.0', 1: '1.0', 2: '0.0', 3: '1.0', 4: 0.11796081765875568} 
{0: '0.0', 1: '1.0', 2: '0.0', 3: '1.0', 4: 0.4363211745396758} 
{0: '0.0', 1: '1.0', 2: '0.0', 3: '1.0', 4: 0.22444479674238044} 
{0: '0.0', 1: '1.0', 2: '0.0', 3: '1.0', 4: 0.24847886561203467} 
{0: '0.0', 1: '1.0', 2: '0.0', 3: '1.0', 4: 3.307221537946103} 
{0: '0.0', 1: '1.0', 2: '0.0', 3: '1.0', 4: 0.016104571938889332} 
{0: '0.0', 1: '1.0', 2: '0.0', 3: '1.0', 4: 0.3748117667767731} 
{0: '0.0', 1: '1.0', 2: '0.0', 3: '1.0', 4: 0.012604634423293017} 
{0: '0.0', 1: '1.0', 2: '0.0', 3: '1.0', 4: 0.0183589291606146} 
{0: '0.0', 1: '1.0', 2: '0.0', 3: '1.0', 4: 0.1620344006721331} 
{0: '0.0', 1: '1.0', 2: '0.0', 3: '1.0', 4: 0.031298189957389984} 
{0: '0.0', 1: '1.0', 2: '0.0', 3: '1.0', 4: 0.0026009171505234963} 
{0: '0.0', 1: '1.0', 2: '0.0', 3: '1.0', 4: 0.14086626655461498} 
{0: '0.0', 1: '1.0', 2: '0.0', 3: '1.0', 4: 0.3547635070299017} 
{0: '0.0', 1: '1.0', 2: '0.0', 3: '1.0', 4: 0.02327410951084821} 
{0: '0.0', 1: '1.0', 2: '0.0', 3: '1.0', 4: 1.1314873803199725} 
{0: '0.0', 1: '1.0', 2: '0.0', 3: '1.0', 4: 0.43380720131498124} 
{0: '0.0', 1: '1.0', 2: '0.0', 3: '1.0', 4: 0.018779122990873108} 
{0: '0.0', 1: '1.0', 2: '0.0', 3: '1.0', 4: 0.035686729457374694} 
{0: '0.0', 1: '1.0', 2: '0.0', 3: '1.0', 4: 1.3792714657007203} 
{0: '0.0', 1: '1.0', 2: '0.0', 3: '1.0', 4: 0.026414366955766804} 
{0: '0.0', 1: '1.0', 2: '0.0', 3: '1.0', 4: 0.4084940170708572} 
{0: '0.0', 1: '1.0', 2: '0.0', 3: '1.0', 4: 3.684529425401431} 
{0: '0.0', 1: '1.0', 2: '0.0', 3: '1.0', 4: 2.195635976150107} 
{0: '0.0', 1: '1.0', 2: '0.0', 3: '1.0', 4: 0.25440384907129865} 
{0: '0.0', 1: '1.0', 2: '0.0', 3: '1.0', 4: 0.018717486742133735} 
{0: '0.0', 1: '1.0', 2: '0.0', 3: '1.0', 4: 0.021703360061434734} 
{0: '0.0', 1: '1.0', 2: '0.0', 3: '1.0', 4: 0.2843566751479589} 
{0: '0.0', 1: '1.0', 2: '0.0', 3: '1.0', 4: 0.03821681509949955} 
{0: '0.0', 1: '1.0', 2: '0.0', 3: '1.0', 4: 0.12997137751375687} 
{0: '0.0', 1: '1.0', 2: '0.0', 3: '1.0', 4: 0.000909230524520269} 
{0: '0.0', 1: '1.0', 2: '0.0', 3: '1.0', 4: 0.038046881577275565} 
{0: '0.0', 1: '1.0', 2: '0.0', 3: '1.0', 4: 0.30842290223128954} 
{0: '0.0', 1: '1.0', 2: '0.0', 3: '1.0', 4: 0.16648913774211546} 
{0: '0.0', 1: '1.0', 2: '0.0', 3: '1.0', 4: 0.03618517799044153} 
{0: '0.0', 1: '1.0', 2: '0.0', 3: '1.0', 4: 0.4602929794627287} 
{0: '0.0', 1: '1.0', 2: '0.0', 3: '1.0', 4: 0.31956381293776887} 
{0: '0.0', 1: '1.0', 2: '0.0', 3: '1.0', 4: 0.3252435229168422} 
{0: '0.0', 1: '1.0', 2: '0.0', 3: '1.0', 4: 0.053920082630155165} 
{0: '0.0', 1: '1.0', 2: '0.0', 3: '1.0', 4: 0.7158075020241376} 
{0: '0.0', 1: '1.0', 2: '0.0', 3: '1.0', 4: 0.43008336879295567} 
{0: '0.0', 1: '1.0', 2: '0.0', 3: '1.0', 4: 1.40586569363444} 
{0: '0.0', 1: '1.0', 2: '0.0', 3: '1.0', 4: 0.08889683361442051} 
{0: '0.0', 1: '1.0', 2: '0.0', 3: '1.0', 4: 0.026930774718333605} 
{0: '0.0', 1: '1.0', 2: '0.0', 3: '1.0', 4: 0.3763783201880107} 
{0: '0.0', 1: '1.0', 2: '0.0', 3: '1.0', 4: 0.05076991397481518} 
{0: '0.0', 1: '1.0', 2: '0.0', 3: '1.0', 4: 0.16948510264002722} 
{0: '0.0', 1: '1.0', 2: '0.0', 3: '1.0', 4: 0.4748897045691807} 
{0: '0.0', 1: '1.0', 2: '0.0', 3: '1.0', 4: 0.010068651518365081} 
{0: '0.0', 1: '1.0', 2: '0.0', 3: '1.0', 4: 0.8329248050472438} 
{0: '0.0', 1: '1.0', 2: '0.0', 3: '1.0', 4: 1.0071336106225683} 
{0: '0.0', 1: '1.0', 2: '0.0', 3: '1.0', 4: 0.044589946019916615} 
{0: '0.0', 1: '1.0', 2: '0.0', 3: '1.0', 4: 2.1422764452809386} 
{0: '0.0', 1: '1.0', 2: '0.0', 3: '1.0', 4: 1.917101868793094} 
{0: '0.0', 1: '1.0', 2: '0.0', 3: '1.0', 4: 0.18430192644678325} 
{0: '0.0', 1: '1.0', 2: '0.0', 3: '1.0', 4: 1.6957104219486043} 
{0: '0.0', 1: '1.0', 2: '0.0', 3: '1.0', 4: 0.18145428163155744} 
{0: '0.0', 1: '1.0', 2: '0.0', 3: '1.0', 4: 0.2226397412113387} 
{0: '0.0', 1: '1.0', 2: '0.0', 3: '1.0', 4: 0.7729921809378106} 
{0: '0.0', 1: '1.0', 2: '0.0', 3: '1.0', 4: 1.399899750526513} 
{0: '0.0', 1: '1.0', 2: '0.0', 3: '1.0', 4: 0.1914181824756376} 
{0: '0.0', 1: '1.0', 2: '0.0', 3: '1.0', 4: 0.2804959767777806} 
{0: '0.0', 1: '1.0', 2: '0.0', 3: '1.0', 4: 0.4869522490728962} 
{0: '0.0', 1: '1.0', 2: '0.0', 3: '1.0', 4: 0.1587582787115579} 
{0: '0.0', 1: '1.0', 2: '0.0', 3: '1.0', 4: 0.3460205134883857} 
{0: '0.0', 1: '1.0', 2: '0.0', 3: '1.0', 4: 0.18035506876787977} 
{0: '0.0', 1: '1.0', 2: '0.0', 3: '1.0', 4: 1.174035101083124} 
{0: '0.0', 1: '1.0', 2: '0.0', 3: '1.0', 4: 0.24773819939880645} 
{0: '0.0', 1: '1.0', 2: '0.0', 3: '1.0', 4: 0.3346268993768495} 
{0: '0.0', 1: '1.0', 2: '0.0', 3: '1.0', 4: 1.1978031568276875} 
{0: '0.0', 1: '1.0', 2: '0.0', 3: '1.0', 4: 0.3948891245784792} 
{0: '0.0', 1: '1.0', 2: '0.0', 3: '1.0', 4: 0.7192538832345945} 
{0: '0.0', 1: '1.0', 2: '0.0', 3: '1.0', 4: 0.5087085459990501} 
{0: '0.0', 1: '1.0', 2: '0.0', 3: '1.0', 4: 0.48874976537004056} 
{0: '0.0', 1: '1.0', 2: '0.0', 3: '1.0', 4: 0.5075213806198745} 
{0: '0.0', 1: '1.0', 2: '0.0', 3: '1.0', 4: 0.14010100306107257} 
{0: '0.0', 1: '1.0', 2: '0.0', 3: '1.0', 4: 0.506308792127071} 
{0: '0.0', 1: '1.0', 2: '0.0', 3: '1.0', 4: 0.5389944187138258} 
{0: '0.0', 1: '1.0', 2: '0.0', 3: '1.0', 4: 0.3928174190685288} 
{0: '0.0', 1: '1.0', 2: '0.0', 3: '1.0', 4: 0.003215788065950086} 
{0: '0.0', 1: '1.0', 2: '0.0', 3: '1.0', 4: 0.4406189032054513} 
{0: '0.0', 1: '1.0', 2: '0.0', 3: '1.0', 4: 0.6880475349069058} 
{0: '0.0', 1: '1.0', 2: '0.0', 3: '1.0', 4: 0.11897460366368867} 
{0: '0.0', 1: '1.0', 2: '0.0', 3: '1.0', 4: 1.5005946876714167} 
{0: '0.0', 1: '1.0', 2: '0.0', 3: '1.0', 4: 0.12715619326327013} 
{0: '0.0', 1: '1.0', 2: '0.0', 3: '1.0', 4: 0.2607087582223266} 
{0: '0.0', 1: '1.0', 2: '0.0', 3: '1.0', 4: 0.18897235071828197} 
{0: '0.0', 1: '1.0', 2: '0.0', 3: '1.0', 4: 2.2792530214131763} 
{0: '0.0', 1: '1.0', 2: '0.0', 3: '1.0', 4: 4.333524707768758} 
{0: '0.0', 1: '1.0', 2: '0.0', 3: '1.0', 4: 0.194299460431085} 
{0: '0.0', 1: '1.0', 2: '0.0', 3: '1.0', 4: 0.7157098750309019} 
{0: '0.0', 1: '1.0', 2: '0.0', 3: '1.0', 4: 0.6723928446607293} 
{0: '0.0', 1: '1.0', 2: '0.0', 3: '1.0', 4: 0.6131802850844555} 
{0: '0.0', 1: '1.0', 2: '0.0', 3: '1.0', 4: 0.04703535246245319} 
{0: '0.0', 1: '1.0', 2: '0.0', 3: '1.0', 4: 0.05650964525545459} 
{0: '0.0', 1: '1.0', 2: '0.0', 3: '1.0', 4: 1.8549148543666982} 
{0: '0.0', 1: '1.0', 2: '0.0', 3: '1.0', 4: 0.7244952744388349} 
{0: '0.0', 1: '1.0', 2: '0.0', 3: '1.0', 4: 1.2632844945631667} 
{0: '0.0', 1: '1.0', 2: '0.0', 3: '1.0', 4: 0.08327592491852308} 
{0: '0.0', 1: '1.0', 2: '0.0', 3: '1.0', 4: 0.6487278116797052} 
{0: '0.0', 1: '1.0', 2: '0.0', 3: '1.0', 4: 0.010258107227214456} 
{0: '0.0', 1: '1.0', 2: '0.0', 3: '1.0', 4: 0.0020314764442293837} 
{0: '0.0', 1: '1.0', 2: '0.0', 3: '1.0', 4: 0.18508972291848022} 
{0: '0.0', 1: '1.0', 2: '0.0', 3: '1.0', 4: 0.3924134597270933} 
{0: '0.0', 1: '1.0', 2: '0.0', 3: '1.0', 4: 0.5598373189776191} 
{0: '0.0', 1: '1.0', 2: '0.0', 3: '1.0', 4: 0.43059869099990267} 
{0: '0.0', 1: '1.0', 2: '0.0', 3: '1.0', 4: 0.13872146456969253} 
{0: '0.0', 1: '1.0', 2: '0.0', 3: '1.0', 4: 0.06597681211612227} 
{0: '0.0', 1: '1.0', 2: '0.0', 3: '1.0', 4: 0.5280423882313489} 
{0: '0.0', 1: '1.0', 2: '0.0', 3: '1.0', 4: 0.36426585484452834} 
{0: '0.0', 1: '1.0', 2: '0.0', 3: '1.0', 4: 0.027436766439573934} 
{0: '0.0', 1: '1.0', 2: '0.0', 3: '1.0', 4: 0.13787374645636347} 
{0: '0.0', 1: '1.0', 2: '0.0', 3: '1.0', 4: 0.37168469385032415} 
{0: '0.0', 1: '1.0', 2: '0.0', 3: '1.0', 4: 1.2534642630662645} 
{0: '0.0', 1: '1.0', 2: '0.0', 3: '1.0', 4: 0.4752722241390665} 
{0: '0.0', 1: '1.0', 2: '0.0', 3: '1.0', 4: 0.04340273380683933} 
{0: '0.0', 1: '1.0', 2: '0.0', 3: '1.0', 4: 0.4465240198099699} 
{0: '0.0', 1: '1.0', 2: '0.0', 3: '1.0', 4: 0.41820760921531525} 
{0: '0.0', 1: '1.0', 2: '0.0', 3: '1.0', 4: 0.9547551396215609} 
{0: '0.0', 1: '1.0', 2: '0.0', 3: '1.0', 4: 0.08416616872155226} 
{0: '0.0', 1: '1.0', 2: '0.0', 3: '1.0', 4: 1.1392722780484548} 
{0: '0.0', 1: '1.0', 2: '0.0', 3: '1.0', 4: 0.17678897563210652} 
{0: '0.0', 1: '1.0', 2: '0.0', 3: '1.0', 4: 0.7672993354539976} 
{0: '0.0', 1: '1.0', 2: '0.0', 3: '1.0', 4: 0.7208345539466583} 
{0: '0.0', 1: '1.0', 2: '0.0', 3: '1.0', 4: 1.1358211068516157} 
{0: '0.0', 1: '1.0', 2: '0.0', 3: '1.0', 4: 1.2694109620201581} 
{0: '0.0', 1: '1.0', 2: '0.0', 3: '1.0', 4: 0.9313096776716724} 
{0: '0.0', 1: '1.0', 2: '0.0', 3: '1.0', 4: 0.21485643473976127} 
{0: '0.0', 1: '1.0', 2: '0.0', 3: '1.0', 4: 0.8116754637291117} 
{0: '0.0', 1: '1.0', 2: '0.0', 3: '1.0', 4: 0.8103138514553405} 
{0: '0.0', 1: '1.0', 2: '0.0', 3: '1.0', 4: 0.7282624180571184} 
{0: '0.0', 1: '1.0', 2: '0.0', 3: '1.0', 4: 0.012121412971978881} 
{0: '0.0', 1: '1.0', 2: '0.0', 3: '1.0', 4: 0.2248207445583098} 
{0: '0.0', 1: '1.0', 2: '0.0', 3: '1.0', 4: 1.5666361272500753} 
{0: '0.0', 1: '1.0', 2: '0.0', 3: '1.0', 4: 0.48967288375416} 
{0: '0.0', 1: '1.0', 2: '0.0', 3: '1.0', 4: 0.06503709122957341} 
{0: '0.0', 1: '1.0', 2: '0.0', 3: '1.0', 4: 0.11148856985193163} 
{0: '0.0', 1: '1.0', 2: '0.0', 3: '1.0', 4: 1.3208190969747096} 
{0: '0.0', 1: '1.0', 2: '0.0', 3: '1.0', 4: 0.10297041622899612} 
{0: '0.0', 1: '1.0', 2: '0.0', 3: '1.0', 4: 0.0010696466378866385} 
{0: '0.0', 1: '1.0', 2: '0.0', 3: '1.0', 4: 0.15646276994910266} 
{0: '0.0', 1: '1.0', 2: '0.0', 3: '1.0', 4: 0.6950048023203325} 
{0: '0.0', 1: '1.0', 2: '0.0', 3: '1.0', 4: 0.9818581482328196} 
{0: '0.0', 1: '1.0', 2: '0.0', 3: '1.0', 4: 1.3072904337222255} 
{0: '0.0', 1: '1.0', 2: '0.0', 3: '1.0', 4: 1.2625550527848117} 
{0: '0.0', 1: '1.0', 2: '0.0', 3: '1.0', 4: 0.8212141118895403} 
{0: '0.0', 1: '1.0', 2: '0.0', 3: '1.0', 4: 0.2051632277537777} 
{0: '0.0', 1: '1.0', 2: '0.0', 3: '1.0', 4: 0.0017290879885445626} 
{0: '0.0', 1: '1.0', 2: '0.0', 3: '1.0', 4: 0.36457324720732975} 
{0: '0.0', 1: '1.0', 2: '0.0', 3: '1.0', 4: 1.7988341839921314} 
{0: '0.0', 1: '1.0', 2: '0.0', 3: '1.0', 4: 0.7748674065018559} 
{0: '0.0', 1: '1.0', 2: '0.0', 3: '1.0', 4: 0.40546403707989315} 
{0: '0.0', 1: '1.0', 2: '0.0', 3: '1.0', 4: 0.023051468848105917} 
{0: '0.0', 1: '1.0', 2: '0.0', 3: '1.0', 4: 0.2587224498097477} 
{0: '0.0', 1: '1.0', 2: '0.0', 3: '1.0', 4: 0.861866686476294} 
{0: '0.0', 1: '1.0', 2: '0.0', 3: '1.0', 4: 0.04933272255557158} 
{0: '0.0', 1: '1.0', 2: '0.0', 3: '1.0', 4: 2.114546670704256} 
{0: '0.0', 1: '1.0', 2: '0.0', 3: '1.0', 4: 0.07663209561754768} 
{0: '0.0', 1: '1.0', 2: '0.0', 3: '1.0', 4: 0.0706325684299301} 
{0: '0.0', 1: '1.0', 2: '0.0', 3: '1.0', 4: 0.5914539656788511} 
{0: '0.0', 1: '1.0', 2: '0.0', 3: '1.0', 4: 0.006534498378057695} 
{0: '0.0', 1: '1.0', 2: '0.0', 3: '1.0', 4: 0.15267217230253372} 
{0: '0.0', 1: '1.0', 2: '0.0', 3: '1.0', 4: 0.4003007024703382} 
{0: '0.0', 1: '1.0', 2: '0.0', 3: '1.0', 4: 0.00017084715473601628} 
{0: '0.0', 1: '1.0', 2: '0.0', 3: '1.0', 4: 0.17127338950498075} 
{0: '0.0', 1: '1.0', 2: '0.0', 3: '1.0', 4: 0.0025934323302182895} 
{0: '0.0', 1: '1.0', 2: '0.0', 3: '1.0', 4: 0.5268594698032425} 
{0: '0.0', 1: '1.0', 2: '0.0', 3: '1.0', 4: 0.7237162622642177} 
{0: '0.0', 1: '1.0', 2: '0.0', 3: '1.0', 4: 0.5013760763169821} 
{0: '0.0', 1: '1.0', 2: '0.0', 3: '1.0', 4: 0.3537336293915734} 
{0: '0.0', 1: '1.0', 2: '0.0', 3: '1.0', 4: 1.0142382777439378} 
{0: '0.0', 1: '1.0', 2: '0.0', 3: '1.0', 4: 0.7049720615538544} 
{0: '0.0', 1: '1.0', 2: '0.0', 3: '1.0', 4: 0.6139667690095844} 
{0: '0.0', 1: '1.0', 2: '0.0', 3: '1.0', 4: 0.6349686859359082} 
{0: '0.0', 1: '1.0', 2: '0.0', 3: '1.0', 4: 0.7006368780518912} 
{0: '0.0', 1: '1.0', 2: '0.0', 3: '1.0', 4: 0.0654802898442191} 
{0: '0.0', 1: '1.0', 2: '0.0', 3: '1.0', 4: 1.5984051057232427} 
{0: '0.0', 1: '1.0', 2: '0.0', 3: '1.0', 4: 0.07275360687404649} 
{0: '0.0', 1: '1.0', 2: '0.0', 3: '1.0', 4: 0.043042546229794205} 
{0: '0.0', 1: '1.0', 2: '0.0', 3: '1.0', 4: 0.9487454206558315} 
{0: '0.0', 1: '1.0', 2: '0.0', 3: '1.0', 4: 0.029628514565773804} 
{0: '0.0', 1: '1.0', 2: '0.0', 3: '1.0', 4: 0.02242846026135432} 
{0: '0.0', 1: '1.0', 2: '0.0', 3: '1.0', 4: 0.27249139953477314} 
{0: '0.0', 1: '1.0', 2: '0.0', 3: '1.0', 4: 0.03721775129529787} 
{0: '0.0', 1: '1.0', 2: '0.0', 3: '1.0', 4: 1.865119843144968} 
{0: '0.0', 1: '1.0', 2: '0.0', 3: '1.0', 4: 0.3119432555204213} 
{0: '0.0', 1: '1.0', 2: '0.0', 3: '1.0', 4: 0.37266392701586676} 
{0: '0.0', 1: '1.0', 2: '0.0', 3: '1.0', 4: 0.1644991058309382} 
{0: '0.0', 1: '1.0', 2: '0.0', 3: '1.0', 4: 0.13761422951312258} 
{0: '0.0', 1: '1.0', 2: '0.0', 3: '1.0', 4: 0.25092256436649646} 
{0: '0.0', 1: '1.0', 2: '0.0', 3: '1.0', 4: 0.08219181014200597} 
{0: '0.0', 1: '1.0', 2: '0.0', 3: '1.0', 4: 1.8913863179456822} 
{0: '0.0', 1: '1.0', 2: '0.0', 3: '1.0', 4: 0.6017876395633145} 
{0: '0.0', 1: '1.0', 2: '0.0', 3: '1.0', 4: 0.001867885959356962} 
{0: '0.0', 1: '1.0', 2: '0.0', 3: '1.0', 4: 0.13551263783885464} 
{0: '0.0', 1: '1.0', 2: '0.0', 3: '1.0', 4: 0.4172441298763339} 
{0: '0.0', 1: '1.0', 2: '0.0', 3: '1.0', 4: 0.045058009476484244} 
{0: '0.0', 1: '1.0', 2: '0.0', 3: '1.0', 4: 0.21362258713912372} 
{0: '0.0', 1: '1.0', 2: '0.0', 3: '1.0', 4: 0.3381242707650768} 
{0: '0.0', 1: '1.0', 2: '0.0', 3: '1.0', 4: 0.027351050418937522} 
{0: '0.0', 1: '1.0', 2: '0.0', 3: '1.0', 4: 0.29490537096120595} 
{0: '0.0', 1: '1.0', 2: '0.0', 3: '1.0', 4: 0.023471509056825553} 
{0: '0.0', 1: '1.0', 2: '0.0', 3: '1.0', 4: 0.15112464669200415} 
{0: '0.0', 1: '1.0', 2: '0.0', 3: '1.0', 4: 0.4730101497175312} 
{0: '0.0', 1: '1.0', 2: '0.0', 3: '1.0', 4: 0.21198701665713815} 
{0: '0.0', 1: '1.0', 2: '0.0', 3: '1.0', 4: 0.2789655645457482} 
{0: '0.0', 1: '1.0', 2: '0.0', 3: '1.0', 4: 0.8919035266490223} 
{0: '0.0', 1: '1.0', 2: '0.0', 3: '1.0', 4: 0.015272631959129276} 
{0: '0.0', 1: '1.0', 2: '0.0', 3: '1.0', 4: 0.0060719202107905705} 
{0: '0.0', 1: '1.0', 2: '0.0', 3: '1.0', 4: 0.12349107513853827} 
{0: '0.0', 1: '1.0', 2: '0.0', 3: '1.0', 4: 0.1419761828908442} 
{0: '0.0', 1: '1.0', 2: '0.0', 3: '1.0', 4: 0.44324638685812984} 
{0: '0.0', 1: '1.0', 2: '0.0', 3: '1.0', 4: 0.06800112984652906} 
{0: '0.0', 1: '1.0', 2: '0.0', 3: '1.0', 4: 0.9824224934117615} 
{0: '0.0', 1: '1.0', 2: '0.0', 3: '1.0', 4: 0.9826371105535636} 
{0: '0.0', 1: '1.0', 2: '0.0', 3: '1.0', 4: 0.24563780404440255} 
{0: '0.0', 1: '1.0', 2: '0.0', 3: '1.0', 4: 0.2480495450283025} 
{0: '0.0', 1: '1.0', 2: '0.0', 3: '1.0', 4: 6.3276248053653e-05} 
{0: '0.0', 1: '1.0', 2: '0.0', 3: '1.0', 4: 0.804024649878603} 
{0: '0.0', 1: '1.0', 2: '0.0', 3: '1.0', 4: 0.2785217690213364} 
{0: '0.0', 1: '1.0', 2: '0.0', 3: '1.0', 4: 1.2651655576272884} 
{0: '0.0', 1: '1.0', 2: '0.0', 3: '1.0', 4: 0.004025859334410568} 
{0: '0.0', 1: '1.0', 2: '0.0', 3: '1.0', 4: 0.12729899349762774} 
{0: '0.0', 1: '1.0', 2: '0.0', 3: '1.0', 4: 0.0003255431331265161} 
{0: '0.0', 1: '1.0', 2: '0.0', 3: '1.0', 4: 0.7719113855445581} 
{0: '0.0', 1: '1.0', 2: '0.0', 3: '1.0', 4: 2.483428104844088} 
{0: '0.0', 1: '1.0', 2: '0.0', 3: '1.0', 4: 0.0038767428791213238} 
{0: '0.0', 1: '1.0', 2: '0.0', 3: '1.0', 4: 2.669717977056822} 
{0: '0.0', 1: '1.0', 2: '0.0', 3: '1.0', 4: 0.9362354897770157} 
{0: '0.0', 1: '1.0', 2: '0.0', 3: '1.0', 4: 0.029691314553013184} 
{0: '0.0', 1: '1.0', 2: '0.0', 3: '1.0', 4: 2.1736973320180466} 
{0: '0.0', 1: '1.0', 2: '0.0', 3: '1.0', 4: 0.42431457773389614} 
{0: '0.0', 1: '1.0', 2: '0.0', 3: '1.0', 4: 2.9569253246311225} 
{0: '0.0', 1: '1.0', 2: '0.0', 3: '1.0', 4: 0.1440659390775417} 
{0: '0.0', 1: '1.0', 2: '0.0', 3: '1.0', 4: 0.002564698827636351} 
{0: '0.0', 1: '1.0', 2: '0.0', 3: '1.0', 4: 0.5178202261066426} 
{0: '0.0', 1: '1.0', 2: '0.0', 3: '1.0', 4: 0.06970542522866938} 
{0: '0.0', 1: '1.0', 2: '0.0', 3: '1.0', 4: 0.561423266334518} 
{0: '0.0', 1: '1.0', 2: '0.0', 3: '1.0', 4: 1.0882204609626172} 
{0: '0.0', 1: '1.0', 2: '0.0', 3: '1.0', 4: 0.8249071401430206} 
{0: '0.0', 1: '1.0', 2: '0.0', 3: '1.0', 4: 0.1128951175294984} 
{0: '0.0', 1: '1.0', 2: '0.0', 3: '1.0', 4: 0.03399424132222116} 
{0: '0.0', 1: '1.0', 2: '0.0', 3: '1.0', 4: 0.08231707793735062} 
{0: '0.0', 1: '1.0', 2: '0.0', 3: '1.0', 4: 0.18986023762418058} 
{0: '0.0', 1: '1.0', 2: '0.0', 3: '1.0', 4: 1.7122079449412577} 
{0: '0.0', 1: '1.0', 2: '0.0', 3: '1.0', 4: 0.07815028207192203} 
{0: '0.0', 1: '1.0', 2: '0.0', 3: '1.0', 4: 0.43653301057542715} 
{0: '0.0', 1: '1.0', 2: '0.0', 3: '1.0', 4: 0.28304297391862715} 
{0: '0.0', 1: '1.0', 2: '0.0', 3: '1.0', 4: 0.027682560739142093} 
{0: '0.0', 1: '1.0', 2: '0.0', 3: '1.0', 4: 0.00013511764207017676} 
{0: '0.0', 1: '1.0', 2: '0.0', 3: '1.0', 4: 0.28499382885721014} 
{0: '0.0', 1: '1.0', 2: '0.0', 3: '1.0', 4: 0.04257651086364095} 
{0: '0.0', 1: '1.0', 2: '0.0', 3: '1.0', 4: 0.13850240464927108} 
{0: '0.0', 1: '1.0', 2: '0.0', 3: '1.0', 4: 0.45637106700197067} 
{0: '0.0', 1: '1.0', 2: '0.0', 3: '1.0', 4: 0.001803198023221355} 
{0: '0.0', 1: '1.0', 2: '0.0', 3: '1.0', 4: 2.3447227710077234} 
{0: '0.0', 1: '1.0', 2: '0.0', 3: '1.0', 4: 1.2702435760386284} 
{0: '0.0', 1: '1.0', 2: '0.0', 3: '1.0', 4: 0.9290214129867569} 
{0: '0.0', 1: '1.0', 2: '0.0', 3: '1.0', 4: 0.17925482543791454} 
{0: '0.0', 1: '1.0', 2: '0.0', 3: '1.0', 4: 0.4181599832926332} 
{0: '0.0', 1: '1.0', 2: '0.0', 3: '1.0', 4: 0.24173815619220665} 
{0: '0.0', 1: '1.0', 2: '0.0', 3: '1.0', 4: 0.19444111932443334} 
{0: '0.0', 1: '1.0', 2: '0.0', 3: '1.0', 4: 4.994422449951171} 
{0: '0.0', 1: '1.0', 2: '0.0', 3: '1.0', 4: 0.6518560851260384} 
{0: '0.0', 1: '1.0', 2: '0.0', 3: '1.0', 4: 0.013928446647644484} 
{0: '0.0', 1: '1.0', 2: '0.0', 3: '1.0', 4: 3.9396962156565682} 
{0: '0.0', 1: '1.0', 2: '0.0', 3: '1.0', 4: 0.2866674577291701} 
{0: '0.0', 1: '1.0', 2: '0.0', 3: '1.0', 4: 0.16060255042061372} 
{0: '0.0', 1: '1.0', 2: '0.0', 3: '1.0', 4: 2.776751531823227} 
{0: '0.0', 1: '1.0', 2: '0.0', 3: '1.0', 4: 0.8132176222582423} 
{0: '0.0', 1: '1.0', 2: '0.0', 3: '1.0', 4: 0.4242019793115737} 
{0: '0.0', 1: '1.0', 2: '0.0', 3: '1.0', 4: 0.21347418435702437} 
{0: '0.0', 1: '1.0', 2: '0.0', 3: '1.0', 4: 0.07392543222923287} 
{0: '0.0', 1: '1.0', 2: '0.0', 3: '1.0', 4: 1.4300101363909228} 
{0: '0.0', 1: '1.0', 2: '0.0', 3: '1.0', 4: 0.9567297273013082} 
{0: '0.0', 1: '1.0', 2: '0.0', 3: '1.0', 4: 0.04476784753354497} 
{0: '0.0', 1: '1.0', 2: '0.0', 3: '1.0', 4: 0.0029028285615859822} 
{0: '0.0', 1: '1.0', 2: '0.0', 3: '1.0', 4: 0.7726446716101536} 
{0: '0.0', 1: '1.0', 2: '0.0', 3: '1.0', 4: 0.04794609458399891} 
{0: '0.0', 1: '1.0', 2: '0.0', 3: '1.0', 4: 0.06316634354217168} 
{0: '0.0', 1: '1.0', 2: '0.0', 3: '1.0', 4: 0.002822537175038925} 
{0: '0.0', 1: '1.0', 2: '0.0', 3: '1.0', 4: 0.10664725166322386} 
{0: '0.0', 1: '1.0', 2: '0.0', 3: '1.0', 4: 0.4107582144833732} 
{0: '0.0', 1: '1.0', 2: '0.0', 3: '1.0', 4: 0.0017273285795860224} 
{0: '0.0', 1: '1.0', 2: '0.0', 3: '1.0', 4: 1.2680158394439691} 
{0: '0.0', 1: '1.0', 2: '0.0', 3: '1.0', 4: 0.1627218562213572} 
{0: '0.0', 1: '1.0', 2: '0.0', 3: '1.0', 4: 0.010495128194815679} 
{0: '0.0', 1: '1.0', 2: '0.0', 3: '1.0', 4: 0.17252704923797277} 
{0: '0.0', 1: '1.0', 2: '0.0', 3: '1.0', 4: 1.4011848341821553} 
{0: '0.0', 1: '1.0', 2: '0.0', 3: '1.0', 4: 0.7982151943189713} 
{0: '0.0', 1: '1.0', 2: '0.0', 3: '1.0', 4: 0.14449017975892323} 
{0: '0.0', 1: '1.0', 2: '0.0', 3: '1.0', 4: 0.7134716062307392} 
{0: '0.0', 1: '1.0', 2: '0.0', 3: '1.0', 4: 3.5787391407042293} 
{0: '0.0', 1: '1.0', 2: '0.0', 3: '1.0', 4: 0.006720797442878535} 
{0: '0.0', 1: '1.0', 2: '0.0', 3: '1.0', 4: 0.11515832214307757} 
{0: '0.0', 1: '1.0', 2: '0.0', 3: '1.0', 4: 3.42725365242723} 
{0: '0.0', 1: '1.0', 2: '0.0', 3: '1.0', 4: 0.012768294390213616} 
{0: '0.0', 1: '1.0', 2: '0.0', 3: '1.0', 4: 0.024394860179811257} 
{0: '0.0', 1: '1.0', 2: '0.0', 3: '1.0', 4: 0.022116712238063028} 
{0: '0.0', 1: '1.0', 2: '0.0', 3: '1.0', 4: 0.626979369509086} 
{0: '0.0', 1: '1.0', 2: '0.0', 3: '1.0', 4: 0.14860459090557035} 
{0: '0.0', 1: '1.0', 2: '0.0', 3: '1.0', 4: 0.2964407353344565} 
{0: '0.0', 1: '1.0', 2: '0.0', 3: '1.0', 4: 3.602348184804009} 
{0: '0.0', 1: '1.0', 2: '0.0', 3: '1.0', 4: 0.6907496028542502} 
{0: '0.0', 1: '1.0', 2: '0.0', 3: '1.0', 4: 0.09893787202176309} 
{0: '0.0', 1: '1.0', 2: '0.0', 3: '1.0', 4: 1.7084851259566904} 
{0: '0.0', 1: '1.0', 2: '0.0', 3: '1.0', 4: 0.03707880288458718} 
{0: '0.0', 1: '1.0', 2: '0.0', 3: '1.0', 4: 0.18101891951523913} 
{0: '0.0', 1: '1.0', 2: '0.0', 3: '1.0', 4: 0.0432196393767282} 
{0: '0.0', 1: '1.0', 2: '0.0', 3: '1.0', 4: 0.3444113776142344} 
{0: '0.0', 1: '1.0', 2: '0.0', 3: '1.0', 4: 0.2865706957048811} 
{0: '0.0', 1: '1.0', 2: '0.0', 3: '1.0', 4: 0.17826703168330554} 
{0: '0.0', 1: '1.0', 2: '0.0', 3: '1.0', 4: 0.37742667191622237} 
{0: '0.0', 1: '1.0', 2: '0.0', 3: '1.0', 4: 0.3682557728329212} 
{0: '0.0', 1: '1.0', 2: '0.0', 3: '1.0', 4: 0.8085181131225802} 
{0: '0.0', 1: '1.0', 2: '0.0', 3: '1.0', 4: 0.03522999394775138} 
{0: '0.0', 1: '1.0', 2: '0.0', 3: '1.0', 4: 0.010274761982340865} 
{0: '0.0', 1: '1.0', 2: '0.0', 3: '1.0', 4: 0.3343381935682913} 
{0: '0.0', 1: '1.0', 2: '0.0', 3: '1.0', 4: 0.16075576716390275} 
{0: '0.0', 1: '1.0', 2: '0.0', 3: '1.0', 4: 0.4009338564299813} 
{0: '0.0', 1: '1.0', 2: '0.0', 3: '1.0', 4: 1.3071096640247097} 
{0: '0.0', 1: '1.0', 2: '0.0', 3: '1.0', 4: 0.14430822384262496} 
{0: '0.0', 1: '1.0', 2: '0.0', 3: '1.0', 4: 0.5875021154736433} 
{0: '0.0', 1: '1.0', 2: '0.0', 3: '1.0', 4: 0.4282805202484531} 
{0: '0.0', 1: '1.0', 2: '0.0', 3: '1.0', 4: 0.06066655190127441} 
{0: '0.0', 1: '1.0', 2: '0.0', 3: '1.0', 4: 0.019287372154523603} 
{0: '0.0', 1: '1.0', 2: '0.0', 3: '1.0', 4: 1.7117502290727318} 
{0: '0.0', 1: '1.0', 2: '0.0', 3: '1.0', 4: 0.1273543500136215} 
{0: '0.0', 1: '1.0', 2: '0.0', 3: '1.0', 4: 0.4260767485969943} 
{0: '0.0', 1: '1.0', 2: '0.0', 3: '1.0', 4: 0.049853805514419314} 
{0: '0.0', 1: '1.0', 2: '0.0', 3: '1.0', 4: 0.08738599608054376} 
{0: '0.0', 1: '1.0', 2: '0.0', 3: '1.0', 4: 1.2237352303684887} 
{0: '0.0', 1: '1.0', 2: '0.0', 3: '1.0', 4: 0.6221866037368543} 
{0: '0.0', 1: '1.0', 2: '0.0', 3: '1.0', 4: 1.768864580368438} 
{0: '0.0', 1: '1.0', 2: '0.0', 3: '1.0', 4: 0.19793976291050588} 
{0: '0.0', 1: '1.0', 2: '0.0', 3: '1.0', 4: 0.003320766168965351} 
{0: '0.0', 1: '1.0', 2: '0.0', 3: '1.0', 4: 0.06667490989340784} 
{0: '0.0', 1: '1.0', 2: '0.0', 3: '1.0', 4: 0.39367573648008747} 
{0: '0.0', 1: '1.0', 2: '0.0', 3: '1.0', 4: 0.008859224145225327} 
{0: '0.0', 1: '1.0', 2: '0.0', 3: '1.0', 4: 1.1060586272729824} 
{0: '0.0', 1: '1.0', 2: '0.0', 3: '1.0', 4: 2.0688966350779374} 
{0: '0.0', 1: '1.0', 2: '0.0', 3: '1.0', 4: 0.3524298725741443} 
{0: '0.0', 1: '1.0', 2: '0.0', 3: '1.0', 4: 0.29994620933628224} 
{0: '0.0', 1: '1.0', 2: '0.0', 3: '1.0', 4: 0.31390540613848594} 
{0: '0.0', 1: '1.0', 2: '0.0', 3: '1.0', 4: 0.06441371799665575} 
{0: '0.0', 1: '1.0', 2: '0.0', 3: '1.0', 4: 0.158780395697537} 
{0: '0.0', 1: '1.0', 2: '0.0', 3: '1.0', 4: 0.33417839513760345} 
{0: '0.0', 1: '1.0', 2: '0.0', 3: '1.0', 4: 0.0411934908129114} 
{0: '0.0', 1: '1.0', 2: '0.0', 3: '1.0', 4: 2.231397632444935} 
{0: '0.0', 1: '1.0', 2: '0.0', 3: '1.0', 4: 0.6264509869210688} 
{0: '0.0', 1: '1.0', 2: '0.0', 3: '1.0', 4: 0.0003663252395637995} 
{0: '0.0', 1: '1.0', 2: '0.0', 3: '1.0', 4: 0.44463781692854926} 
{0: '0.0', 1: '1.0', 2: '0.0', 3: '1.0', 4: 1.1383237018216925} 
{0: '0.0', 1: '1.0', 2: '0.0', 3: '1.0', 4: 0.03259055975020834} 
{0: '0.0', 1: '1.0', 2: '0.0', 3: '1.0', 4: 0.11657621414198877} 
{0: '0.0', 1: '1.0', 2: '0.0', 3: '1.0', 4: 0.04506852051521337} 
{0: '0.0', 1: '1.0', 2: '0.0', 3: '1.0', 4: 0.8476747953116769} 
{0: '0.0', 1: '1.0', 2: '0.0', 3: '1.0', 4: 0.24598023656460055} 
{0: '0.0', 1: '1.0', 2: '0.0', 3: '1.0', 4: 1.0032980129371396} 
{0: '0.0', 1: '1.0', 2: '0.0', 3: '1.0', 4: 0.026515118971036925} 
{0: '0.0', 1: '1.0', 2: '0.0', 3: '1.0', 4: 0.24796766434459397} 
{0: '0.0', 1: '1.0', 2: '0.0', 3: '1.0', 4: 0.4875328095750819} 
{0: '0.0', 1: '1.0', 2: '0.0', 3: '1.0', 4: 0.18750794749757324} 
{0: '0.0', 1: '1.0', 2: '0.0', 3: '1.0', 4: 0.2990634114032} 
{0: '0.0', 1: '1.0', 2: '0.0', 3: '1.0', 4: 0.01726577894136554} 
{0: '0.0', 1: '1.0', 2: '0.0', 3: '1.0', 4: 4.801363256089197e-06} 
{0: '0.0', 1: '1.0', 2: '0.0', 3: '1.0', 4: 0.1823513611184281} 
{0: '0.0', 1: '1.0', 2: '0.0', 3: '1.0', 4: 0.2443961521057791} 
{0: '0.0', 1: '1.0', 2: '0.0', 3: '1.0', 4: 0.33194255422450075} 
{0: '0.0', 1: '1.0', 2: '0.0', 3: '1.0', 4: 0.1298235050557398} 
{0: '0.0', 1: '1.0', 2: '0.0', 3: '1.0', 4: 0.3584889072003932} 
{0: '0.0', 1: '1.0', 2: '0.0', 3: '1.0', 4: 0.007845513440971268} 
{0: '0.0', 1: '1.0', 2: '0.0', 3: '1.0', 4: 1.5979621218149946} 
{0: '0.0', 1: '1.0', 2: '0.0', 3: '1.0', 4: 0.16891755037239506} 
{0: '0.0', 1: '1.0', 2: '0.0', 3: '1.0', 4: 0.3626411888477037} 
{0: '0.0', 1: '1.0', 2: '0.0', 3: '1.0', 4: 0.008825690610074115} 
{0: '0.0', 1: '1.0', 2: '0.0', 3: '1.0', 4: 0.38565814961086264} 
{0: '0.0', 1: '1.0', 2: '0.0', 3: '1.0', 4: 0.0019019590568753618} 
{0: '0.0', 1: '1.0', 2: '0.0', 3: '1.0', 4: 0.04950431845878799} 
{0: '0.0', 1: '1.0', 2: '0.0', 3: '1.0', 4: 0.6800354666239854} 
{0: '0.0', 1: '1.0', 2: '0.0', 3: '1.0', 4: 0.13750321211892294} 
{0: '0.0', 1: '1.0', 2: '0.0', 3: '1.0', 4: 0.005418198239208927} 
{0: '0.0', 1: '1.0', 2: '0.0', 3: '1.0', 4: 1.3332939285049963} 
{0: '0.0', 1: '1.0', 2: '0.0', 3: '1.0', 4: 0.17188619851708764} 
{0: '0.0', 1: '1.0', 2: '0.0', 3: '1.0', 4: 9.297081028546043e-06} 
{0: '0.0', 1: '1.0', 2: '0.0', 3: '1.0', 4: 1.362912336475554} 
{0: '0.0', 1: '1.0', 2: '0.0', 3: '1.0', 4: 0.2619188847682259} 
{0: '0.0', 1: '1.0', 2: '0.0', 3: '1.0', 4: 0.6941954652103242} 
{0: '0.0', 1: '1.0', 2: '0.0', 3: '1.0', 4: 1.1830131823854577} 
{0: '0.0', 1: '1.0', 2: '0.0', 3: '1.0', 4: 1.1315653618155346} 
{0: '0.0', 1: '1.0', 2: '0.0', 3: '1.0', 4: 0.8405477293567634} 
{0: '0.0', 1: '1.0', 2: '0.0', 3: '1.0', 4: 0.3279000606089529} 
{0: '0.0', 1: '1.0', 2: '0.0', 3: '1.0', 4: 0.17132147732920044} 
{0: '0.0', 1: '1.0', 2: '0.0', 3: '1.0', 4: 0.07628374746223143} 
{0: '0.0', 1: '1.0', 2: '0.0', 3: '1.0', 4: 2.2037190572483993} 
{0: '0.0', 1: '1.0', 2: '0.0', 3: '1.0', 4: 0.5305291669355185} 
{0: '0.0', 1: '1.0', 2: '0.0', 3: '1.0', 4: 0.20816743868631962} 
{0: '0.0', 1: '1.0', 2: '0.0', 3: '1.0', 4: 0.03519055152143622} 
{0: '0.0', 1: '1.0', 2: '0.0', 3: '1.0', 4: 0.815809657596823} 
{0: '0.0', 1: '1.0', 2: '0.0', 3: '1.0', 4: 0.17501288469735785} 
{0: '0.0', 1: '1.0', 2: '0.0', 3: '1.0', 4: 1.9540284327109367} 
{0: '0.0', 1: '1.0', 2: '0.0', 3: '1.0', 4: 0.08987207699776092} 
{0: '0.0', 1: '1.0', 2: '0.0', 3: '1.0', 4: 0.4385124299834235} 
{0: '0.0', 1: '1.0', 2: '0.0', 3: '1.0', 4: 0.4730744553851103} 
{0: '0.0', 1: '1.0', 2: '0.0', 3: '1.0', 4: 0.2749667820834028} 
{0: '0.0', 1: '1.0', 2: '0.0', 3: '1.0', 4: 0.5005780489885587} 
{0: '0.0', 1: '1.0', 2: '0.0', 3: '1.0', 4: 0.0242786214832595} 
{0: '0.0', 1: '1.0', 2: '0.0', 3: '1.0', 4: 0.7284375582843049} 
{0: '0.0', 1: '1.0', 2: '0.0', 3: '1.0', 4: 0.4326813751037348} 
{0: '0.0', 1: '1.0', 2: '0.0', 3: '1.0', 4: 0.03539665589189997} 
{0: '0.0', 1: '1.0', 2: '0.0', 3: '1.0', 4: 0.28982776675945277} 
{0: '0.0', 1: '1.0', 2: '0.0', 3: '1.0', 4: 0.4715254984770011} 
{0: '0.0', 1: '1.0', 2: '0.0', 3: '1.0', 4: 0.14239828067293425} 
{0: '0.0', 1: '1.0', 2: '0.0', 3: '1.0', 4: 0.526197388462898} 
{0: '0.0', 1: '1.0', 2: '0.0', 3: '1.0', 4: 0.08782211631447767} 
{0: '0.0', 1: '1.0', 2: '0.0', 3: '1.0', 4: 0.04162038405437114} 
{0: '0.0', 1: '1.0', 2: '0.0', 3: '1.0', 4: 0.033435433066221265} 
{0: '0.0', 1: '1.0', 2: '0.0', 3: '1.0', 4: 0.033865935601071394} 
{0: '0.0', 1: '1.0', 2: '0.0', 3: '1.0', 4: 1.6968119329803666} 
{0: '0.0', 1: '1.0', 2: '0.0', 3: '1.0', 4: 0.10779412528346294} 
{0: '0.0', 1: '1.0', 2: '0.0', 3: '1.0', 4: 0.3278729943367348} 
{0: '0.0', 1: '1.0', 2: '0.0', 3: '1.0', 4: 0.00413897541612191} 
{0: '0.0', 1: '1.0', 2: '0.0', 3: '1.0', 4: 0.11731637546630855} 
{0: '0.0', 1: '1.0', 2: '0.0', 3: '1.0', 4: 0.9910036808219692} 
{0: '0.0', 1: '1.0', 2: '0.0', 3: '1.0', 4: 0.028321347652944473} 
{0: '0.0', 1: '1.0', 2: '0.0', 3: '1.0', 4: 0.09487614381951857} 
{0: '0.0', 1: '1.0', 2: '0.0', 3: '1.0', 4: 0.727226289219569} 
{0: '0.0', 1: '1.0', 2: '0.0', 3: '1.0', 4: 0.41713720377142427} 
{0: '0.0', 1: '1.0', 2: '0.0', 3: '1.0', 4: 0.04445340760629857} 
{0: '0.0', 1: '1.0', 2: '0.0', 3: '1.0', 4: 0.0017492928580364123} 
{0: '0.0', 1: '1.0', 2: '0.0', 3: '1.0', 4: 1.177616770429347} 
{0: '0.0', 1: '1.0', 2: '0.0', 3: '1.0', 4: 0.15093498327404398} 
{0: '0.0', 1: '1.0', 2: '0.0', 3: '1.0', 4: 0.2110127980183515} 
{0: '0.0', 1: '1.0', 2: '0.0', 3: '1.0', 4: 0.10733350307788637} 
{0: '0.0', 1: '1.0', 2: '0.0', 3: '1.0', 4: 0.024817395665803994} 
{0: '0.0', 1: '1.0', 2: '0.0', 3: '1.0', 4: 0.027494706001495138} 
{0: '0.0', 1: '1.0', 2: '0.0', 3: '1.0', 4: 0.32639064197789386} 
{0: '0.0', 1: '1.0', 2: '0.0', 3: '1.0', 4: 0.6130639729113311} 
{0: '0.0', 1: '1.0', 2: '0.0', 3: '1.0', 4: 0.22591402307913414} 
{0: '0.0', 1: '1.0', 2: '0.0', 3: '1.0', 4: 0.007462199618730353} 
{0: '0.0', 1: '1.0', 2: '0.0', 3: '1.0', 4: 0.048376187589962115} 
{0: '0.0', 1: '1.0', 2: '0.0', 3: '1.0', 4: 0.07492705439234668} 
{0: '0.0', 1: '1.0', 2: '0.0', 3: '1.0', 4: 0.022850078940210822} 
{0: '0.0', 1: '1.0', 2: '0.0', 3: '1.0', 4: 0.2567805255329563} 
{0: '0.0', 1: '1.0', 2: '0.0', 3: '1.0', 4: 0.0009351281605071816} 
{0: '0.0', 1: '1.0', 2: '0.0', 3: '1.0', 4: 0.004583044368021975} 
{0: '0.0', 1: '1.0', 2: '0.0', 3: '1.0', 4: 0.0002738088163687423} 
{0: '0.0', 1: '1.0', 2: '0.0', 3: '1.0', 4: 0.32846560871506253} 
{0: '0.0', 1: '1.0', 2: '0.0', 3: '1.0', 4: 0.018748371518897404} 
{0: '0.0', 1: '1.0', 2: '0.0', 3: '1.0', 4: 0.23571140034467375} 
{0: '0.0', 1: '1.0', 2: '0.0', 3: '1.0', 4: 0.6199179886999403} 
{0: '0.0', 1: '1.0', 2: '0.0', 3: '1.0', 4: 0.536860850820439} 
{0: '0.0', 1: '1.0', 2: '0.0', 3: '1.0', 4: 0.05915786340995056} 
{0: '0.0', 1: '1.0', 2: '0.0', 3: '1.0', 4: 0.018093047657386032} 
{0: '0.0', 1: '1.0', 2: '0.0', 3: '1.0', 4: 0.2961912149753155} 
{0: '0.0', 1: '1.0', 2: '0.0', 3: '1.0', 4: 0.2741772317953222} 
{0: '0.0', 1: '1.0', 2: '0.0', 3: '1.0', 4: 0.47735274866441474} 
{0: '0.0', 1: '1.0', 2: '0.0', 3: '1.0', 4: 0.8731310186287106} 
{0: '0.0', 1: '1.0', 2: '0.0', 3: '1.0', 4: 0.0397896365230658} 
{0: '0.0', 1: '1.0', 2: '0.0', 3: '1.0', 4: 0.1525107665258994} 
{0: '0.0', 1: '1.0', 2: '0.0', 3: '1.0', 4: 0.2796900000700469} 
{0: '0.0', 1: '1.0', 2: '0.0', 3: '1.0', 4: 0.2941025141319494} 
{0: '0.0', 1: '1.0', 2: '0.0', 3: '1.0', 4: 0.00010703648221260827} 
{0: '0.0', 1: '1.0', 2: '0.0', 3: '1.0', 4: 1.0775955583999843} 
{0: '0.0', 1: '1.0', 2: '0.0', 3: '1.0', 4: 0.20965550967372107} 
{0: '0.0', 1: '1.0', 2: '0.0', 3: '1.0', 4: 0.26451048811479416} 
{0: '0.0', 1: '1.0', 2: '0.0', 3: '1.0', 4: 0.36468422967266667} 
{0: '0.0', 1: '1.0', 2: '0.0', 3: '1.0', 4: 0.39930888986972274} 
{0: '0.0', 1: '1.0', 2: '0.0', 3: '1.0', 4: 0.015609015637552438} 
{0: '0.0', 1: '1.0', 2: '0.0', 3: '1.0', 4: 0.13770151465017183} 
{0: '0.0', 1: '1.0', 2: '0.0', 3: '1.0', 4: 0.1511533782415504} 
{0: '0.0', 1: '1.0', 2: '0.0', 3: '1.0', 4: 1.7959677910510117} 
{0: '0.0', 1: '1.0', 2: '0.0', 3: '1.0', 4: 0.8530758891121611} 
{0: '0.0', 1: '1.0', 2: '0.0', 3: '1.0', 4: 0.5751715829731445} 
{0: '0.0', 1: '1.0', 2: '0.0', 3: '1.0', 4: 0.11191396697074339} 
{0: '0.0', 1: '1.0', 2: '0.0', 3: '1.0', 4: 0.04810852473321043} 
{0: '0.0', 1: '1.0', 2: '0.0', 3: '1.0', 4: 1.0058408213418522} 
{0: '0.0', 1: '1.0', 2: '0.0', 3: '1.0', 4: 0.951774023493926} 
{0: '0.0', 1: '1.0', 2: '0.0', 3: '1.0', 4: 1.288620649699572} 
{0: '0.0', 1: '1.0', 2: '0.0', 3: '1.0', 4: 0.16955741010857275} 
{0: '0.0', 1: '1.0', 2: '0.0', 3: '1.0', 4: 0.4835007167823516} 
{0: '0.0', 1: '1.0', 2: '0.0', 3: '1.0', 4: 0.3157794825960508} 
{0: '0.0', 1: '1.0', 2: '0.0', 3: '1.0', 4: 0.20399046588212558} 
{0: '0.0', 1: '1.0', 2: '0.0', 3: '1.0', 4: 0.453670800951311} 
{0: '0.0', 1: '1.0', 2: '0.0', 3: '1.0', 4: 0.01130291513534289} 
{0: '0.0', 1: '1.0', 2: '0.0', 3: '1.0', 4: 0.022416186029417497} 
{0: '0.0', 1: '1.0', 2: '0.0', 3: '1.0', 4: 0.04069777337322391} 
{0: '0.0', 1: '1.0', 2: '0.0', 3: '1.0', 4: 0.02097300172120128} 
{0: '0.0', 1: '1.0', 2: '0.0', 3: '1.0', 4: 0.011439139647643464} 
{0: '0.0', 1: '1.0', 2: '0.0', 3: '1.0', 4: 0.013895336599051436} 
{0: '0.0', 1: '1.0', 2: '0.0', 3: '1.0', 4: 0.19134906318045583} 
{0: '0.0', 1: '1.0', 2: '0.0', 3: '1.0', 4: 0.026874107612785837} 
{0: '0.0', 1: '1.0', 2: '0.0', 3: '1.0', 4: 0.12522536320276717} 
{0: '0.0', 1: '1.0', 2: '0.0', 3: '1.0', 4: 0.4255957234196465} 
{0: '0.0', 1: '1.0', 2: '0.0', 3: '1.0', 4: 0.08622956058369463} 
{0: '0.0', 1: '1.0', 2: '0.0', 3: '1.0', 4: 0.7675558057609406} 
{0: '0.0', 1: '1.0', 2: '0.0', 3: '1.0', 4: 0.1930268795825916} 
{0: '0.0', 1: '1.0', 2: '0.0', 3: '1.0', 4: 1.3909034787738308e-05} 
{0: '0.0', 1: '1.0', 2: '0.0', 3: '1.0', 4: 0.8632918852495701} 
{0: '0.0', 1: '1.0', 2: '0.0', 3: '1.0', 4: 0.282803357614186} 
{0: '0.0', 1: '1.0', 2: '0.0', 3: '1.0', 4: 0.3719486121155615} 
{0: '0.0', 1: '1.0', 2: '0.0', 3: '1.0', 4: 0.6384464283179613} 
{0: '0.0', 1: '1.0', 2: '0.0', 3: '1.0', 4: 0.266961999024438} 
{0: '0.0', 1: '1.0', 2: '0.0', 3: '1.0', 4: 0.00029437693644345105} 
{0: '0.0', 1: '1.0', 2: '0.0', 3: '1.0', 4: 0.34128659273075035} 
{0: '0.0', 1: '1.0', 2: '0.0', 3: '1.0', 4: 0.16971683530692847} 
{0: '0.0', 1: '1.0', 2: '0.0', 3: '1.0', 4: 2.531651973083658} 
{0: '0.0', 1: '1.0', 2: '0.0', 3: '1.0', 4: 1.1513647728001066} 
{0: '0.0', 1: '1.0', 2: '0.0', 3: '1.0', 4: 0.11260623562062011} 
{0: '0.0', 1: '1.0', 2: '0.0', 3: '1.0', 4: 0.5558106898504921} 
{0: '0.0', 1: '1.0', 2: '0.0', 3: '1.0', 4: 0.18474517775267132} 
{0: '0.0', 1: '1.0', 2: '0.0', 3: '1.0', 4: 0.05890405347882411} 
{0: '0.0', 1: '1.0', 2: '0.0', 3: '1.0', 4: 0.1535165807257685} 
{0: '0.0', 1: '1.0', 2: '0.0', 3: '1.0', 4: 1.0636787563835548} 
{0: '0.0', 1: '1.0', 2: '0.0', 3: '1.0', 4: 2.1864328312770416e-05} 
{0: '0.0', 1: '1.0', 2: '0.0', 3: '1.0', 4: 0.5731502508565194} 
{0: '0.0', 1: '1.0', 2: '0.0', 3: '1.0', 4: 1.3368142642154324} 
{0: '0.0', 1: '1.0', 2: '0.0', 3: '1.0', 4: 0.008012826445154575} 
{0: '0.0', 1: '1.0', 2: '0.0', 3: '1.0', 4: 0.5043602546207011} 
{0: '0.0', 1: '1.0', 2: '0.0', 3: '1.0', 4: 0.05793047757146672} 
{0: '0.0', 1: '1.0', 2: '0.0', 3: '1.0', 4: 0.06034322004496233} 
{0: '0.0', 1: '1.0', 2: '0.0', 3: '1.0', 4: 1.0223768588950748} 
{0: '0.0', 1: '1.0', 2: '0.0', 3: '1.0', 4: 0.06665961739997255} 
{0: '0.0', 1: '1.0', 2: '0.0', 3: '1.0', 4: 0.02382528378513054} 
{0: '0.0', 1: '1.0', 2: '0.0', 3: '1.0', 4: 0.06293546502290708} 
{0: '0.0', 1: '1.0', 2: '0.0', 3: '1.0', 4: 0.6796640084474723} 
{0: '0.0', 1: '1.0', 2: '0.0', 3: '1.0', 4: 0.014296717990620447} 
{0: '0.0', 1: '1.0', 2: '0.0', 3: '1.0', 4: 0.0011441356059283961} 
{0: '0.0', 1: '1.0', 2: '0.0', 3: '1.0', 4: 0.17337307837231294} 
{0: '0.0', 1: '1.0', 2: '0.0', 3: '1.0', 4: 0.005773589831511139} 
{0: '0.0', 1: '1.0', 2: '0.0', 3: '1.0', 4: 1.2625836046411794} 
{0: '0.0', 1: '1.0', 2: '0.0', 3: '1.0', 4: 1.0058368512521652} 
{0: '0.0', 1: '1.0', 2: '0.0', 3: '1.0', 4: 0.22531844804413656} 
{0: '0.0', 1: '1.0', 2: '0.0', 3: '1.0', 4: 0.4660869511669294} 
{0: '0.0', 1: '1.0', 2: '0.0', 3: '1.0', 4: 0.9585130324378843} 
{0: '0.0', 1: '1.0', 2: '0.0', 3: '1.0', 4: 0.09813816983398907} 
{0: '0.0', 1: '1.0', 2: '0.0', 3: '1.0', 4: 0.5990245673852224} 
{0: '0.0', 1: '1.0', 2: '0.0', 3: '1.0', 4: 0.036353443374792425} 
{0: '0.0', 1: '1.0', 2: '0.0', 3: '1.0', 4: 0.42211087958853777} 
{0: '0.0', 1: '1.0', 2: '0.0', 3: '1.0', 4: 0.8080616349492564} 
{0: '0.0', 1: '1.0', 2: '0.0', 3: '1.0', 4: 0.0403018184814896} 
{0: '0.0', 1: '1.0', 2: '0.0', 3: '1.0', 4: 0.037404358336027295} 
{0: '0.0', 1: '1.0', 2: '0.0', 3: '1.0', 4: 0.00832489622576734} 
{0: '0.0', 1: '1.0', 2: '0.0', 3: '1.0', 4: 0.11534531420095265} 
{0: '0.0', 1: '1.0', 2: '0.0', 3: '1.0', 4: 0.18757051934977376} 
{0: '0.0', 1: '1.0', 2: '0.0', 3: '1.0', 4: 0.18865419753995438} 
{0: '0.0', 1: '1.0', 2: '0.0', 3: '1.0', 4: 0.06308776751727216} 
{0: '0.0', 1: '1.0', 2: '0.0', 3: '1.0', 4: 1.8541620354626716} 
{0: '0.0', 1: '1.0', 2: '0.0', 3: '1.0', 4: 0.16909099371015665} 
{0: '0.0', 1: '1.0', 2: '0.0', 3: '1.0', 4: 0.019320414433394217} 
{0: '0.0', 1: '1.0', 2: '0.0', 3: '1.0', 4: 0.11681139236949165} 
{0: '0.0', 1: '1.0', 2: '0.0', 3: '1.0', 4: 0.29342177272160247} 
{0: '0.0', 1: '1.0', 2: '0.0', 3: '1.0', 4: 0.0217665126328646} 
{0: '0.0', 1: '1.0', 2: '0.0', 3: '1.0', 4: 0.0699675129315198} 
{0: '0.0', 1: '1.0', 2: '0.0', 3: '1.0', 4: 0.4814827045729091} 
{0: '0.0', 1: '1.0', 2: '0.0', 3: '1.0', 4: 0.527750769576579} 
{0: '0.0', 1: '1.0', 2: '0.0', 3: '1.0', 4: 0.7772298959346482} 
{0: '0.0', 1: '1.0', 2: '0.0', 3: '1.0', 4: 0.5039901216457687} 
{0: '0.0', 1: '1.0', 2: '0.0', 3: '1.0', 4: 0.021509694663439244} 
{0: '0.0', 1: '1.0', 2: '0.0', 3: '1.0', 4: 0.048333026438411385} 
{0: '0.0', 1: '1.0', 2: '0.0', 3: '1.0', 4: 0.28851419095770076} 
{0: '0.0', 1: '1.0', 2: '0.0', 3: '1.0', 4: 0.12732969137185812} 
{0: '0.0', 1: '1.0', 2: '0.0', 3: '1.0', 4: 0.6171123544068309} 
{0: '0.0', 1: '1.0', 2: '0.0', 3: '1.0', 4: 0.21453064750959436} 
{0: '0.0', 1: '1.0', 2: '0.0', 3: '1.0', 4: 0.44393506716182185} 
{0: '0.0', 1: '1.0', 2: '0.0', 3: '1.0', 4: 0.3100903625980742} 
{0: '0.0', 1: '1.0', 2: '0.0', 3: '1.0', 4: 0.39195258145455725} 
{0: '0.0', 1: '1.0', 2: '0.0', 3: '1.0', 4: 0.33726838724382097} 
{0: '0.0', 1: '1.0', 2: '0.0', 3: '1.0', 4: 0.11169763921360633} 
{0: '0.0', 1: '1.0', 2: '0.0', 3: '1.0', 4: 0.2714042887831964} 
{0: '0.0', 1: '1.0', 2: '0.0', 3: '1.0', 4: 0.31096547630284793} 
{0: '0.0', 1: '1.0', 2: '0.0', 3: '1.0', 4: 0.29076936581985163} 
{0: '0.0', 1: '1.0', 2: '0.0', 3: '1.0', 4: 0.07481195360881646} 
{0: '0.0', 1: '1.0', 2: '0.0', 3: '1.0', 4: 0.020305605504142635} 
{0: '0.0', 1: '1.0', 2: '0.0', 3: '1.0', 4: 0.010611184794751134} 
{0: '0.0', 1: '1.0', 2: '0.0', 3: '1.0', 4: 0.030624514118671693} 
{0: '0.0', 1: '1.0', 2: '0.0', 3: '1.0', 4: 0.1636786339636385} 
{0: '0.0', 1: '1.0', 2: '0.0', 3: '1.0', 4: 0.3579133200683133} 
{0: '0.0', 1: '1.0', 2: '0.0', 3: '1.0', 4: 0.3231200768282535} 
{0: '0.0', 1: '1.0', 2: '0.0', 3: '1.0', 4: 0.3180031429572122} 
{0: '0.0', 1: '1.0', 2: '0.0', 3: '1.0', 4: 0.00015712235808719053} 
{0: '0.0', 1: '1.0', 2: '0.0', 3: '1.0', 4: 0.48630801502045684} 
{0: '0.0', 1: '1.0', 2: '0.0', 3: '1.0', 4: 1.2292309636337881} 
{0: '0.0', 1: '1.0', 2: '0.0', 3: '1.0', 4: 2.4737258170814425} 
{0: '0.0', 1: '1.0', 2: '0.0', 3: '1.0', 4: 0.06448806622943495} 
{0: '0.0', 1: '1.0', 2: '0.0', 3: '1.0', 4: 0.3900224996899908} 
{0: '0.0', 1: '1.0', 2: '0.0', 3: '1.0', 4: 0.0002224373254890085} 
{0: '0.0', 1: '1.0', 2: '0.0', 3: '1.0', 4: 0.11621561144473683} 
{0: '0.0', 1: '1.0', 2: '0.0', 3: '1.0', 4: 0.7162406113596249} 
{0: '0.0', 1: '1.0', 2: '0.0', 3: '1.0', 4: 0.679513079614266} 
{0: '0.0', 1: '1.0', 2: '0.0', 3: '1.0', 4: 0.2679091428240788} 
{0: '0.0', 1: '1.0', 2: '0.0', 3: '1.0', 4: 0.5166165532196918} 
{0: '0.0', 1: '1.0', 2: '0.0', 3: '1.0', 4: 0.5128850113688131} 
{0: '0.0', 1: '1.0', 2: '0.0', 3: '1.0', 4: 0.48937763603134726} 
{0: '0.0', 1: '1.0', 2: '0.0', 3: '1.0', 4: 0.22395328001155193} 
{0: '0.0', 1: '1.0', 2: '0.0', 3: '1.0', 4: 0.19813075009410958} 
{0: '0.0', 1: '1.0', 2: '0.0', 3: '1.0', 4: 0.08989657517670041} 
{0: '0.0', 1: '1.0', 2: '0.0', 3: '1.0', 4: 1.1722311997587145} 
{0: '0.0', 1: '1.0', 2: '0.0', 3: '1.0', 4: 0.1725765180973207} 
{0: '0.0', 1: '1.0', 2: '0.0', 3: '1.0', 4: 0.24471145229246902} 
{0: '0.0', 1: '1.0', 2: '0.0', 3: '1.0', 4: 1.2263357235624013} 
{0: '0.0', 1: '1.0', 2: '0.0', 3: '1.0', 4: 0.0048924875564003035} 
{0: '0.0', 1: '1.0', 2: '0.0', 3: '1.0', 4: 0.023501063791318926} 
{0: '0.0', 1: '1.0', 2: '0.0', 3: '1.0', 4: 0.1267269501618033} 
{0: '0.0', 1: '1.0', 2: '0.0', 3: '1.0', 4: 0.13127967635030574} 
{0: '0.0', 1: '1.0', 2: '0.0', 3: '1.0', 4: 8.842476283105304e-06} 
{0: '0.0', 1: '1.0', 2: '0.0', 3: '1.0', 4: 0.011073373144456184} 
{0: '0.0', 1: '1.0', 2: '0.0', 3: '1.0', 4: 0.16631752455486565} 
{0: '0.0', 1: '1.0', 2: '0.0', 3: '1.0', 4: 0.4521033734961859} 
{0: '0.0', 1: '1.0', 2: '0.0', 3: '1.0', 4: 0.899109980620759} 
{0: '0.0', 1: '1.0', 2: '0.0', 3: '1.0', 4: 0.005466050480476767} 
{0: '0.0', 1: '1.0', 2: '0.0', 3: '1.0', 4: 0.38137916449450265} 
{0: '0.0', 1: '1.0', 2: '0.0', 3: '1.0', 4: 1.800206650992651} 
{0: '0.0', 1: '1.0', 2: '0.0', 3: '1.0', 4: 0.0044143126780871525} 
{0: '0.0', 1: '1.0', 2: '0.0', 3: '1.0', 4: 0.0518349514443757} 
{0: '0.0', 1: '1.0', 2: '0.0', 3: '1.0', 4: 0.0028822982573547666} 
{0: '0.0', 1: '1.0', 2: '0.0', 3: '1.0', 4: 0.37672926268116347} 
{0: '0.0', 1: '1.0', 2: '0.0', 3: '1.0', 4: 0.004200946871656682} 
{0: '0.0', 1: '1.0', 2: '0.0', 3: '1.0', 4: 0.6693162736484386} 
{0: '0.0', 1: '1.0', 2: '0.0', 3: '1.0', 4: 0.01018618756379619} 
{0: '0.0', 1: '1.0', 2: '0.0', 3: '1.0', 4: 2.665772904913827} 
{0: '0.0', 1: '1.0', 2: '0.0', 3: '1.0', 4: 1.4530481501848143} 
{0: '0.0', 1: '1.0', 2: '0.0', 3: '1.0', 4: 0.7743169444154189} 
{0: '0.0', 1: '1.0', 2: '0.0', 3: '1.0', 4: 1.0615157296459063} 
{0: '0.0', 1: '1.0', 2: '0.0', 3: '1.0', 4: 0.36591450696421557} 
{0: '0.0', 1: '1.0', 2: '0.0', 3: '1.0', 4: 0.5411660658644843} 
{0: '0.0', 1: '1.0', 2: '0.0', 3: '1.0', 4: 0.8114916493830033} 
{0: '0.0', 1: '1.0', 2: '0.0', 3: '1.0', 4: 0.004440431112647735} 
{0: '0.0', 1: '1.0', 2: '0.0', 3: '1.0', 4: 0.04410183724672291} 
{0: '0.0', 1: '1.0', 2: '0.0', 3: '1.0', 4: 1.828333475621244} 
{0: '0.0', 1: '1.0', 2: '0.0', 3: '1.0', 4: 0.25502435417975045} 
{0: '0.0', 1: '1.0', 2: '0.0', 3: '1.0', 4: 0.10517353844746041} 
{0: '0.0', 1: '1.0', 2: '0.0', 3: '1.0', 4: 0.13834447235567318} 
{0: '0.0', 1: '1.0', 2: '0.0', 3: '1.0', 4: 0.06544543082279627} 
{0: '0.0', 1: '1.0', 2: '0.0', 3: '1.0', 4: 0.6335461027662219} 
{0: '0.0', 1: '1.0', 2: '0.0', 3: '1.0', 4: 2.1420593089928502e-05} 
{0: '0.0', 1: '1.0', 2: '0.0', 3: '1.0', 4: 0.35283984778108096} 
{0: '0.0', 1: '1.0', 2: '0.0', 3: '1.0', 4: 0.11246016000465166} 
{0: '0.0', 1: '1.0', 2: '0.0', 3: '1.0', 4: 0.27863166428862385} 
{0: '0.0', 1: '1.0', 2: '0.0', 3: '1.0', 4: 0.03961244071678163} 
{0: '0.0', 1: '1.0', 2: '0.0', 3: '1.0', 4: 0.49531221868931075} 
{0: '0.0', 1: '1.0', 2: '0.0', 3: '1.0', 4: 1.1701541275448837} 
{0: '0.0', 1: '1.0', 2: '0.0', 3: '1.0', 4: 1.2736374546521767} 
{0: '0.0', 1: '1.0', 2: '0.0', 3: '1.0', 4: 0.2342573483373625} 
{0: '0.0', 1: '1.0', 2: '0.0', 3: '1.0', 4: 0.17685513299292657} 
{0: '0.0', 1: '1.0', 2: '0.0', 3: '1.0', 4: 0.37904066384142016} 
{0: '0.0', 1: '1.0', 2: '0.0', 3: '1.0', 4: 0.007633226603498733} 
{0: '0.0', 1: '1.0', 2: '0.0', 3: '1.0', 4: 0.18355874895908236} 
{0: '0.0', 1: '1.0', 2: '0.0', 3: '1.0', 4: 0.9151629463894944} 
{0: '0.0', 1: '1.0', 2: '0.0', 3: '1.0', 4: 3.094264343732648} 
{0: '0.0', 1: '1.0', 2: '0.0', 3: '1.0', 4: 0.06389168992577644} 
{0: '0.0', 1: '1.0', 2: '0.0', 3: '1.0', 4: 0.3620505885629073} 
{0: '0.0', 1: '1.0', 2: '0.0', 3: '1.0', 4: 0.43917378509328275} 
{0: '0.0', 1: '1.0', 2: '0.0', 3: '1.0', 4: 0.10392536368953109} 
{0: '0.0', 1: '1.0', 2: '0.0', 3: '1.0', 4: 0.44248674541814376} 
{0: '0.0', 1: '1.0', 2: '0.0', 3: '1.0', 4: 1.0624095237837188} 
{0: '0.0', 1: '1.0', 2: '0.0', 3: '1.0', 4: 2.6932197078639852} 
{0: '0.0', 1: '1.0', 2: '0.0', 3: '1.0', 4: 0.5637991136123078} 
{0: '0.0', 1: '1.0', 2: '0.0', 3: '1.0', 4: 0.6602746030588847} 
{0: '0.0', 1: '1.0', 2: '0.0', 3: '1.0', 4: 0.3460735800396768} 
{0: '0.0', 1: '1.0', 2: '0.0', 3: '1.0', 4: 0.006993751614305963} 
{0: '0.0', 1: '1.0', 2: '0.0', 3: '1.0', 4: 2.634106665752238} 
{0: '0.0', 1: '1.0', 2: '0.0', 3: '1.0', 4: 0.0030123576964372874} 
{0: '0.0', 1: '1.0', 2: '0.0', 3: '1.0', 4: 0.4362665236213092} 
{0: '0.0', 1: '1.0', 2: '0.0', 3: '1.0', 4: 0.04479886653078055} 
{0: '0.0', 1: '1.0', 2: '0.0', 3: '1.0', 4: 0.25050103668026075} 
{0: '0.0', 1: '1.0', 2: '0.0', 3: '1.0', 4: 0.011487656241551524} 
{0: '0.0', 1: '1.0', 2: '0.0', 3: '1.0', 4: 0.07294068644576203} 
{0: '0.0', 1: '1.0', 2: '0.0', 3: '1.0', 4: 0.42953505605502423} 
{0: '0.0', 1: '1.0', 2: '0.0', 3: '1.0', 4: 2.4278962201067538} 
{0: '0.0', 1: '1.0', 2: '0.0', 3: '1.0', 4: 0.0005886262287429775} 
{0: '0.0', 1: '1.0', 2: '0.0', 3: '1.0', 4: 0.019995834180190967} 
{0: '0.0', 1: '1.0', 2: '0.0', 3: '1.0', 4: 0.07136375166586985} 
{0: '0.0', 1: '1.0', 2: '0.0', 3: '1.0', 4: 1.4267134109192237} 
{0: '0.0', 1: '1.0', 2: '0.0', 3: '1.0', 4: 2.96189748132131} 
{0: '0.0', 1: '1.0', 2: '0.0', 3: '1.0', 4: 0.194100266613176} 
{0: '0.0', 1: '1.0', 2: '0.0', 3: '1.0', 4: 0.08289072515395345} 
{0: '0.0', 1: '1.0', 2: '0.0', 3: '1.0', 4: 1.4661808842639992} 
{0: '0.0', 1: '1.0', 2: '0.0', 3: '1.0', 4: 0.09783600702919969} 
{0: '0.0', 1: '1.0', 2: '0.0', 3: '1.0', 4: 0.123095780901184} 
{0: '0.0', 1: '1.0', 2: '0.0', 3: '1.0', 4: 0.08169044065246112} 
{0: '0.0', 1: '1.0', 2: '0.0', 3: '1.0', 4: 0.3403295742982117} 
{0: '0.0', 1: '1.0', 2: '0.0', 3: '1.0', 4: 0.035744619333686126} 
{0: '0.0', 1: '1.0', 2: '0.0', 3: '1.0', 4: 0.6690932940590382} 
{0: '0.0', 1: '1.0', 2: '0.0', 3: '1.0', 4: 0.5450101607742608} 
{0: '0.0', 1: '1.0', 2: '0.0', 3: '1.0', 4: 0.5246491009365398} 
{0: '0.0', 1: '1.0', 2: '0.0', 3: '1.0', 4: 0.16885758795806077} 
{0: '0.0', 1: '1.0', 2: '0.0', 3: '1.0', 4: 1.4717700058270549} 
{0: '0.0', 1: '1.0', 2: '0.0', 3: '1.0', 4: 0.18654428441633636} 
{0: '0.0', 1: '1.0', 2: '0.0', 3: '1.0', 4: 0.16258518397469227} 
{0: '0.0', 1: '1.0', 2: '0.0', 3: '1.0', 4: 0.6944920556042712} 
{0: '0.0', 1: '1.0', 2: '0.0', 3: '1.0', 4: 1.019424654200401} 
{0: '0.0', 1: '1.0', 2: '0.0', 3: '1.0', 4: 0.4342126153365867} 
{0: '0.0', 1: '1.0', 2: '0.0', 3: '1.0', 4: 0.1664601305743939} 
{0: '0.0', 1: '1.0', 2: '0.0', 3: '1.0', 4: 0.01550055661129072} 
{0: '0.0', 1: '1.0', 2: '0.0', 3: '1.0', 4: 0.12182085264438013} 
{0: '0.0', 1: '1.0', 2: '0.0', 3: '1.0', 4: 0.4751365670118402} 
{0: '0.0', 1: '1.0', 2: '0.0', 3: '1.0', 4: 0.12657675347641908} 
{0: '0.0', 1: '1.0', 2: '0.0', 3: '1.0', 4: 0.565969839376621} 
{0: '0.0', 1: '1.0', 2: '0.0', 3: '1.0', 4: 0.000622172977934849} 
{0: '0.0', 1: '1.0', 2: '0.0', 3: '1.0', 4: 0.3539590760722437} 
{0: '0.0', 1: '1.0', 2: '0.0', 3: '1.0', 4: 0.01734322171961638} 
{0: '0.0', 1: '1.0', 2: '0.0', 3: '1.0', 4: 0.21855024355032784} 
{0: '0.0', 1: '1.0', 2: '0.0', 3: '1.0', 4: 1.0065608703639948} 
{0: '0.0', 1: '1.0', 2: '0.0', 3: '1.0', 4: 0.12558164250127665} 
{0: '0.0', 1: '1.0', 2: '0.0', 3: '1.0', 4: 1.396694965723131} 
{0: '0.0', 1: '1.0', 2: '0.0', 3: '1.0', 4: 0.17592767024649125} 
{0: '0.0', 1: '1.0', 2: '0.0', 3: '1.0', 4: 0.21518992326014563} 
{0: '0.0', 1: '1.0', 2: '0.0', 3: '1.0', 4: 0.4261711768467475} 
{0: '0.0', 1: '1.0', 2: '0.0', 3: '1.0', 4: 1.7772937954361965} 
{0: '0.0', 1: '1.0', 2: '0.0', 3: '1.0', 4: 0.0007429642409381333} 
{0: '0.0', 1: '1.0', 2: '0.0', 3: '1.0', 4: 0.7886772028908016} 
{0: '0.0', 1: '1.0', 2: '0.0', 3: '1.0', 4: 0.18964655556285653} 
{0: '0.0', 1: '1.0', 2: '0.0', 3: '1.0', 4: 0.02083585004120595} 
{0: '0.0', 1: '1.0', 2: '0.0', 3: '1.0', 4: 0.5791381978921466} 
{0: '0.0', 1: '1.0', 2: '0.0', 3: '1.0', 4: 0.034506229708696635} 
{0: '0.0', 1: '1.0', 2: '0.0', 3: '1.0', 4: 0.04239218028401629} 
{0: '0.0', 1: '1.0', 2: '0.0', 3: '1.0', 4: 0.6161497641527252} 
{0: '0.0', 1: '1.0', 2: '0.0', 3: '1.0', 4: 0.1556874961481795} 
{0: '0.0', 1: '1.0', 2: '0.0', 3: '1.0', 4: 0.19388806226091318} 
{0: '0.0', 1: '1.0', 2: '0.0', 3: '1.0', 4: 0.1158145949109045} 
{0: '0.0', 1: '1.0', 2: '0.0', 3: '1.0', 4: 0.394971624030326} 
{0: '0.0', 1: '1.0', 2: '0.0', 3: '1.0', 4: 0.24803018680299932} 
{0: '0.0', 1: '1.0', 2: '0.0', 3: '1.0', 4: 0.020366341186407837} 
{0: '0.0', 1: '1.0', 2: '0.0', 3: '1.0', 4: 0.13958163549094657} 
{0: '0.0', 1: '1.0', 2: '0.0', 3: '1.0', 4: 0.16074215093935235} 
{0: '0.0', 1: '1.0', 2: '0.0', 3: '1.0', 4: 0.14481105949006368} 
{0: '0.0', 1: '1.0', 2: '0.0', 3: '1.0', 4: 8.792582054585882e-05} 
{0: '0.0', 1: '1.0', 2: '0.0', 3: '1.0', 4: 0.021740080346870395} 
{0: '0.0', 1: '1.0', 2: '0.0', 3: '1.0', 4: 1.1422086647356887e-05} 
{0: '0.0', 1: '1.0', 2: '0.0', 3: '1.0', 4: 0.4893021076731385} 
{0: '0.0', 1: '1.0', 2: '0.0', 3: '1.0', 4: 0.5506707087519277} 
{0: '0.0', 1: '1.0', 2: '0.0', 3: '1.0', 4: 1.7906630840009583} 
{0: '0.0', 1: '1.0', 2: '0.0', 3: '1.0', 4: 0.0010395233705365774} 
{0: '0.0', 1: '1.0', 2: '0.0', 3: '1.0', 4: 0.42229705975793} 
{0: '0.0', 1: '1.0', 2: '0.0', 3: '1.0', 4: 1.208057945608539} 
{0: '0.0', 1: '1.0', 2: '0.0', 3: '1.0', 4: 0.9332398908935019} 
{0: '0.0', 1: '1.0', 2: '0.0', 3: '1.0', 4: 0.2278198897619673} 
{0: '0.0', 1: '1.0', 2: '0.0', 3: '1.0', 4: 1.0019352436431936} 
{0: '0.0', 1: '1.0', 2: '0.0', 3: '1.0', 4: 2.3704334629378856} 
{0: '0.0', 1: '1.0', 2: '0.0', 3: '1.0', 4: 0.1272954111888638} 
{0: '0.0', 1: '1.0', 2: '0.0', 3: '1.0', 4: 1.0287292185494175} 
{0: '0.0', 1: '1.0', 2: '0.0', 3: '1.0', 4: 0.1628764756371313} 
{0: '0.0', 1: '1.0', 2: '0.0', 3: '1.0', 4: 1.199147944591134} 
{0: '0.0', 1: '1.0', 2: '0.0', 3: '1.0', 4: 5.206077302526837e-05} 
{0: '0.0', 1: '1.0', 2: '0.0', 3: '1.0', 4: 0.012604648753911063} 
{0: '0.0', 1: '1.0', 2: '0.0', 3: '1.0', 4: 0.0010305661000961036} 
{0: '0.0', 1: '1.0', 2: '0.0', 3: '1.0', 4: 0.08914740272859371} 
{0: '0.0', 1: '1.0', 2: '0.0', 3: '1.0', 4: 0.002179963320853332} 
{0: '0.0', 1: '1.0', 2: '0.0', 3: '1.0', 4: 2.8445874979085282e-05} 
{0: '0.0', 1: '1.0', 2: '0.0', 3: '1.0', 4: 0.02782534906515254} 
{0: '0.0', 1: '1.0', 2: '0.0', 3: '1.0', 4: 0.19641958432887954} 
{0: '0.0', 1: '1.0', 2: '0.0', 3: '1.0', 4: 0.38280484384790164} 
{0: '0.0', 1: '1.0', 2: '0.0', 3: '1.0', 4: 0.19568212994089224} 
{0: '0.0', 1: '1.0', 2: '0.0', 3: '1.0', 4: 0.47871079697436586} 
{0: '0.0', 1: '1.0', 2: '0.0', 3: '1.0', 4: 0.31732132257628237} 
{0: '0.0', 1: '1.0', 2: '0.0', 3: '1.0', 4: 3.2248617185479094} 
{0: '0.0', 1: '1.0', 2: '0.0', 3: '1.0', 4: 0.9050138049507088} 
{0: '0.0', 1: '1.0', 2: '0.0', 3: '1.0', 4: 0.14471724709689918} 
{0: '0.0', 1: '1.0', 2: '0.0', 3: '1.0', 4: 0.014968602203604917} 
{0: '0.0', 1: '1.0', 2: '0.0', 3: '1.0', 4: 0.07744445944944449} 
{0: '0.0', 1: '1.0', 2: '0.0', 3: '1.0', 4: 0.13282544331197818} 
{0: '0.0', 1: '1.0', 2: '0.0', 3: '1.0', 4: 0.3329093808480834} 
{0: '0.0', 1: '1.0', 2: '0.0', 3: '1.0', 4: 0.029568159141835176} 
{0: '0.0', 1: '1.0', 2: '0.0', 3: '1.0', 4: 0.09957816544377153} 
{0: '0.0', 1: '1.0', 2: '0.0', 3: '1.0', 4: 2.5648365360158767} 
{0: '0.0', 1: '1.0', 2: '0.0', 3: '1.0', 4: 0.30896521886236333} 
{0: '0.0', 1: '1.0', 2: '0.0', 3: '1.0', 4: 0.04402069464342956} 
{0: '0.0', 1: '1.0', 2: '0.0', 3: '1.0', 4: 0.019204382264462427} 
{0: '0.0', 1: '1.0', 2: '0.0', 3: '1.0', 4: 0.3684588624808642} 
{0: '0.0', 1: '1.0', 2: '0.0', 3: '1.0', 4: 0.23472607877796176} 
{0: '0.0', 1: '1.0', 2: '0.0', 3: '1.0', 4: 0.5801584984211247} 
{0: '0.0', 1: '1.0', 2: '0.0', 3: '1.0', 4: 0.24751571094003982} 
{0: '0.0', 1: '1.0', 2: '0.0', 3: '1.0', 4: 0.002055150444471178} 
{0: '0.0', 1: '1.0', 2: '0.0', 3: '1.0', 4: 0.4741308423470153} 
{0: '0.0', 1: '1.0', 2: '0.0', 3: '1.0', 4: 0.5401175279654739} 
{0: '0.0', 1: '1.0', 2: '0.0', 3: '1.0', 4: 0.13611913973124626} 
{0: '0.0', 1: '1.0', 2: '0.0', 3: '1.0', 4: 0.040514978531360976} 
{0: '0.0', 1: '1.0', 2: '0.0', 3: '1.0', 4: 0.1273710608795189} 
{0: '0.0', 1: '1.0', 2: '0.0', 3: '1.0', 4: 1.0324785678402917} 
{0: '0.0', 1: '1.0', 2: '0.0', 3: '1.0', 4: 0.20001021962222018} 
{0: '0.0', 1: '1.0', 2: '0.0', 3: '1.0', 4: 0.09239030552504318} 
{0: '0.0', 1: '1.0', 2: '0.0', 3: '1.0', 4: 0.26280782594304847} 
{0: '0.0', 1: '1.0', 2: '0.0', 3: '1.0', 4: 0.011680728716248156} 
{0: '0.0', 1: '1.0', 2: '0.0', 3: '1.0', 4: 1.2285169322374856} 
{0: '0.0', 1: '1.0', 2: '0.0', 3: '1.0', 4: 0.4048065264387347} 
{0: '0.0', 1: '1.0', 2: '0.0', 3: '1.0', 4: 0.7585312713386722} 
{0: '0.0', 1: '1.0', 2: '0.0', 3: '1.0', 4: 0.12130992552952323} 
{0: '0.0', 1: '1.0', 2: '0.0', 3: '1.0', 4: 1.1191101042338492} 
{0: '0.0', 1: '1.0', 2: '0.0', 3: '1.0', 4: 0.2668754923652912} 
{0: '0.0', 1: '1.0', 2: '0.0', 3: '1.0', 4: 0.16766337755087757} 
{0: '0.0', 1: '1.0', 2: '0.0', 3: '1.0', 4: 0.04398296630837919} 
{0: '0.0', 1: '1.0', 2: '0.0', 3: '1.0', 4: 0.021431864028600145} 
{0: '0.0', 1: '1.0', 2: '0.0', 3: '1.0', 4: 1.0378796313006577} 
{0: '0.0', 1: '1.0', 2: '0.0', 3: '1.0', 4: 0.18375140941121798} 
{0: '0.0', 1: '1.0', 2: '0.0', 3: '1.0', 4: 0.048796989184068294} 
{0: '0.0', 1: '1.0', 2: '0.0', 3: '1.0', 4: 0.5993112172754761} 
{0: '0.0', 1: '1.0', 2: '0.0', 3: '1.0', 4: 0.11954097134103608} 
{0: '0.0', 1: '1.0', 2: '0.0', 3: '1.0', 4: 0.4684965801000762} 
{0: '0.0', 1: '1.0', 2: '0.0', 3: '1.0', 4: 0.9144916817307609} 
{0: '0.0', 1: '1.0', 2: '0.0', 3: '1.0', 4: 2.1756421231225964} 
{0: '0.0', 1: '1.0', 2: '0.0', 3: '1.0', 4: 1.3422269454741806} 
{0: '0.0', 1: '1.0', 2: '0.0', 3: '1.0', 4: 0.023547286751374186} 
{0: '0.0', 1: '1.0', 2: '0.0', 3: '1.0', 4: 0.18240779688197953} 
{0: '0.0', 1: '1.0', 2: '0.0', 3: '1.0', 4: 0.013645472777368321} 
{0: '0.0', 1: '1.0', 2: '0.0', 3: '1.0', 4: 1.1011006641314138} 
{0: '0.0', 1: '1.0', 2: '0.0', 3: '1.0', 4: 0.19893003975169404} 
{0: '0.0', 1: '1.0', 2: '0.0', 3: '1.0', 4: 0.12019717915699424} 
{0: '0.0', 1: '1.0', 2: '0.0', 3: '1.0', 4: 0.04565634293081782} 
{0: '0.0', 1: '1.0', 2: '0.0', 3: '1.0', 4: 0.35877022002506753} 
{0: '0.0', 1: '1.0', 2: '0.0', 3: '1.0', 4: 0.2732333497689819} 
{0: '0.0', 1: '1.0', 2: '0.0', 3: '1.0', 4: 0.0001346799677156184} 
{0: '0.0', 1: '1.0', 2: '0.0', 3: '1.0', 4: 0.10269656336529327} 
{0: '0.0', 1: '1.0', 2: '0.0', 3: '1.0', 4: 0.4464046481063589} 
{0: '0.0', 1: '1.0', 2: '0.0', 3: '1.0', 4: 0.21198564070515014} 
{0: '0.0', 1: '1.0', 2: '0.0', 3: '1.0', 4: 1.1253093527773} 
{0: '0.0', 1: '1.0', 2: '0.0', 3: '1.0', 4: 1.885949402773096} 
{0: '0.0', 1: '1.0', 2: '0.0', 3: '1.0', 4: 0.5888633577932563} 
{0: '0.0', 1: '1.0', 2: '0.0', 3: '1.0', 4: 0.0002962183922368091} 
{0: '0.0', 1: '1.0', 2: '0.0', 3: '1.0', 4: 0.019082418712845006} 
{0: '0.0', 1: '1.0', 2: '0.0', 3: '1.0', 4: 1.430823412570518} 
{0: '0.0', 1: '1.0', 2: '0.0', 3: '1.0', 4: 0.07979298503599247} 
{0: '0.0', 1: '1.0', 2: '0.0', 3: '1.0', 4: 0.15852939368125366} 
{0: '0.0', 1: '1.0', 2: '0.0', 3: '1.0', 4: 0.022393698203871888} 
{0: '0.0', 1: '1.0', 2: '0.0', 3: '1.0', 4: 0.24261153991094103} 
{0: '0.0', 1: '1.0', 2: '0.0', 3: '1.0', 4: 0.01447610632396375} 
{0: '0.0', 1: '1.0', 2: '0.0', 3: '1.0', 4: 0.16910961073326844} 
{0: '0.0', 1: '1.0', 2: '0.0', 3: '1.0', 4: 0.19236996530388809} 
{0: '0.0', 1: '1.0', 2: '0.0', 3: '1.0', 4: 0.055402904288997364} 
{0: '0.0', 1: '1.0', 2: '0.0', 3: '1.0', 4: 0.05462739639253341} 
{0: '0.0', 1: '1.0', 2: '0.0', 3: '1.0', 4: 0.21678840637916857} 
{0: '0.0', 1: '1.0', 2: '0.0', 3: '1.0', 4: 0.5741009046265253} 
{0: '0.0', 1: '1.0', 2: '0.0', 3: '1.0', 4: 0.7498100276411089} 
{0: '0.0', 1: '1.0', 2: '0.0', 3: '1.0', 4: 0.2657610253350041} 
{0: '0.0', 1: '1.0', 2: '0.0', 3: '1.0', 4: 0.18799860961539355} 
{0: '0.0', 1: '1.0', 2: '0.0', 3: '1.0', 4: 0.4216731514038875} 
{0: '0.0', 1: '1.0', 2: '0.0', 3: '1.0', 4: 1.0053114584743006} 
{0: '0.0', 1: '1.0', 2: '0.0', 3: '1.0', 4: 0.43792043310577744} 
{0: '0.0', 1: '1.0', 2: '0.0', 3: '1.0', 4: 0.00658260855304498} 
{0: '0.0', 1: '1.0', 2: '0.0', 3: '1.0', 4: 1.1467733869357692} 
{0: '0.0', 1: '1.0', 2: '0.0', 3: '1.0', 4: 1.5695456423137266} 
{0: '0.0', 1: '1.0', 2: '0.0', 3: '1.0', 4: 0.05485416831086006} 
{0: '0.0', 1: '1.0', 2: '0.0', 3: '1.0', 4: 0.002056583814232169} 
{0: '0.0', 1: '1.0', 2: '0.0', 3: '1.0', 4: 1.9550356299711729} 
{0: '0.0', 1: '1.0', 2: '0.0', 3: '1.0', 4: 1.494305242393614} 
{0: '0.0', 1: '1.0', 2: '0.0', 3: '1.0', 4: 1.0197361361256756} 
{0: '0.0', 1: '1.0', 2: '0.0', 3: '1.0', 4: 0.02220670063777851} 
{0: '0.0', 1: '1.0', 2: '0.0', 3: '1.0', 4: 0.0032909281234585375} 
{0: '0.0', 1: '1.0', 2: '0.0', 3: '1.0', 4: 0.02154130702393535} 
{0: '0.0', 1: '1.0', 2: '0.0', 3: '1.0', 4: 0.4273494020227446} 
{0: '0.0', 1: '1.0', 2: '0.0', 3: '1.0', 4: 0.04002373405052624} 
{0: '0.0', 1: '1.0', 2: '0.0', 3: '1.0', 4: 0.030495077984573914} 
{0: '0.0', 1: '1.0', 2: '0.0', 3: '1.0', 4: 0.036744134930510874} 
{0: '0.0', 1: '1.0', 2: '0.0', 3: '1.0', 4: 2.1819402832733084} 
{0: '0.0', 1: '1.0', 2: '0.0', 3: '1.0', 4: 2.0535429288683753} 
{0: '0.0', 1: '1.0', 2: '0.0', 3: '1.0', 4: 0.26601556788824804} 
{0: '0.0', 1: '1.0', 2: '0.0', 3: '1.0', 4: 0.013676198943115753} 
{0: '0.0', 1: '1.0', 2: '0.0', 3: '1.0', 4: 0.006728758979606726} 
{0: '0.0', 1: '1.0', 2: '0.0', 3: '1.0', 4: 0.43019898783639765} 
{0: '0.0', 1: '1.0', 2: '0.0', 3: '1.0', 4: 1.8642171391329168} 
{0: '0.0', 1: '1.0', 2: '0.0', 3: '1.0', 4: 1.1259879889717572} 
{0: '0.0', 1: '1.0', 2: '0.0', 3: '1.0', 4: 0.045015316458528416} 
{0: '0.0', 1: '1.0', 2: '0.0', 3: '1.0', 4: 0.09422490025270173} 
{0: '0.0', 1: '1.0', 2: '0.0', 3: '1.0', 4: 2.415488335538612} 
{0: '0.0', 1: '1.0', 2: '0.0', 3: '1.0', 4: 0.7155818839704862} 
{0: '0.0', 1: '1.0', 2: '0.0', 3: '1.0', 4: 1.129732445877368} 
{0: '0.0', 1: '1.0', 2: '0.0', 3: '1.0', 4: 0.1224134764683689} 
{0: '0.0', 1: '1.0', 2: '0.0', 3: '1.0', 4: 1.7037836966413895} 
{0: '0.0', 1: '1.0', 2: '0.0', 3: '1.0', 4: 0.00500329770439296} 
{0: '0.0', 1: '1.0', 2: '0.0', 3: '1.0', 4: 0.8542275538728215} 
{0: '0.0', 1: '1.0', 2: '0.0', 3: '1.0', 4: 0.0459001643004644} 
{0: '0.0', 1: '1.0', 2: '0.0', 3: '1.0', 4: 0.15778820141991595} 
{0: '0.0', 1: '1.0', 2: '0.0', 3: '1.0', 4: 0.5119872483655737} 
{0: '0.0', 1: '1.0', 2: '0.0', 3: '1.0', 4: 0.23730138305191892} 
{0: '0.0', 1: '1.0', 2: '0.0', 3: '1.0', 4: 0.06315684832947598} 
{0: '0.0', 1: '1.0', 2: '0.0', 3: '1.0', 4: 0.012400302764519533} 
{0: '0.0', 1: '1.0', 2: '0.0', 3: '1.0', 4: 0.5963539434012661} 
{0: '0.0', 1: '1.0', 2: '0.0', 3: '1.0', 4: 0.02063821145383471} 
{0: '0.0', 1: '1.0', 2: '0.0', 3: '1.0', 4: 0.003586537723636542} 
{0: '0.0', 1: '1.0', 2: '0.0', 3: '1.0', 4: 0.04471927922514827} 
{0: '0.0', 1: '1.0', 2: '0.0', 3: '1.0', 4: 0.0010532933186605485} 
{0: '0.0', 1: '1.0', 2: '0.0', 3: '1.0', 4: 0.13515981502350086} 
{0: '0.0', 1: '1.0', 2: '0.0', 3: '1.0', 4: 0.15815342769523996} 
{0: '0.0', 1: '1.0', 2: '0.0', 3: '1.0', 4: 2.2821493376060205} 
{0: '0.0', 1: '1.0', 2: '0.0', 3: '1.0', 4: 0.004742405018910775} 
{0: '0.0', 1: '1.0', 2: '0.0', 3: '1.0', 4: 0.1794147500205265} 
{0: '0.0', 1: '1.0', 2: '0.0', 3: '1.0', 4: 0.18024209855050152} 
{0: '0.0', 1: '1.0', 2: '0.0', 3: '1.0', 4: 0.0013076493788083522} 
{0: '0.0', 1: '1.0', 2: '0.0', 3: '1.0', 4: 0.29433204422178033} 
{0: '0.0', 1: '1.0', 2: '0.0', 3: '1.0', 4: 0.029755695860694077} 
{0: '0.0', 1: '1.0', 2: '0.0', 3: '1.0', 4: 0.09660611807015156} 
{0: '0.0', 1: '1.0', 2: '0.0', 3: '1.0', 4: 0.19454038666264556} 
{0: '0.0', 1: '1.0', 2: '0.0', 3: '1.0', 4: 2.979502553148295} 
{0: '0.0', 1: '1.0', 2: '0.0', 3: '1.0', 4: 0.01658409020056801} 
{0: '0.0', 1: '1.0', 2: '0.0', 3: '1.0', 4: 0.03217282249486606} 
{0: '0.0', 1: '1.0', 2: '0.0', 3: '1.0', 4: 0.32508123573696945} 
{0: '0.0', 1: '1.0', 2: '0.0', 3: '1.0', 4: 0.4527789667316063} 
{0: '0.0', 1: '1.0', 2: '0.0', 3: '1.0', 4: 0.296644162589089} 
{0: '0.0', 1: '1.0', 2: '0.0', 3: '1.0', 4: 0.4544363584862053} 
{0: '0.0', 1: '1.0', 2: '0.0', 3: '1.0', 4: 0.028920778812126943} 
{0: '0.0', 1: '1.0', 2: '0.0', 3: '1.0', 4: 0.18575761590108217} 
{0: '0.0', 1: '1.0', 2: '0.0', 3: '1.0', 4: 0.0008745075414818418} 
{0: '0.0', 1: '1.0', 2: '0.0', 3: '1.0', 4: 0.5662224194663883} 
{0: '0.0', 1: '1.0', 2: '0.0', 3: '1.0', 4: 0.34169429165393145} 
{0: '0.0', 1: '1.0', 2: '0.0', 3: '1.0', 4: 0.5351471584745247} 
{0: '0.0', 1: '1.0', 2: '0.0', 3: '1.0', 4: 0.7286536383738997} 
{0: '0.0', 1: '1.0', 2: '0.0', 3: '1.0', 4: 1.026164097948686} 
{0: '0.0', 1: '1.0', 2: '0.0', 3: '1.0', 4: 0.22056748603450277} 
{0: '0.0', 1: '1.0', 2: '0.0', 3: '1.0', 4: 0.6904490689872282} 
{0: '0.0', 1: '1.0', 2: '0.0', 3: '1.0', 4: 0.07515073637682583} 
{0: '0.0', 1: '1.0', 2: '0.0', 3: '1.0', 4: 2.519033260132942} 
{0: '0.0', 1: '1.0', 2: '0.0', 3: '1.0', 4: 0.03833257953333436} 
{0: '0.0', 1: '1.0', 2: '0.0', 3: '1.0', 4: 0.6657650202729526} 
{0: '0.0', 1: '1.0', 2: '0.0', 3: '1.0', 4: 0.4244637710953484} 
{0: '0.0', 1: '1.0', 2: '0.0', 3: '1.0', 4: 1.472091057813228} 
{0: '0.0', 1: '1.0', 2: '0.0', 3: '1.0', 4: 0.015510031744778057} 
{0: '0.0', 1: '1.0', 2: '0.0', 3: '1.0', 4: 0.027720828065346235} 
{0: '0.0', 1: '1.0', 2: '0.0', 3: '1.0', 4: 1.3473012188442097} 
{0: '0.0', 1: '1.0', 2: '0.0', 3: '1.0', 4: 4.7068200838521104e-05} 
{0: '0.0', 1: '1.0', 2: '0.0', 3: '1.0', 4: 0.6104079257362783} 
{0: '0.0', 1: '1.0', 2: '0.0', 3: '1.0', 4: 1.8777934114978736} 
{0: '0.0', 1: '1.0', 2: '0.0', 3: '1.0', 4: 0.16144641845891125} 
{0: '0.0', 1: '1.0', 2: '0.0', 3: '1.0', 4: 0.2726583354415059} 
{0: '0.0', 1: '1.0', 2: '0.0', 3: '1.0', 4: 0.3487792924399326} 
{0: '0.0', 1: '1.0', 2: '0.0', 3: '1.0', 4: 0.00015905776062015943} 
{0: '0.0', 1: '1.0', 2: '0.0', 3: '1.0', 4: 0.07805529345712096} 
{0: '0.0', 1: '1.0', 2: '0.0', 3: '1.0', 4: 0.003549250519707917} 
{0: '0.0', 1: '1.0', 2: '0.0', 3: '1.0', 4: 0.1283187514436705} 
{0: '0.0', 1: '1.0', 2: '0.0', 3: '1.0', 4: 0.7825036805505188} 
{0: '0.0', 1: '1.0', 2: '0.0', 3: '1.0', 4: 0.05404132127179424} 
{0: '0.0', 1: '1.0', 2: '0.0', 3: '1.0', 4: 0.04837126427676291} 
{0: '0.0', 1: '1.0', 2: '0.0', 3: '1.0', 4: 1.982812794875474} 
{0: '0.0', 1: '1.0', 2: '0.0', 3: '1.0', 4: 0.8687966806268472} 
{0: '0.0', 1: '1.0', 2: '0.0', 3: '1.0', 4: 2.3796665063665743} 
{0: '0.0', 1: '1.0', 2: '0.0', 3: '1.0', 4: 0.026492045346388878} 
{0: '0.0', 1: '1.0', 2: '0.0', 3: '1.0', 4: 0.17914873537123985} 
{0: '0.0', 1: '1.0', 2: '0.0', 3: '1.0', 4: 0.0014968913743978833} 
{0: '0.0', 1: '1.0', 2: '0.0', 3: '1.0', 4: 1.3218669839711272} 
{0: '0.0', 1: '1.0', 2: '0.0', 3: '1.0', 4: 0.6708628304688156} 
{0: '0.0', 1: '1.0', 2: '0.0', 3: '1.0', 4: 2.524673368415847} 
{0: '0.0', 1: '1.0', 2: '0.0', 3: '1.0', 4: 0.04245902085957172} 
{0: '0.0', 1: '1.0', 2: '0.0', 3: '1.0', 4: 0.18204619315342815} 
{0: '0.0', 1: '1.0', 2: '0.0', 3: '1.0', 4: 0.8987549847158036} 
{0: '0.0', 1: '1.0', 2: '0.0', 3: '1.0', 4: 0.5511499770565867} 
{0: '0.0', 1: '1.0', 2: '0.0', 3: '1.0', 4: 0.05383222408813235} 
{0: '0.0', 1: '1.0', 2: '0.0', 3: '1.0', 4: 0.06690695819593886} 
{0: '0.0', 1: '1.0', 2: '0.0', 3: '1.0', 4: 0.008690058251544203} 
{0: '0.0', 1: '1.0', 2: '0.0', 3: '1.0', 4: 0.0815294927209188} 
{0: '0.0', 1: '1.0', 2: '0.0', 3: '1.0', 4: 0.5409657963152746} 
{0: '0.0', 1: '1.0', 2: '0.0', 3: '1.0', 4: 1.8998697849830108} 
{0: '0.0', 1: '1.0', 2: '0.0', 3: '1.0', 4: 0.20046128806350932} 
{0: '0.0', 1: '1.0', 2: '0.0', 3: '1.0', 4: 1.1412583099765177} 
{0: '0.0', 1: '1.0', 2: '0.0', 3: '1.0', 4: 0.04073378800295956} 
{0: '0.0', 1: '1.0', 2: '0.0', 3: '1.0', 4: 0.0005587501439606586} 
{0: '0.0', 1: '1.0', 2: '0.0', 3: '1.0', 4: 0.03953834714838337} 
{0: '0.0', 1: '1.0', 2: '0.0', 3: '1.0', 4: 1.6485266908917966} 
{0: '0.0', 1: '1.0', 2: '0.0', 3: '1.0', 4: 0.0017282456936618886} 
{0: '0.0', 1: '1.0', 2: '0.0', 3: '1.0', 4: 0.01669096164480483} 
{0: '0.0', 1: '1.0', 2: '0.0', 3: '1.0', 4: 0.5948477363915201} 
{0: '0.0', 1: '1.0', 2: '0.0', 3: '1.0', 4: 0.00043147085063187737} 
{0: '0.0', 1: '1.0', 2: '0.0', 3: '1.0', 4: 2.669272444865158} 
{0: '0.0', 1: '1.0', 2: '0.0', 3: '1.0', 4: 0.5653465296007187} 
{0: '0.0', 1: '1.0', 2: '0.0', 3: '1.0', 4: 0.31524071722462527} 
{0: '0.0', 1: '1.0', 2: '0.0', 3: '1.0', 4: 0.013429874427059224} 
{0: '0.0', 1: '1.0', 2: '0.0', 3: '1.0', 4: 0.8123760611577832} 
{0: '0.0', 1: '1.0', 2: '0.0', 3: '1.0', 4: 0.002567710730288069} 
{0: '0.0', 1: '1.0', 2: '0.0', 3: '1.0', 4: 0.4572684044856486} 
{0: '0.0', 1: '1.0', 2: '0.0', 3: '1.0', 4: 0.4057510841149526} 
{0: '0.0', 1: '1.0', 2: '0.0', 3: '1.0', 4: 0.06229709882784909} 
{0: '0.0', 1: '1.0', 2: '0.0', 3: '1.0', 4: 0.011680768618093371} 
{0: '0.0', 1: '1.0', 2: '0.0', 3: '1.0', 4: 0.030462078214948302} 
{0: '0.0', 1: '1.0', 2: '0.0', 3: '1.0', 4: 0.11138061056675483} 
{0: '0.0', 1: '1.0', 2: '0.0', 3: '1.0', 4: 0.00230195884197187} 
{0: '0.0', 1: '1.0', 2: '0.0', 3: '1.0', 4: 0.2692072238548213} 
{0: '0.0', 1: '1.0', 2: '0.0', 3: '1.0', 4: 0.6647265265405266} 
{0: '0.0', 1: '1.0', 2: '0.0', 3: '1.0', 4: 0.6836774793514161} 
{0: '0.0', 1: '1.0', 2: '0.0', 3: '1.0', 4: 0.02954351768052848} 
{0: '0.0', 1: '1.0', 2: '0.0', 3: '1.0', 4: 1.7449737381331054} 
{0: '0.0', 1: '1.0', 2: '0.0', 3: '1.0', 4: 0.6770899763011223} 
{0: '0.0', 1: '1.0', 2: '0.0', 3: '1.0', 4: 0.5155855088660678} 
{0: '0.0', 1: '1.0', 2: '0.0', 3: '1.0', 4: 1.6600941209460478} 
{0: '0.0', 1: '1.0', 2: '0.0', 3: '1.0', 4: 0.1383442924280824} 
{0: '0.0', 1: '1.0', 2: '0.0', 3: '1.0', 4: 0.005299965710001715} 
{0: '0.0', 1: '1.0', 2: '0.0', 3: '1.0', 4: 0.04490465892220014} 
{0: '0.0', 1: '1.0', 2: '0.0', 3: '1.0', 4: 0.03763345903492284} 
{0: '0.0', 1: '1.0', 2: '0.0', 3: '1.0', 4: 0.07644311968567119} 
{0: '0.0', 1: '1.0', 2: '0.0', 3: '1.0', 4: 0.7235800982695736} 
{0: '0.0', 1: '1.0', 2: '0.0', 3: '1.0', 4: 0.2118919676176597} 
{0: '0.0', 1: '1.0', 2: '0.0', 3: '1.0', 4: 0.7263760939853667} 
{0: '0.0', 1: '1.0', 2: '0.0', 3: '1.0', 4: 0.3287283417543678} 
{0: '0.0', 1: '1.0', 2: '0.0', 3: '1.0', 4: 0.12291593295663465} 
{0: '0.0', 1: '1.0', 2: '0.0', 3: '1.0', 4: 0.7677470321108156} 
{0: '0.0', 1: '1.0', 2: '0.0', 3: '1.0', 4: 0.2864315021659492} 
{0: '0.0', 1: '1.0', 2: '0.0', 3: '1.0', 4: 3.4922032482313434} 
{0: '0.0', 1: '1.0', 2: '0.0', 3: '1.0', 4: 0.41972860970853815} 
{0: '0.0', 1: '1.0', 2: '0.0', 3: '1.0', 4: 1.2631651138099587} 
{0: '0.0', 1: '1.0', 2: '0.0', 3: '1.0', 4: 0.6936282253361301} 
{0: '0.0', 1: '1.0', 2: '0.0', 3: '1.0', 4: 0.8185527939908377} 
{0: '0.0', 1: '1.0', 2: '0.0', 3: '1.0', 4: 2.2188898007807896} 
{0: '0.0', 1: '1.0', 2: '0.0', 3: '1.0', 4: 0.4447584426224071} 
{0: '0.0', 1: '1.0', 2: '0.0', 3: '1.0', 4: 0.19522012749567524} 
{0: '0.0', 1: '1.0', 2: '0.0', 3: '1.0', 4: 0.3748323499775743} 
{0: '0.0', 1: '1.0', 2: '0.0', 3: '1.0', 4: 0.45482210519930955} 
{0: '0.0', 1: '1.0', 2: '0.0', 3: '1.0', 4: 1.2956088866747324} 
{0: '0.0', 1: '1.0', 2: '0.0', 3: '1.0', 4: 0.042513039165288105} 
{0: '0.0', 1: '1.0', 2: '0.0', 3: '1.0', 4: 0.1942520452383649} 
{0: '0.0', 1: '1.0', 2: '0.0', 3: '1.0', 4: 1.2281708321245977} 
{0: '0.0', 1: '1.0', 2: '0.0', 3: '1.0', 4: 0.2931017544385766} 
{0: '0.0', 1: '1.0', 2: '0.0', 3: '1.0', 4: 0.04363347378176388} 
{0: '0.0', 1: '1.0', 2: '0.0', 3: '1.0', 4: 0.7004984749814833} 
{0: '0.0', 1: '1.0', 2: '0.0', 3: '1.0', 4: 0.11720110706366606} 
{0: '0.0', 1: '1.0', 2: '0.0', 3: '1.0', 4: 0.04454145172580168} 
{0: '0.0', 1: '1.0', 2: '0.0', 3: '1.0', 4: 0.2837599784856753} 
{0: '0.0', 1: '1.0', 2: '0.0', 3: '1.0', 4: 0.024629290445733126} 
{0: '0.0', 1: '1.0', 2: '0.0', 3: '1.0', 4: 1.2422840720057708} 
{0: '0.0', 1: '1.0', 2: '0.0', 3: '1.0', 4: 0.7653096408288599} 
{0: '0.0', 1: '1.0', 2: '0.0', 3: '1.0', 4: 0.03558117473068727} 
{0: '0.0', 1: '1.0', 2: '0.0', 3: '1.0', 4: 0.3977526114081003} 
{0: '0.0', 1: '1.0', 2: '0.0', 3: '1.0', 4: 0.5812478634592565} 
{0: '0.0', 1: '1.0', 2: '0.0', 3: '1.0', 4: 0.5604342868441052} 
{0: '0.0', 1: '1.0', 2: '0.0', 3: '1.0', 4: 0.14873673639160745} 
{0: '0.0', 1: '1.0', 2: '0.0', 3: '1.0', 4: 0.22581677594329674} 
{0: '0.0', 1: '1.0', 2: '0.0', 3: '1.0', 4: 0.6879820798732175} 
{0: '0.0', 1: '1.0', 2: '0.0', 3: '1.0', 4: 1.495048477199096} 
{0: '0.0', 1: '1.0', 2: '0.0', 3: '1.0', 4: 0.12485632758863187} 
{0: '0.0', 1: '1.0', 2: '0.0', 3: '1.0', 4: 3.858608755894671} 
{0: '0.0', 1: '1.0', 2: '0.0', 3: '1.0', 4: 0.11162494876279928} 
{0: '0.0', 1: '1.0', 2: '0.0', 3: '1.0', 4: 0.011580689169640956} 
{0: '0.0', 1: '1.0', 2: '0.0', 3: '1.0', 4: 0.4149516958378041} 
{0: '0.0', 1: '1.0', 2: '0.0', 3: '1.0', 4: 0.5799135679801947} 
{0: '0.0', 1: '1.0', 2: '0.0', 3: '1.0', 4: 0.0004616690227681035} 
{0: '0.0', 1: '1.0', 2: '0.0', 3: '1.0', 4: 0.11860992053929752} 
{0: '0.0', 1: '1.0', 2: '0.0', 3: '1.0', 4: 0.2694752169722197} 
{0: '0.0', 1: '1.0', 2: '0.0', 3: '1.0', 4: 0.07109262755526734} 
{0: '0.0', 1: '1.0', 2: '0.0', 3: '1.0', 4: 0.01020792458490602} 
{0: '0.0', 1: '1.0', 2: '0.0', 3: '1.0', 4: 0.6404450365762457} 
{0: '0.0', 1: '1.0', 2: '0.0', 3: '1.0', 4: 0.6806653059290083} 
{0: '0.0', 1: '1.0', 2: '0.0', 3: '1.0', 4: 1.0645328700269847} 
{0: '0.0', 1: '1.0', 2: '0.0', 3: '1.0', 4: 0.3313591028835174} 
{0: '0.0', 1: '1.0', 2: '0.0', 3: '1.0', 4: 3.1603945330871697} 
{0: '0.0', 1: '1.0', 2: '0.0', 3: '1.0', 4: 0.024751514070094082} 
{0: '0.0', 1: '1.0', 2: '0.0', 3: '1.0', 4: 0.28955096116778334} 
{0: '0.0', 1: '1.0', 2: '0.0', 3: '1.0', 4: 0.3090036610755461} 
{0: '0.0', 1: '1.0', 2: '0.0', 3: '1.0', 4: 2.5291389636054384e-05} 
{0: '0.0', 1: '1.0', 2: '0.0', 3: '1.0', 4: 0.7913646374648752} 
{0: '0.0', 1: '1.0', 2: '0.0', 3: '1.0', 4: 0.028669595390423474} 
{0: '0.0', 1: '1.0', 2: '0.0', 3: '1.0', 4: 0.045837781058522674} 
{0: '0.0', 1: '1.0', 2: '0.0', 3: '1.0', 4: 0.15583316622684507} 
{0: '0.0', 1: '1.0', 2: '0.0', 3: '1.0', 4: 2.0631623442377434} 
{0: '0.0', 1: '1.0', 2: '0.0', 3: '1.0', 4: 0.1957740022008036} 
{0: '0.0', 1: '1.0', 2: '0.0', 3: '1.0', 4: 0.004176116703544813} 
{0: '0.0', 1: '1.0', 2: '0.0', 3: '1.0', 4: 0.863020473488336} 
{0: '0.0', 1: '1.0', 2: '0.0', 3: '1.0', 4: 0.38748913363388604} 
{0: '0.0', 1: '1.0', 2: '0.0', 3: '1.0', 4: 0.47334693138044015} 
{0: '0.0', 1: '1.0', 2: '0.0', 3: '1.0', 4: 0.23517333414078595} 
{0: '0.0', 1: '1.0', 2: '0.0', 3: '1.0', 4: 0.24386474500825614} 
{0: '0.0', 1: '1.0', 2: '0.0', 3: '1.0', 4: 0.3757203237128526} 
{0: '0.0', 1: '1.0', 2: '0.0', 3: '1.0', 4: 0.3418064644585222} 
{0: '0.0', 1: '1.0', 2: '0.0', 3: '1.0', 4: 0.11122603406498704} 
{0: '0.0', 1: '1.0', 2: '0.0', 3: '1.0', 4: 1.0205523574986948} 
{0: '0.0', 1: '1.0', 2: '0.0', 3: '1.0', 4: 0.3237478870088126} 
{0: '0.0', 1: '1.0', 2: '0.0', 3: '1.0', 4: 1.1458081099302675} 
{0: '0.0', 1: '1.0', 2: '0.0', 3: '1.0', 4: 0.663848320250088} 
{0: '0.0', 1: '1.0', 2: '0.0', 3: '1.0', 4: 0.06116872794989762} 
{0: '0.0', 1: '1.0', 2: '0.0', 3: '1.0', 4: 0.3574907767366466} 
{0: '0.0', 1: '1.0', 2: '0.0', 3: '1.0', 4: 1.8627673649363428} 
{0: '0.0', 1: '1.0', 2: '0.0', 3: '1.0', 4: 0.28771988739983295} 
{0: '0.0', 1: '1.0', 2: '0.0', 3: '1.0', 4: 0.4735438953582253} 
{0: '0.0', 1: '1.0', 2: '0.0', 3: '1.0', 4: 0.311128446109964} 
{0: '0.0', 1: '1.0', 2: '0.0', 3: '1.0', 4: 1.2416567022398606} 
{0: '0.0', 1: '1.0', 2: '0.0', 3: '1.0', 4: 1.3181983534598787} 
{0: '0.0', 1: '1.0', 2: '0.0', 3: '1.0', 4: 0.8612321702641249} 
{0: '0.0', 1: '1.0', 2: '0.0', 3: '1.0', 4: 0.02870319981055441} 
{0: '0.0', 1: '1.0', 2: '0.0', 3: '1.0', 4: 0.43264856612976044} 
{0: '0.0', 1: '1.0', 2: '0.0', 3: '1.0', 4: 0.19055197526866502} 
{0: '0.0', 1: '1.0', 2: '0.0', 3: '1.0', 4: 0.06345520357453317} 
{0: '0.0', 1: '1.0', 2: '0.0', 3: '1.0', 4: 0.2453003124018525} 
{0: '0.0', 1: '1.0', 2: '0.0', 3: '1.0', 4: 0.03314513548167766} 
{0: '0.0', 1: '1.0', 2: '0.0', 3: '1.0', 4: 0.12096357676983018} 
{0: '0.0', 1: '1.0', 2: '0.0', 3: '1.0', 4: 0.42300479671957797} 
{0: '0.0', 1: '1.0', 2: '0.0', 3: '1.0', 4: 0.10563829975231902} 
{0: '0.0', 1: '1.0', 2: '0.0', 3: '1.0', 4: 0.23787752933317247} 
{0: '0.0', 1: '1.0', 2: '0.0', 3: '1.0', 4: 0.0003860703702306267} 
{0: '0.0', 1: '1.0', 2: '0.0', 3: '1.0', 4: 0.04739021923649975} 
{0: '0.0', 1: '1.0', 2: '0.0', 3: '1.0', 4: 0.12449031041974123} 
{0: '0.0', 1: '1.0', 2: '0.0', 3: '1.0', 4: 0.6551893524634096} 
{0: '0.0', 1: '1.0', 2: '0.0', 3: '1.0', 4: 1.6443638852164328} 
{0: '0.0', 1: '1.0', 2: '0.0', 3: '1.0', 4: 0.1380566854156023} 
{0: '0.0', 1: '1.0', 2: '0.0', 3: '1.0', 4: 0.09253760105771337} 
{0: '0.0', 1: '1.0', 2: '0.0', 3: '1.0', 4: 0.011345216663445467} 
{0: '0.0', 1: '1.0', 2: '0.0', 3: '1.0', 4: 0.0006687675253989962} 
{0: '0.0', 1: '1.0', 2: '0.0', 3: '1.0', 4: 0.056784958543016587} 
{0: '0.0', 1: '1.0', 2: '0.0', 3: '1.0', 4: 0.6854048306903934} 
{0: '0.0', 1: '1.0', 2: '0.0', 3: '1.0', 4: 0.016718651137252318} 
{0: '0.0', 1: '1.0', 2: '0.0', 3: '1.0', 4: 0.011278845372901225} 
{0: '0.0', 1: '1.0', 2: '0.0', 3: '1.0', 4: 0.1848308444629826} 
{0: '0.0', 1: '1.0', 2: '0.0', 3: '1.0', 4: 0.44672883398115176} 
{0: '0.0', 1: '1.0', 2: '0.0', 3: '1.0', 4: 0.38232021209317757} 
{0: '0.0', 1: '1.0', 2: '0.0', 3: '1.0', 4: 0.05875204704191625} 
{0: '0.0', 1: '1.0', 2: '0.0', 3: '1.0', 4: 0.691141538943159} 
{0: '0.0', 1: '1.0', 2: '0.0', 3: '1.0', 4: 0.1300051944059055} 
{0: '0.0', 1: '1.0', 2: '0.0', 3: '1.0', 4: 0.19305449125171256} 
{0: '0.0', 1: '1.0', 2: '0.0', 3: '1.0', 4: 2.9578661654594907} 
{0: '0.0', 1: '1.0', 2: '0.0', 3: '1.0', 4: 0.038835107436789355} 
{0: '0.0', 1: '1.0', 2: '0.0', 3: '1.0', 4: 0.1055521606696078} 
{0: '0.0', 1: '1.0', 2: '0.0', 3: '1.0', 4: 0.20549516610802565} 
{0: '0.0', 1: '1.0', 2: '0.0', 3: '1.0', 4: 0.04111065903973587} 
{0: '0.0', 1: '1.0', 2: '0.0', 3: '1.0', 4: 0.10842271513511206} 
{0: '0.0', 1: '1.0', 2: '0.0', 3: '1.0', 4: 0.10687533607732765} 
{0: '0.0', 1: '1.0', 2: '0.0', 3: '1.0', 4: 0.7835866087685497} 
{0: '0.0', 1: '1.0', 2: '0.0', 3: '1.0', 4: 0.6591765101875645} 
{0: '0.0', 1: '1.0', 2: '0.0', 3: '1.0', 4: 1.8051245135564968} 
{0: '0.0', 1: '1.0', 2: '0.0', 3: '1.0', 4: 0.036677647522884424} 
{0: '0.0', 1: '1.0', 2: '0.0', 3: '1.0', 4: 0.7147741489235077} 
{0: '0.0', 1: '1.0', 2: '0.0', 3: '1.0', 4: 1.0235289782739043} 
{0: '0.0', 1: '1.0', 2: '0.0', 3: '1.0', 4: 1.44892397041357} 
{0: '0.0', 1: '1.0', 2: '0.0', 3: '1.0', 4: 0.2692971557661394} 
{0: '0.0', 1: '1.0', 2: '0.0', 3: '1.0', 4: 0.0005315123530800466} 
{0: '0.0', 1: '1.0', 2: '0.0', 3: '1.0', 4: 0.3890100280993562} 
{0: '0.0', 1: '1.0', 2: '0.0', 3: '1.0', 4: 0.29239013448993606} 
{0: '0.0', 1: '1.0', 2: '0.0', 3: '1.0', 4: 0.25598632063502996} 
{0: '0.0', 1: '1.0', 2: '0.0', 3: '1.0', 4: 0.0023057539841274148} 
{0: '0.0', 1: '1.0', 2: '0.0', 3: '1.0', 4: 0.00984663520948374} 
{0: '0.0', 1: '1.0', 2: '0.0', 3: '1.0', 4: 0.008060606616938845} 
{0: '0.0', 1: '1.0', 2: '0.0', 3: '1.0', 4: 1.2527595632692616} 
{0: '0.0', 1: '1.0', 2: '0.0', 3: '1.0', 4: 0.674366681850936} 
{0: '0.0', 1: '1.0', 2: '0.0', 3: '1.0', 4: 1.3782990745757828} 
{0: '0.0', 1: '1.0', 2: '0.0', 3: '1.0', 4: 0.05532002496800837} 
{0: '0.0', 1: '1.0', 2: '0.0', 3: '1.0', 4: 0.04776123262524246} 
{0: '0.0', 1: '1.0', 2: '0.0', 3: '1.0', 4: 0.10674360766648038} 
{0: '0.0', 1: '1.0', 2: '0.0', 3: '1.0', 4: 0.039075116488255554} 
{0: '0.0', 1: '1.0', 2: '0.0', 3: '1.0', 4: 2.1607689880712377} 
{0: '0.0', 1: '1.0', 2: '0.0', 3: '1.0', 4: 1.1123229075078012} 
{0: '0.0', 1: '1.0', 2: '0.0', 3: '1.0', 4: 0.019567691280925923} 
{0: '0.0', 1: '1.0', 2: '0.0', 3: '1.0', 4: 2.0349636355659024} 
{0: '0.0', 1: '1.0', 2: '0.0', 3: '1.0', 4: 0.04093285299542501} 
{0: '0.0', 1: '1.0', 2: '0.0', 3: '1.0', 4: 0.052483608517714594} 
{0: '0.0', 1: '1.0', 2: '0.0', 3: '1.0', 4: 0.4785130440029654} 
{0: '0.0', 1: '1.0', 2: '0.0', 3: '1.0', 4: 0.7164843648545297} 
{0: '0.0', 1: '1.0', 2: '0.0', 3: '1.0', 4: 0.9864175816863114} 
{0: '0.0', 1: '1.0', 2: '0.0', 3: '1.0', 4: 0.005197245255231463} 
{0: '0.0', 1: '1.0', 2: '0.0', 3: '1.0', 4: 0.004411633500073948} 
{0: '0.0', 1: '1.0', 2: '0.0', 3: '1.0', 4: 0.04017687580670668} 
{0: '0.0', 1: '1.0', 2: '0.0', 3: '1.0', 4: 0.004493205947501445} 
{0: '0.0', 1: '1.0', 2: '0.0', 3: '1.0', 4: 0.7662913193486116} 
{0: '0.0', 1: '1.0', 2: '0.0', 3: '1.0', 4: 0.31046269397124626} 
{0: '0.0', 1: '1.0', 2: '0.0', 3: '1.0', 4: 0.02919172061206104} 
{0: '0.0', 1: '1.0', 2: '0.0', 3: '1.0', 4: 0.0017103458568843934} 
{0: '0.0', 1: '1.0', 2: '0.0', 3: '1.0', 4: 0.027640405431259032} 
{0: '0.0', 1: '1.0', 2: '0.0', 3: '1.0', 4: 0.43486133713426417} 
{0: '0.0', 1: '1.0', 2: '0.0', 3: '1.0', 4: 0.014669467681355807} 
{0: '0.0', 1: '1.0', 2: '0.0', 3: '1.0', 4: 1.1094270572801141} 
{0: '0.0', 1: '1.0', 2: '0.0', 3: '1.0', 4: 0.10992140944650389} 
{0: '0.0', 1: '1.0', 2: '0.0', 3: '1.0', 4: 0.5953563168702377} 
{0: '0.0', 1: '1.0', 2: '0.0', 3: '1.0', 4: 0.137669334244988} 
{0: '0.0', 1: '1.0', 2: '0.0', 3: '1.0', 4: 0.3808231298439679} 
{0: '0.0', 1: '1.0', 2: '0.0', 3: '1.0', 4: 0.8087505482255092} 
{0: '0.0', 1: '1.0', 2: '0.0', 3: '1.0', 4: 1.4419553946149901} 
{0: '0.0', 1: '1.0', 2: '0.0', 3: '1.0', 4: 0.15638782894507597} 
{0: '0.0', 1: '1.0', 2: '0.0', 3: '1.0', 4: 0.3248013945711499} 
{0: '0.0', 1: '1.0', 2: '0.0', 3: '1.0', 4: 0.269002720795054} 
{0: '0.0', 1: '1.0', 2: '0.0', 3: '1.0', 4: 0.24883326396693178} 
{0: '0.0', 1: '1.0', 2: '0.0', 3: '1.0', 4: 0.05364538480323166} 
{0: '0.0', 1: '1.0', 2: '0.0', 3: '1.0', 4: 2.5554887102023867} 
{0: '0.0', 1: '1.0', 2: '0.0', 3: '1.0', 4: 0.9917841630288066} 
{0: '0.0', 1: '1.0', 2: '0.0', 3: '1.0', 4: 0.6536632821799838} 
{0: '0.0', 1: '1.0', 2: '0.0', 3: '1.0', 4: 0.01575020920114723} 
{0: '0.0', 1: '1.0', 2: '0.0', 3: '1.0', 4: 0.5364098817973315} 
{0: '0.0', 1: '1.0', 2: '0.0', 3: '1.0', 4: 0.6833711887677992} 
{0: '0.0', 1: '1.0', 2: '0.0', 3: '1.0', 4: 0.15719106410953776} 
{0: '0.0', 1: '1.0', 2: '0.0', 3: '1.0', 4: 0.015629508856660118} 
{0: '0.0', 1: '1.0', 2: '0.0', 3: '1.0', 4: 0.09100315275648234} 
{0: '0.0', 1: '1.0', 2: '0.0', 3: '1.0', 4: 0.8634546910834663} 
{0: '0.0', 1: '1.0', 2: '0.0', 3: '1.0', 4: 0.020761451625399625} 
{0: '0.0', 1: '1.0', 2: '0.0', 3: '1.0', 4: 0.1427661557782648} 
{0: '0.0', 1: '1.0', 2: '0.0', 3: '1.0', 4: 2.916259870073635} 
{0: '0.0', 1: '1.0', 2: '0.0', 3: '1.0', 4: 2.2132879070737905} 
{0: '0.0', 1: '1.0', 2: '0.0', 3: '1.0', 4: 0.6418879718123304} 
{0: '0.0', 1: '1.0', 2: '0.0', 3: '1.0', 4: 0.03276406434134052} 
{0: '0.0', 1: '1.0', 2: '0.0', 3: '1.0', 4: 0.039674029814875084} 
{0: '0.0', 1: '1.0', 2: '0.0', 3: '1.0', 4: 1.6890446511455597} 
{0: '0.0', 1: '1.0', 2: '0.0', 3: '1.0', 4: 0.14716015212706154} 
{0: '0.0', 1: '1.0', 2: '0.0', 3: '1.0', 4: 0.20988056650173767} 
{0: '0.0', 1: '1.0', 2: '0.0', 3: '1.0', 4: 1.2824552780045269} 
{0: '0.0', 1: '1.0', 2: '0.0', 3: '1.0', 4: 1.1831800891247568} 
{0: '0.0', 1: '1.0', 2: '0.0', 3: '1.0', 4: 0.0010734450549365543} 
{0: '0.0', 1: '1.0', 2: '0.0', 3: '1.0', 4: 0.03435799939082779} 
{0: '0.0', 1: '1.0', 2: '0.0', 3: '1.0', 4: 0.025689544518344397} 
{0: '0.0', 1: '1.0', 2: '0.0', 3: '1.0', 4: 0.2369324592612114} 
{0: '0.0', 1: '1.0', 2: '0.0', 3: '1.0', 4: 3.291470499298727} 
{0: '0.0', 1: '1.0', 2: '0.0', 3: '1.0', 4: 0.18243830612649756} 
{0: '0.0', 1: '1.0', 2: '0.0', 3: '1.0', 4: 0.535673573759786} 
{0: '0.0', 1: '1.0', 2: '0.0', 3: '1.0', 4: 0.048428307454016786} 
{0: '0.0', 1: '1.0', 2: '0.0', 3: '1.0', 4: 0.1127307184425585} 
{0: '0.0', 1: '1.0', 2: '0.0', 3: '1.0', 4: 0.35327824357195786} 
{0: '0.0', 1: '1.0', 2: '0.0', 3: '1.0', 4: 0.2862339820448735} 
{0: '0.0', 1: '1.0', 2: '0.0', 3: '1.0', 4: 1.2790203018270052} 
{0: '0.0', 1: '1.0', 2: '0.0', 3: '1.0', 4: 0.011091304080901953} 
{0: '0.0', 1: '1.0', 2: '0.0', 3: '1.0', 4: 4.351154251776065} 
{0: '0.0', 1: '1.0', 2: '0.0', 3: '1.0', 4: 0.21252814133096573} 
{0: '0.0', 1: '1.0', 2: '0.0', 3: '1.0', 4: 0.06075347815272654} 
{0: '0.0', 1: '1.0', 2: '0.0', 3: '1.0', 4: 0.9552494222023646} 
{0: '0.0', 1: '1.0', 2: '0.0', 3: '1.0', 4: 0.05389112003439624} 
{0: '0.0', 1: '1.0', 2: '0.0', 3: '1.0', 4: 0.26011070885534937} 
{0: '0.0', 1: '1.0', 2: '0.0', 3: '1.0', 4: 0.3434073572548685} 
{0: '0.0', 1: '1.0', 2: '0.0', 3: '1.0', 4: 1.270631732672721} 
{0: '0.0', 1: '1.0', 2: '0.0', 3: '1.0', 4: 1.4328974133350036} 
{0: '0.0', 1: '1.0', 2: '0.0', 3: '1.0', 4: 0.2673165720656207} 
{0: '0.0', 1: '1.0', 2: '0.0', 3: '1.0', 4: 1.204403240447092} 
{0: '0.0', 1: '1.0', 2: '0.0', 3: '1.0', 4: 0.1564354232670375} 
{0: '0.0', 1: '1.0', 2: '0.0', 3: '1.0', 4: 0.009523080028395223} 
{0: '0.0', 1: '1.0', 2: '0.0', 3: '1.0', 4: 0.008588056803726167} 
{0: '0.0', 1: '1.0', 2: '0.0', 3: '1.0', 4: 0.004997559468023188} 
{0: '0.0', 1: '1.0', 2: '0.0', 3: '1.0', 4: 2.1193504095088103} 
{0: '0.0', 1: '1.0', 2: '0.0', 3: '1.0', 4: 0.401448405544694} 
{0: '0.0', 1: '1.0', 2: '0.0', 3: '1.0', 4: 0.007144378314175432} 
{0: '0.0', 1: '1.0', 2: '0.0', 3: '1.0', 4: 0.02537485699946645} 
{0: '0.0', 1: '1.0', 2: '0.0', 3: '1.0', 4: 1.4239291612580274} 
{0: '0.0', 1: '1.0', 2: '0.0', 3: '1.0', 4: 0.2924265533901113} 
{0: '0.0', 1: '1.0', 2: '0.0', 3: '1.0', 4: 1.4615776410438337} 
{0: '0.0', 1: '1.0', 2: '0.0', 3: '1.0', 4: 0.9919603024008997} 
{0: '0.0', 1: '1.0', 2: '0.0', 3: '1.0', 4: 0.4393809158162372} 
{0: '0.0', 1: '1.0', 2: '0.0', 3: '1.0', 4: 1.2397134950642825} 
{0: '0.0', 1: '1.0', 2: '0.0', 3: '1.0', 4: 0.03583079836759961} 
{0: '0.0', 1: '1.0', 2: '0.0', 3: '1.0', 4: 0.24385200936277193} 
{0: '0.0', 1: '1.0', 2: '0.0', 3: '1.0', 4: 0.8722898519452978} 
{0: '0.0', 1: '1.0', 2: '0.0', 3: '1.0', 4: 0.03931530673630613} 
{0: '0.0', 1: '1.0', 2: '0.0', 3: '1.0', 4: 1.3166639867202665} 
{0: '0.0', 1: '1.0', 2: '0.0', 3: '1.0', 4: 0.8911288856231551} 
{0: '0.0', 1: '1.0', 2: '0.0', 3: '1.0', 4: 0.09954119311968072} 
{0: '0.0', 1: '1.0', 2: '0.0', 3: '1.0', 4: 0.12988994435305504} 
{0: '0.0', 1: '1.0', 2: '0.0', 3: '1.0', 4: 0.03592498029114344} 
{0: '0.0', 1: '1.0', 2: '0.0', 3: '1.0', 4: 0.861221509569729} 
{0: '0.0', 1: '1.0', 2: '0.0', 3: '1.0', 4: 0.3950232342296786} 
{0: '0.0', 1: '1.0', 2: '0.0', 3: '1.0', 4: 1.9601914397351432} 
{0: '0.0', 1: '1.0', 2: '0.0', 3: '1.0', 4: 1.0525025204652227} 
{0: '0.0', 1: '1.0', 2: '0.0', 3: '1.0', 4: 1.0910672637269778} 
{0: '0.0', 1: '1.0', 2: '0.0', 3: '1.0', 4: 0.018153472275322845} 
{0: '0.0', 1: '1.0', 2: '0.0', 3: '1.0', 4: 0.26172710116454334} 
{0: '0.0', 1: '1.0', 2: '0.0', 3: '1.0', 4: 0.21548024820825432} 
{0: '0.0', 1: '1.0', 2: '0.0', 3: '1.0', 4: 0.004503176491889323} 
{0: '0.0', 1: '1.0', 2: '0.0', 3: '1.0', 4: 0.29308307873490363} 
{0: '0.0', 1: '1.0', 2: '0.0', 3: '1.0', 4: 2.05281666444579} 
{0: '0.0', 1: '1.0', 2: '0.0', 3: '1.0', 4: 0.19581622474029284} 
{0: '0.0', 1: '1.0', 2: '0.0', 3: '1.0', 4: 0.3583819482172383} 
{0: '0.0', 1: '1.0', 2: '0.0', 3: '1.0', 4: 6.137924898189358e-06} 
{0: '0.0', 1: '1.0', 2: '0.0', 3: '1.0', 4: 0.05122962829919794} 
{0: '0.0', 1: '1.0', 2: '0.0', 3: '1.0', 4: 0.10563480232281913} 
{0: '0.0', 1: '1.0', 2: '0.0', 3: '1.0', 4: 0.4639549538653288} 
{0: '0.0', 1: '1.0', 2: '0.0', 3: '1.0', 4: 2.109415272776865} 
{0: '0.0', 1: '1.0', 2: '0.0', 3: '1.0', 4: 4.308630205252798} 
{0: '0.0', 1: '1.0', 2: '0.0', 3: '1.0', 4: 0.7781218880420132} 
{0: '0.0', 1: '1.0', 2: '0.0', 3: '1.0', 4: 1.7283797279984137} 
{0: '0.0', 1: '1.0', 2: '0.0', 3: '1.0', 4: 0.6474484500785135} 
{0: '0.0', 1: '1.0', 2: '0.0', 3: '1.0', 4: 0.07879851776658696} 
{0: '0.0', 1: '1.0', 2: '0.0', 3: '1.0', 4: 0.19000819808027078} 
{0: '0.0', 1: '1.0', 2: '0.0', 3: '1.0', 4: 0.0016187940704276492} 
{0: '0.0', 1: '1.0', 2: '0.0', 3: '1.0', 4: 0.8123184809575846} 
{0: '0.0', 1: '1.0', 2: '0.0', 3: '1.0', 4: 0.05200829507028481} 
{0: '0.0', 1: '1.0', 2: '0.0', 3: '1.0', 4: 0.004079662122110079} 
{0: '0.0', 1: '1.0', 2: '0.0', 3: '1.0', 4: 0.00013529720441741045} 
{0: '0.0', 1: '1.0', 2: '0.0', 3: '1.0', 4: 0.16247306813892745} 
{0: '0.0', 1: '1.0', 2: '0.0', 3: '1.0', 4: 0.8784578055669202} 
{0: '0.0', 1: '1.0', 2: '0.0', 3: '1.0', 4: 0.20499507815866172} 
{0: '0.0', 1: '1.0', 2: '0.0', 3: '1.0', 4: 0.5063976780014442} 
{0: '0.0', 1: '1.0', 2: '0.0', 3: '1.0', 4: 0.6763787200739602} 
{0: '0.0', 1: '1.0', 2: '0.0', 3: '1.0', 4: 0.02816461649150404} 
{0: '0.0', 1: '1.0', 2: '0.0', 3: '1.0', 4: 0.5996453080336758} 
{0: '0.0', 1: '1.0', 2: '0.0', 3: '1.0', 4: 0.17796844443619825} 
{0: '0.0', 1: '1.0', 2: '0.0', 3: '1.0', 4: 3.3822610256495667} 
{0: '0.0', 1: '1.0', 2: '0.0', 3: '1.0', 4: 0.060519921408002476} 
{0: '0.0', 1: '1.0', 2: '0.0', 3: '1.0', 4: 0.0025298089240331527} 
{0: '0.0', 1: '1.0', 2: '0.0', 3: '1.0', 4: 0.0860338364905688} 
{0: '0.0', 1: '1.0', 2: '0.0', 3: '1.0', 4: 1.7503010992947095} 
{0: '0.0', 1: '1.0', 2: '0.0', 3: '1.0', 4: 0.0071508311831257505} 
{0: '0.0', 1: '1.0', 2: '0.0', 3: '1.0', 4: 0.08280621511651257} 
{0: '0.0', 1: '1.0', 2: '0.0', 3: '1.0', 4: 0.0032216705186426556} 
{0: '0.0', 1: '1.0', 2: '0.0', 3: '1.0', 4: 0.02247449500018196} 
{0: '0.0', 1: '1.0', 2: '0.0', 3: '1.0', 4: 0.0003915596491812679} 
{0: '0.0', 1: '1.0', 2: '0.0', 3: '1.0', 4: 0.0024278548788495944} 
{0: '0.0', 1: '1.0', 2: '0.0', 3: '1.0', 4: 0.2595297439187074} 
{0: '0.0', 1: '1.0', 2: '0.0', 3: '1.0', 4: 0.13989004980883998} 
{0: '0.0', 1: '1.0', 2: '0.0', 3: '1.0', 4: 0.12500672531511445} 
{0: '0.0', 1: '1.0', 2: '0.0', 3: '1.0', 4: 0.8911233236355096} 
{0: '0.0', 1: '1.0', 2: '0.0', 3: '1.0', 4: 0.004232559725243355} 
{0: '0.0', 1: '1.0', 2: '0.0', 3: '1.0', 4: 0.12564169697264974} 
{0: '0.0', 1: '1.0', 2: '0.0', 3: '1.0', 4: 0.5239352238662628} 
{0: '0.0', 1: '1.0', 2: '0.0', 3: '1.0', 4: 0.03377000090946197} 
{0: '0.0', 1: '1.0', 2: '0.0', 3: '1.0', 4: 1.7249081983248615} 
{0: '0.0', 1: '1.0', 2: '0.0', 3: '1.0', 4: 1.8702512757578902} 
{0: '0.0', 1: '1.0', 2: '0.0', 3: '1.0', 4: 0.1977860400854851} 
{0: '0.0', 1: '1.0', 2: '0.0', 3: '1.0', 4: 0.4367891196690401} 
{0: '0.0', 1: '1.0', 2: '0.0', 3: '1.0', 4: 0.6832926051773497} 
{0: '0.0', 1: '1.0', 2: '0.0', 3: '1.0', 4: 0.15022407411207303} 
{0: '0.0', 1: '1.0', 2: '0.0', 3: '1.0', 4: 0.6371501733957354} 
{0: '0.0', 1: '1.0', 2: '0.0', 3: '1.0', 4: 1.2222528791898806} 
{0: '0.0', 1: '1.0', 2: '0.0', 3: '1.0', 4: 0.184934377964223} 
{0: '0.0', 1: '1.0', 2: '0.0', 3: '1.0', 4: 0.11016606934691216} 
{0: '0.0', 1: '1.0', 2: '0.0', 3: '1.0', 4: 1.0648398297015567} 
{0: '0.0', 1: '1.0', 2: '0.0', 3: '1.0', 4: 0.2609512127883984} 
{0: '0.0', 1: '1.0', 2: '0.0', 3: '1.0', 4: 0.015409277129276856} 
{0: '0.0', 1: '1.0', 2: '0.0', 3: '1.0', 4: 0.22060888042842614} 
{0: '0.0', 1: '1.0', 2: '0.0', 3: '1.0', 4: 0.02242013628806013} 
{0: '0.0', 1: '1.0', 2: '0.0', 3: '1.0', 4: 0.004411696283673073} 
{0: '0.0', 1: '1.0', 2: '0.0', 3: '1.0', 4: 0.5010740875197832} 
{0: '0.0', 1: '1.0', 2: '0.0', 3: '1.0', 4: 0.06997349595236} 
{0: '0.0', 1: '1.0', 2: '0.0', 3: '1.0', 4: 0.18768021646703334} 
{0: '0.0', 1: '1.0', 2: '0.0', 3: '1.0', 4: 3.094156265261868} 
{0: '0.0', 1: '1.0', 2: '0.0', 3: '1.0', 4: 1.1870400795150722} 
{0: '0.0', 1: '1.0', 2: '0.0', 3: '1.0', 4: 0.32576017791041506} 
{0: '0.0', 1: '1.0', 2: '0.0', 3: '1.0', 4: 0.15393283338565647} 
{0: '0.0', 1: '1.0', 2: '0.0', 3: '1.0', 4: 0.037865682998748956} 
{0: '0.0', 1: '1.0', 2: '0.0', 3: '1.0', 4: 0.18228593995391928} 
{0: '0.0', 1: '1.0', 2: '0.0', 3: '1.0', 4: 0.6096844618145408} 
{0: '0.0', 1: '1.0', 2: '0.0', 3: '1.0', 4: 0.42608692573914453} 
{0: '0.0', 1: '1.0', 2: '0.0', 3: '1.0', 4: 0.17054239117615025} 
{0: '0.0', 1: '1.0', 2: '0.0', 3: '1.0', 4: 0.07960931759175402} 
{0: '0.0', 1: '1.0', 2: '0.0', 3: '1.0', 4: 2.4679518876712874} 
{0: '0.0', 1: '1.0', 2: '0.0', 3: '1.0', 4: 1.1495872440384705} 
{0: '0.0', 1: '1.0', 2: '0.0', 3: '1.0', 4: 0.7578659474286489} 
{0: '0.0', 1: '1.0', 2: '0.0', 3: '1.0', 4: 0.033135851304575865} 
{0: '0.0', 1: '1.0', 2: '0.0', 3: '1.0', 4: 1.6109543486985514} 
{0: '0.0', 1: '1.0', 2: '0.0', 3: '1.0', 4: 0.4875831833869927} 
{0: '0.0', 1: '1.0', 2: '0.0', 3: '1.0', 4: 0.2075632453240593} 
{0: '0.0', 1: '1.0', 2: '0.0', 3: '1.0', 4: 0.03005805727734807} 
{0: '0.0', 1: '1.0', 2: '0.0', 3: '1.0', 4: 0.15197550004760194} 
{0: '0.0', 1: '1.0', 2: '0.0', 3: '1.0', 4: 0.4755308082677438} 
{0: '0.0', 1: '1.0', 2: '0.0', 3: '1.0', 4: 0.06572597019989353} 
{0: '0.0', 1: '1.0', 2: '0.0', 3: '1.0', 4: 0.5742606749168673} 
{0: '0.0', 1: '1.0', 2: '0.0', 3: '1.0', 4: 1.039502717409212} 
{0: '0.0', 1: '1.0', 2: '0.0', 3: '1.0', 4: 2.6286276150310814} 
{0: '0.0', 1: '1.0', 2: '0.0', 3: '1.0', 4: 0.07608126429144747} 
{0: '0.0', 1: '1.0', 2: '0.0', 3: '1.0', 4: 0.15874965685618983} 
{0: '0.0', 1: '1.0', 2: '0.0', 3: '1.0', 4: 0.034758520115838215} 
{0: '0.0', 1: '1.0', 2: '0.0', 3: '1.0', 4: 0.00012612941740322472} 
{0: '0.0', 1: '1.0', 2: '0.0', 3: '1.0', 4: 0.3675243644768029} 
{0: '0.0', 1: '1.0', 2: '0.0', 3: '1.0', 4: 0.8565252968698657} 
{0: '0.0', 1: '1.0', 2: '0.0', 3: '1.0', 4: 0.00012245566583140658} 
{0: '0.0', 1: '1.0', 2: '0.0', 3: '1.0', 4: 0.01090089334389867} 
{0: '0.0', 1: '1.0', 2: '0.0', 3: '1.0', 4: 0.05937131702921213} 
{0: '0.0', 1: '1.0', 2: '0.0', 3: '1.0', 4: 0.6899336868221929} 
{0: '0.0', 1: '1.0', 2: '0.0', 3: '1.0', 4: 0.4478675063737513} 
{0: '0.0', 1: '1.0', 2: '0.0', 3: '1.0', 4: 0.8435662820472012} 
{0: '0.0', 1: '1.0', 2: '0.0', 3: '1.0', 4: 0.9199270810254371} 
{0: '0.0', 1: '1.0', 2: '0.0', 3: '1.0', 4: 0.08776278257683312} 
{0: '0.0', 1: '1.0', 2: '0.0', 3: '1.0', 4: 0.0016725765106198026} 
{0: '0.0', 1: '1.0', 2: '0.0', 3: '1.0', 4: 0.21727595708239344} 
{0: '0.0', 1: '1.0', 2: '0.0', 3: '1.0', 4: 0.36619097044138604} 
{0: '0.0', 1: '1.0', 2: '0.0', 3: '1.0', 4: 0.6414794731520916} 
{0: '0.0', 1: '1.0', 2: '0.0', 3: '1.0', 4: 1.467869119290043} 
{0: '0.0', 1: '1.0', 2: '0.0', 3: '1.0', 4: 0.003943719107467513} 
{0: '0.0', 1: '1.0', 2: '0.0', 3: '1.0', 4: 0.003009150054881523} 
{0: '0.0', 1: '1.0', 2: '0.0', 3: '1.0', 4: 1.2066382178460424} 
{0: '0.0', 1: '1.0', 2: '0.0', 3: '1.0', 4: 0.02744255200827511} 
{0: '0.0', 1: '1.0', 2: '0.0', 3: '1.0', 4: 0.19482429172065027} 
{0: '0.0', 1: '1.0', 2: '0.0', 3: '1.0', 4: 0.32800958069382996} 
{0: '0.0', 1: '1.0', 2: '0.0', 3: '1.0', 4: 0.29524720396274406} 
{0: '0.0', 1: '1.0', 2: '0.0', 3: '1.0', 4: 4.945057339753595} 
{0: '0.0', 1: '1.0', 2: '0.0', 3: '1.0', 4: 0.060226609295420425} 
{0: '0.0', 1: '1.0', 2: '0.0', 3: '1.0', 4: 1.5669332879331028} 
{0: '0.0', 1: '1.0', 2: '0.0', 3: '1.0', 4: 0.9619559019458183} 
{0: '0.0', 1: '1.0', 2: '0.0', 3: '1.0', 4: 0.25255851939567475} 
{0: '0.0', 1: '1.0', 2: '0.0', 3: '1.0', 4: 0.552496022979611} 
{0: '0.0', 1: '1.0', 2: '0.0', 3: '1.0', 4: 0.4261233356740407} 
{0: '0.0', 1: '1.0', 2: '0.0', 3: '1.0', 4: 0.11536525397058991} 
{0: '0.0', 1: '1.0', 2: '0.0', 3: '1.0', 4: 0.053057607406331087} 
{0: '0.0', 1: '1.0', 2: '0.0', 3: '1.0', 4: 0.0002288413947798126} 
{0: '0.0', 1: '1.0', 2: '0.0', 3: '1.0', 4: 0.1378592112440258} 
{0: '0.0', 1: '1.0', 2: '0.0', 3: '1.0', 4: 0.9730067885606402} 
{0: '0.0', 1: '1.0', 2: '0.0', 3: '1.0', 4: 0.11676584554989818} 
{0: '0.0', 1: '1.0', 2: '0.0', 3: '1.0', 4: 0.009444861381267764} 
{0: '0.0', 1: '1.0', 2: '0.0', 3: '1.0', 4: 0.13738271378415334} 
{0: '0.0', 1: '1.0', 2: '0.0', 3: '1.0', 4: 0.15628271431877686} 
{0: '0.0', 1: '1.0', 2: '0.0', 3: '1.0', 4: 0.06298832112682948} 
{0: '0.0', 1: '1.0', 2: '0.0', 3: '1.0', 4: 0.22745582181567015} 
{0: '0.0', 1: '1.0', 2: '0.0', 3: '1.0', 4: 3.9365807245005713} 
{0: '0.0', 1: '1.0', 2: '0.0', 3: '1.0', 4: 0.005584670121683974} 
{0: '0.0', 1: '1.0', 2: '0.0', 3: '1.0', 4: 0.004317557427338325} 
{0: '0.0', 1: '1.0', 2: '0.0', 3: '1.0', 4: 0.012369637005668914} 
{0: '0.0', 1: '1.0', 2: '0.0', 3: '1.0', 4: 0.014991507982080345} 
{0: '0.0', 1: '1.0', 2: '0.0', 3: '1.0', 4: 0.24468299194646043} 
{0: '0.0', 1: '1.0', 2: '0.0', 3: '1.0', 4: 0.48350876179425545} 
{0: '0.0', 1: '1.0', 2: '0.0', 3: '1.0', 4: 0.001775857585137578} 
{0: '0.0', 1: '1.0', 2: '0.0', 3: '1.0', 4: 0.07632403916435239} 
{0: '0.0', 1: '1.0', 2: '0.0', 3: '1.0', 4: 0.2812225769647815} 
{0: '0.0', 1: '1.0', 2: '0.0', 3: '1.0', 4: 0.22650847453178413} 
{0: '0.0', 1: '1.0', 2: '0.0', 3: '1.0', 4: 0.21178361645757893} 
{0: '0.0', 1: '1.0', 2: '0.0', 3: '1.0', 4: 1.082088159908471} 
{0: '0.0', 1: '1.0', 2: '0.0', 3: '1.0', 4: 0.4721332832802289} 
{0: '0.0', 1: '1.0', 2: '0.0', 3: '1.0', 4: 0.04837414851914436} 
{0: '0.0', 1: '1.0', 2: '0.0', 3: '1.0', 4: 0.261834376062923} 
{0: '0.0', 1: '1.0', 2: '0.0', 3: '1.0', 4: 0.004940299770930765} 
{0: '0.0', 1: '1.0', 2: '0.0', 3: '1.0', 4: 0.08549131987146943} 
{0: '0.0', 1: '1.0', 2: '0.0', 3: '1.0', 4: 0.045062855581483416} 
{0: '0.0', 1: '1.0', 2: '0.0', 3: '1.0', 4: 0.6474860300181348} 
{0: '0.0', 1: '1.0', 2: '0.0', 3: '1.0', 4: 0.19174637910427308} 
{0: '0.0', 1: '1.0', 2: '0.0', 3: '1.0', 4: 0.8731377173371283} 
{0: '0.0', 1: '1.0', 2: '0.0', 3: '1.0', 4: 0.397186989392464} 
{0: '0.0', 1: '1.0', 2: '0.0', 3: '1.0', 4: 0.2473438705713353} 
{0: '0.0', 1: '1.0', 2: '0.0', 3: '1.0', 4: 0.06083782483201004} 
{0: '0.0', 1: '1.0', 2: '0.0', 3: '1.0', 4: 0.49766116097373825} 
{0: '0.0', 1: '1.0', 2: '0.0', 3: '1.0', 4: 0.6574507284787193} 
{0: '0.0', 1: '1.0', 2: '0.0', 3: '1.0', 4: 0.00039638373596538} 
{0: '0.0', 1: '1.0', 2: '0.0', 3: '1.0', 4: 2.3979516931496505} 
{0: '0.0', 1: '1.0', 2: '0.0', 3: '1.0', 4: 0.9524474602501967} 
{0: '0.0', 1: '1.0', 2: '0.0', 3: '1.0', 4: 0.4553226581222192} 
{0: '0.0', 1: '1.0', 2: '0.0', 3: '1.0', 4: 0.5793565454962362} 
{0: '0.0', 1: '1.0', 2: '0.0', 3: '1.0', 4: 0.16367575909134605} 
{0: '0.0', 1: '1.0', 2: '0.0', 3: '1.0', 4: 3.554817388558207e-05} 
{0: '0.0', 1: '1.0', 2: '0.0', 3: '1.0', 4: 0.9190466697596229} 
{0: '0.0', 1: '1.0', 2: '0.0', 3: '1.0', 4: 2.8765781202426894} 
{0: '0.0', 1: '1.0', 2: '0.0', 3: '1.0', 4: 0.6992027191144595} 
{0: '0.0', 1: '1.0', 2: '0.0', 3: '1.0', 4: 7.299533030126556e-05} 
{0: '0.0', 1: '1.0', 2: '0.0', 3: '1.0', 4: 0.4051101781327348} 
{0: '0.0', 1: '1.0', 2: '0.0', 3: '1.0', 4: 0.4497519629513417} 
{0: '0.0', 1: '1.0', 2: '0.0', 3: '1.0', 4: 0.003898512911250571} 
{0: '0.0', 1: '1.0', 2: '0.0', 3: '1.0', 4: 0.054548260208381015} 
{0: '0.0', 1: '1.0', 2: '0.0', 3: '1.0', 4: 1.1978611813212168} 
{0: '0.0', 1: '1.0', 2: '0.0', 3: '1.0', 4: 0.021183519579772} 
{0: '0.0', 1: '1.0', 2: '0.0', 3: '1.0', 4: 0.13977249497674635} 
{0: '0.0', 1: '1.0', 2: '0.0', 3: '1.0', 4: 0.3737499488882415} 
{0: '0.0', 1: '1.0', 2: '0.0', 3: '1.0', 4: 0.010557938247063175} 
{0: '0.0', 1: '1.0', 2: '0.0', 3: '1.0', 4: 0.08595597317007615} 
{0: '0.0', 1: '1.0', 2: '0.0', 3: '1.0', 4: 0.41812692335049845} 
{0: '0.0', 1: '1.0', 2: '0.0', 3: '1.0', 4: 0.2871252990485354} 
{0: '0.0', 1: '1.0', 2: '0.0', 3: '1.0', 4: 0.0008917812853581782} 
{0: '0.0', 1: '1.0', 2: '0.0', 3: '1.0', 4: 0.15378426666084075} 
{0: '0.0', 1: '1.0', 2: '0.0', 3: '1.0', 4: 0.41534518464106635} 
{0: '0.0', 1: '1.0', 2: '0.0', 3: '1.0', 4: 0.26949799474019137} 
{0: '0.0', 1: '1.0', 2: '0.0', 3: '1.0', 4: 0.35675797826064004} 
{0: '0.0', 1: '1.0', 2: '0.0', 3: '1.0', 4: 0.13184038499786874} 
{0: '0.0', 1: '1.0', 2: '0.0', 3: '1.0', 4: 1.5260355654143365} 
{0: '0.0', 1: '1.0', 2: '0.0', 3: '1.0', 4: 1.3344015686617885} 
{0: '0.0', 1: '1.0', 2: '0.0', 3: '1.0', 4: 0.0370931340170163} 
{0: '0.0', 1: '1.0', 2: '0.0', 3: '1.0', 4: 0.057110709815049746} 
{0: '0.0', 1: '1.0', 2: '0.0', 3: '1.0', 4: 1.9995518789778353} 
{0: '0.0', 1: '1.0', 2: '0.0', 3: '1.0', 4: 0.36723184889114235} 
{0: '0.0', 1: '1.0', 2: '0.0', 3: '1.0', 4: 0.16804209246845275} 
{0: '0.0', 1: '1.0', 2: '0.0', 3: '1.0', 4: 0.03881563417534425} 
{0: '0.0', 1: '1.0', 2: '0.0', 3: '1.0', 4: 1.0189909229894942} 
{0: '0.0', 1: '1.0', 2: '0.0', 3: '1.0', 4: 0.36198515199317477} 
{0: '0.0', 1: '1.0', 2: '0.0', 3: '1.0', 4: 1.30613391272636} 
{0: '0.0', 1: '1.0', 2: '0.0', 3: '1.0', 4: 0.5141853413868431} 
{0: '0.0', 1: '1.0', 2: '0.0', 3: '1.0', 4: 0.07829401756325181} 
{0: '0.0', 1: '1.0', 2: '0.0', 3: '1.0', 4: 0.721777896193055} 
{0: '0.0', 1: '1.0', 2: '0.0', 3: '1.0', 4: 0.0717312330449857} 
{0: '0.0', 1: '1.0', 2: '0.0', 3: '1.0', 4: 0.6105849119059782} 
{0: '0.0', 1: '1.0', 2: '0.0', 3: '1.0', 4: 0.1322434610994108} 
{0: '0.0', 1: '1.0', 2: '0.0', 3: '1.0', 4: 0.0688785141237274} 
{0: '0.0', 1: '1.0', 2: '0.0', 3: '1.0', 4: 0.001519527911551293} 
{0: '0.0', 1: '1.0', 2: '0.0', 3: '1.0', 4: 0.008911212466816571} 
{0: '0.0', 1: '1.0', 2: '0.0', 3: '1.0', 4: 0.3784842612469361} 
{0: '0.0', 1: '1.0', 2: '0.0', 3: '1.0', 4: 0.07465926672374211} 
{0: '0.0', 1: '1.0', 2: '0.0', 3: '1.0', 4: 0.08512447327751886} 
{0: '0.0', 1: '1.0', 2: '0.0', 3: '1.0', 4: 0.04216348559024439} 
{0: '0.0', 1: '1.0', 2: '0.0', 3: '1.0', 4: 0.1069582361200697} 
{0: '0.0', 1: '1.0', 2: '0.0', 3: '1.0', 4: 0.3350228761107629} 
{0: '0.0', 1: '1.0', 2: '0.0', 3: '1.0', 4: 0.18150585279161527} 
{0: '0.0', 1: '1.0', 2: '0.0', 3: '1.0', 4: 0.553894300948351} 
{0: '0.0', 1: '1.0', 2: '0.0', 3: '1.0', 4: 0.1471815338285658} 
{0: '0.0', 1: '1.0', 2: '0.0', 3: '1.0', 4: 0.8435815550033168} 
{0: '0.0', 1: '1.0', 2: '0.0', 3: '1.0', 4: 0.24748667399660093} 
{0: '0.0', 1: '1.0', 2: '0.0', 3: '1.0', 4: 0.12627633935732047} 
{0: '0.0', 1: '1.0', 2: '0.0', 3: '1.0', 4: 0.5952294851727737} 
{0: '0.0', 1: '1.0', 2: '0.0', 3: '1.0', 4: 1.1534684390475445} 
{0: '0.0', 1: '1.0', 2: '0.0', 3: '1.0', 4: 0.06928495987380998} 
{0: '0.0', 1: '1.0', 2: '0.0', 3: '1.0', 4: 0.11790538893499396} 
{0: '0.0', 1: '1.0', 2: '0.0', 3: '1.0', 4: 2.6394156280179697} 
{0: '0.0', 1: '1.0', 2: '0.0', 3: '1.0', 4: 0.7178233985490712} 
{0: '0.0', 1: '1.0', 2: '0.0', 3: '1.0', 4: 0.8031865428242299} 
{0: '0.0', 1: '1.0', 2: '0.0', 3: '1.0', 4: 0.5964290575965303} 
{0: '0.0', 1: '1.0', 2: '0.0', 3: '1.0', 4: 0.7828899995533984} 
{0: '0.0', 1: '1.0', 2: '0.0', 3: '1.0', 4: 0.6098964966392065} 
{0: '0.0', 1: '1.0', 2: '0.0', 3: '1.0', 4: 0.4951891539154879} 
{0: '0.0', 1: '1.0', 2: '0.0', 3: '1.0', 4: 1.1578716285832031} 
{0: '0.0', 1: '1.0', 2: '0.0', 3: '1.0', 4: 0.43409290871870965} 
{0: '0.0', 1: '1.0', 2: '0.0', 3: '1.0', 4: 0.22722244007280548} 
{0: '0.0', 1: '1.0', 2: '0.0', 3: '1.0', 4: 0.18973425851333353} 
{0: '0.0', 1: '1.0', 2: '0.0', 3: '1.0', 4: 0.021092387526115215} 
{0: '0.0', 1: '1.0', 2: '0.0', 3: '1.0', 4: 0.4779352514733531} 
{0: '0.0', 1: '1.0', 2: '0.0', 3: '1.0', 4: 0.03949715027056257} 
{0: '0.0', 1: '1.0', 2: '0.0', 3: '1.0', 4: 0.6037550722702009} 
{0: '0.0', 1: '1.0', 2: '0.0', 3: '1.0', 4: 0.4420974772249842} 
{0: '0.0', 1: '1.0', 2: '0.0', 3: '1.0', 4: 1.188440861348514} 
{0: '0.0', 1: '1.0', 2: '0.0', 3: '1.0', 4: 1.0695863287487004} 
{0: '0.0', 1: '1.0', 2: '0.0', 3: '1.0', 4: 0.030359780468419025} 
{0: '0.0', 1: '1.0', 2: '0.0', 3: '1.0', 4: 0.18027099628980017} 
{0: '0.0', 1: '1.0', 2: '0.0', 3: '1.0', 4: 0.10449084270729181} 
{0: '0.0', 1: '1.0', 2: '0.0', 3: '1.0', 4: 0.751306237897062} 
{0: '0.0', 1: '1.0', 2: '0.0', 3: '1.0', 4: 0.10476179521086304} 
{0: '0.0', 1: '1.0', 2: '0.0', 3: '1.0', 4: 0.0041007764234255156} 
{0: '0.0', 1: '1.0', 2: '0.0', 3: '1.0', 4: 0.05816697522087161} 
{0: '0.0', 1: '1.0', 2: '0.0', 3: '1.0', 4: 1.7101946661255074} 
{0: '0.0', 1: '1.0', 2: '0.0', 3: '1.0', 4: 0.1544581263546836} 
{0: '0.0', 1: '1.0', 2: '0.0', 3: '1.0', 4: 2.137917741598462} 
{0: '0.0', 1: '1.0', 2: '0.0', 3: '1.0', 4: 0.08825706115385475} 
{0: '0.0', 1: '1.0', 2: '0.0', 3: '1.0', 4: 0.03734452296604379} 
{0: '0.0', 1: '1.0', 2: '0.0', 3: '1.0', 4: 0.11868260236660753} 
{0: '0.0', 1: '1.0', 2: '0.0', 3: '1.0', 4: 0.7870738946136087} 
{0: '0.0', 1: '1.0', 2: '0.0', 3: '1.0', 4: 0.2814363647460714} 
{0: '0.0', 1: '1.0', 2: '0.0', 3: '1.0', 4: 0.06196323299007353} 
{0: '0.0', 1: '1.0', 2: '0.0', 3: '1.0', 4: 0.03366812913877006} 
{0: '0.0', 1: '1.0', 2: '0.0', 3: '1.0', 4: 0.08990821115275752} 
{0: '0.0', 1: '1.0', 2: '0.0', 3: '1.0', 4: 0.8055365009741886} 
{0: '0.0', 1: '1.0', 2: '0.0', 3: '1.0', 4: 0.05218572962540063} 
{0: '0.0', 1: '1.0', 2: '0.0', 3: '1.0', 4: 0.004285666334409729} 
{0: '0.0', 1: '1.0', 2: '0.0', 3: '1.0', 4: 0.19107706211846404} 
{0: '0.0', 1: '1.0', 2: '0.0', 3: '1.0', 4: 0.8083623715017527} 
{0: '0.0', 1: '1.0', 2: '0.0', 3: '1.0', 4: 0.0006367398453197438} 
{0: '0.0', 1: '1.0', 2: '0.0', 3: '1.0', 4: 0.5212780013103568} 
{0: '0.0', 1: '1.0', 2: '0.0', 3: '1.0', 4: 0.015821855298093424} 
{0: '0.0', 1: '1.0', 2: '0.0', 3: '1.0', 4: 0.28797006729469193} 
{0: '0.0', 1: '1.0', 2: '0.0', 3: '1.0', 4: 1.8144642098665449} 
{0: '0.0', 1: '1.0', 2: '0.0', 3: '1.0', 4: 0.7121592996768619} 
{0: '0.0', 1: '1.0', 2: '0.0', 3: '1.0', 4: 0.00024575943887915997} 
{0: '0.0', 1: '1.0', 2: '0.0', 3: '1.0', 4: 0.22800254992522298} 
{0: '0.0', 1: '1.0', 2: '0.0', 3: '1.0', 4: 0.6930091671942324} 
{0: '0.0', 1: '1.0', 2: '0.0', 3: '1.0', 4: 1.0282054783276708} 
{0: '0.0', 1: '1.0', 2: '0.0', 3: '1.0', 4: 0.2023873328373902} 
{0: '0.0', 1: '1.0', 2: '0.0', 3: '1.0', 4: 0.003090455067143482} 
{0: '0.0', 1: '1.0', 2: '0.0', 3: '1.0', 4: 0.16574979135209686} 
{0: '0.0', 1: '1.0', 2: '0.0', 3: '1.0', 4: 1.7394190928284305} 
{0: '0.0', 1: '1.0', 2: '0.0', 3: '1.0', 4: 1.888629605177799} 
{0: '0.0', 1: '1.0', 2: '0.0', 3: '1.0', 4: 0.9307149945693808} 
{0: '0.0', 1: '1.0', 2: '0.0', 3: '1.0', 4: 0.10097519881254215} 
{0: '0.0', 1: '1.0', 2: '0.0', 3: '1.0', 4: 0.059742643361074606} 
{0: '0.0', 1: '1.0', 2: '0.0', 3: '1.0', 4: 0.0908044459977303} 
{0: '0.0', 1: '1.0', 2: '0.0', 3: '1.0', 4: 0.44178487447749565} 
{0: '0.0', 1: '1.0', 2: '0.0', 3: '1.0', 4: 1.1020646340812283} 
{0: '0.0', 1: '1.0', 2: '0.0', 3: '1.0', 4: 0.9060778121919992} 
{0: '0.0', 1: '1.0', 2: '0.0', 3: '1.0', 4: 0.01669151546803766} 
{0: '0.0', 1: '1.0', 2: '0.0', 3: '1.0', 4: 0.025481553566075277} 
{0: '0.0', 1: '1.0', 2: '0.0', 3: '1.0', 4: 0.005948957081082251} 
{0: '0.0', 1: '1.0', 2: '0.0', 3: '1.0', 4: 0.0874531253106657} 
{0: '0.0', 1: '1.0', 2: '0.0', 3: '1.0', 4: 0.027472946971371346} 
{0: '0.0', 1: '1.0', 2: '0.0', 3: '1.0', 4: 0.25554190491302464} 
{0: '0.0', 1: '1.0', 2: '0.0', 3: '1.0', 4: 0.04004964597194321} 
{0: '0.0', 1: '1.0', 2: '0.0', 3: '1.0', 4: 0.15064832535691305} 
{0: '0.0', 1: '1.0', 2: '0.0', 3: '1.0', 4: 1.360951479389794} 
{0: '0.0', 1: '1.0', 2: '0.0', 3: '1.0', 4: 1.5192997054414696} 
{0: '0.0', 1: '1.0', 2: '0.0', 3: '1.0', 4: 0.49962940537999706} 
{0: '0.0', 1: '1.0', 2: '0.0', 3: '1.0', 4: 1.144706840955898} 
{0: '0.0', 1: '1.0', 2: '0.0', 3: '1.0', 4: 0.19930182014140768} 
{0: '0.0', 1: '1.0', 2: '0.0', 3: '1.0', 4: 3.932634424668379} 
{0: '0.0', 1: '1.0', 2: '0.0', 3: '1.0', 4: 0.6277294068480949} 
{0: '0.0', 1: '1.0', 2: '0.0', 3: '1.0', 4: 0.06556968190126763} 
{0: '0.0', 1: '1.0', 2: '0.0', 3: '1.0', 4: 2.1345907771003034} 
{0: '0.0', 1: '1.0', 2: '0.0', 3: '1.0', 4: 0.08918065541680546} 
{0: '0.0', 1: '1.0', 2: '0.0', 3: '1.0', 4: 0.06872311537768436} 
{0: '0.0', 1: '1.0', 2: '0.0', 3: '1.0', 4: 0.2328102130024697} 
{0: '0.0', 1: '1.0', 2: '0.0', 3: '1.0', 4: 0.1118741461558619} 
{0: '0.0', 1: '1.0', 2: '0.0', 3: '1.0', 4: 1.2828112594142036} 
{0: '0.0', 1: '1.0', 2: '0.0', 3: '1.0', 4: 0.037596871367836265} 
{0: '0.0', 1: '1.0', 2: '0.0', 3: '1.0', 4: 0.6492978555712574} 
{0: '0.0', 1: '1.0', 2: '0.0', 3: '1.0', 4: 0.009557055335780234} 
{0: '0.0', 1: '1.0', 2: '0.0', 3: '1.0', 4: 0.7408463933232142} 
{0: '0.0', 1: '1.0', 2: '0.0', 3: '1.0', 4: 0.0003126349045359735} 
{0: '0.0', 1: '1.0', 2: '0.0', 3: '1.0', 4: 0.019135826193897098} 
{0: '0.0', 1: '1.0', 2: '0.0', 3: '1.0', 4: 0.38456050528381636} 
{0: '0.0', 1: '1.0', 2: '0.0', 3: '1.0', 4: 4.887284216348443} 
{0: '0.0', 1: '1.0', 2: '0.0', 3: '1.0', 4: 0.004827681456669655} 
{0: '0.0', 1: '1.0', 2: '0.0', 3: '1.0', 4: 0.036111515239125744} 
{0: '0.0', 1: '1.0', 2: '0.0', 3: '1.0', 4: 0.0013172155650091333} 
{0: '0.0', 1: '1.0', 2: '0.0', 3: '1.0', 4: 0.2578609324528405} 
{0: '0.0', 1: '1.0', 2: '0.0', 3: '1.0', 4: 0.926452846415781} 
{0: '0.0', 1: '1.0', 2: '0.0', 3: '1.0', 4: 0.37096585977836904} 
{0: '0.0', 1: '1.0', 2: '0.0', 3: '1.0', 4: 0.015788591391271752} 
{0: '0.0', 1: '1.0', 2: '0.0', 3: '1.0', 4: 0.02631706834120132} 
{0: '0.0', 1: '1.0', 2: '0.0', 3: '1.0', 4: 0.08227640406376543} 
{0: '0.0', 1: '1.0', 2: '0.0', 3: '1.0', 4: 0.04523067864428409} 
{0: '0.0', 1: '1.0', 2: '0.0', 3: '1.0', 4: 0.72641752587896} 
{0: '0.0', 1: '1.0', 2: '0.0', 3: '1.0', 4: 0.08291462412137536} 
{0: '0.0', 1: '1.0', 2: '0.0', 3: '1.0', 4: 0.2761271426052621} 
{0: '0.0', 1: '1.0', 2: '0.0', 3: '1.0', 4: 0.040747475050512676} 
{0: '0.0', 1: '1.0', 2: '0.0', 3: '1.0', 4: 1.222032159683789e-05} 
{0: '0.0', 1: '1.0', 2: '0.0', 3: '1.0', 4: 0.670121947581174} 
{0: '0.0', 1: '1.0', 2: '0.0', 3: '1.0', 4: 0.26291009853201397} 
{0: '0.0', 1: '1.0', 2: '0.0', 3: '1.0', 4: 0.4698943539463385} 
{0: '0.0', 1: '1.0', 2: '0.0', 3: '1.0', 4: 0.15686971445906311} 
{0: '0.0', 1: '1.0', 2: '0.0', 3: '1.0', 4: 0.17012660546903882} 
{0: '0.0', 1: '1.0', 2: '0.0', 3: '1.0', 4: 0.2893844172830773} 
{0: '0.0', 1: '1.0', 2: '0.0', 3: '1.0', 4: 1.1290062080047327} 
{0: '0.0', 1: '1.0', 2: '0.0', 3: '1.0', 4: 2.7178972386313927} 
{0: '0.0', 1: '1.0', 2: '0.0', 3: '1.0', 4: 0.5343039744164304} 
{0: '0.0', 1: '1.0', 2: '0.0', 3: '1.0', 4: 0.04613912360943657} 
{0: '0.0', 1: '1.0', 2: '0.0', 3: '1.0', 4: 0.0241510463670609} 
{0: '0.0', 1: '1.0', 2: '0.0', 3: '1.0', 4: 0.019169430078005506} 
{0: '0.0', 1: '1.0', 2: '0.0', 3: '1.0', 4: 0.877058009212596} 
{0: '0.0', 1: '1.0', 2: '0.0', 3: '1.0', 4: 0.09712294348893129} 
{0: '0.0', 1: '1.0', 2: '0.0', 3: '1.0', 4: 0.015955087573098627} 
{0: '0.0', 1: '1.0', 2: '0.0', 3: '1.0', 4: 0.011306136935654637} 
{0: '0.0', 1: '1.0', 2: '0.0', 3: '1.0', 4: 0.03925597505519617} 
{0: '0.0', 1: '1.0', 2: '0.0', 3: '1.0', 4: 0.008050248975641244} 
{0: '0.0', 1: '1.0', 2: '0.0', 3: '1.0', 4: 0.8511135580568643} 
{0: '0.0', 1: '1.0', 2: '0.0', 3: '1.0', 4: 0.8726318566191807} 
{0: '0.0', 1: '1.0', 2: '0.0', 3: '1.0', 4: 0.9654936675585319} 
{0: '0.0', 1: '1.0', 2: '0.0', 3: '1.0', 4: 1.0264739112721746} 
{0: '0.0', 1: '1.0', 2: '0.0', 3: '1.0', 4: 0.0025973936081224907} 
{0: '0.0', 1: '1.0', 2: '0.0', 3: '1.0', 4: 0.11157958153800293} 
{0: '0.0', 1: '1.0', 2: '0.0', 3: '1.0', 4: 2.9287533076841457} 
{0: '0.0', 1: '1.0', 2: '0.0', 3: '1.0', 4: 0.014350489801003464} 
{0: '0.0', 1: '1.0', 2: '0.0', 3: '1.0', 4: 1.4336447714387086} 
{0: '0.0', 1: '1.0', 2: '0.0', 3: '1.0', 4: 0.008282856512540245} 
{0: '0.0', 1: '1.0', 2: '0.0', 3: '1.0', 4: 0.13426244562639408} 
{0: '0.0', 1: '1.0', 2: '0.0', 3: '1.0', 4: 0.16599084866963942} 
{0: '0.0', 1: '1.0', 2: '0.0', 3: '1.0', 4: 0.9532583464215182} 
{0: '0.0', 1: '1.0', 2: '0.0', 3: '1.0', 4: 0.15188393007721543} 
{0: '0.0', 1: '1.0', 2: '0.0', 3: '1.0', 4: 0.8502712094983822} 
{0: '0.0', 1: '1.0', 2: '0.0', 3: '1.0', 4: 0.0627182087160098} 
{0: '0.0', 1: '1.0', 2: '0.0', 3: '1.0', 4: 0.02174177602550203} 
{0: '0.0', 1: '1.0', 2: '0.0', 3: '1.0', 4: 0.0004486108845877579} 
{0: '0.0', 1: '1.0', 2: '0.0', 3: '1.0', 4: 0.030036130625573376} 
{0: '0.0', 1: '1.0', 2: '0.0', 3: '1.0', 4: 0.1113031489624128} 
{0: '0.0', 1: '1.0', 2: '0.0', 3: '1.0', 4: 0.17890214133111432} 
{0: '0.0', 1: '1.0', 2: '0.0', 3: '1.0', 4: 0.1668880945028413} 
{0: '0.0', 1: '1.0', 2: '0.0', 3: '1.0', 4: 0.7352342733981728} 
{0: '0.0', 1: '1.0', 2: '0.0', 3: '1.0', 4: 0.10714916779824138} 
{0: '0.0', 1: '1.0', 2: '0.0', 3: '1.0', 4: 0.0014714099927661101} 
{0: '0.0', 1: '1.0', 2: '0.0', 3: '1.0', 4: 0.15057739462735523} 
{0: '0.0', 1: '1.0', 2: '0.0', 3: '1.0', 4: 0.8286295925981914} 
{0: '0.0', 1: '1.0', 2: '0.0', 3: '1.0', 4: 2.282974457977223} 
{0: '0.0', 1: '1.0', 2: '0.0', 3: '1.0', 4: 1.1021993215988393} 
{0: '0.0', 1: '1.0', 2: '0.0', 3: '1.0', 4: 0.00025939235872272085} 
{0: '0.0', 1: '1.0', 2: '0.0', 3: '1.0', 4: 0.0012493403261286421} 
{0: '0.0', 1: '1.0', 2: '0.0', 3: '1.0', 4: 0.01183411431028036} 
{0: '0.0', 1: '1.0', 2: '0.0', 3: '1.0', 4: 0.05370709920974754} 
{0: '0.0', 1: '1.0', 2: '0.0', 3: '1.0', 4: 0.6725084338556495} 
{0: '0.0', 1: '1.0', 2: '0.0', 3: '1.0', 4: 0.026015637979966512} 
{0: '0.0', 1: '1.0', 2: '0.0', 3: '1.0', 4: 1.147172878248542} 
{0: '0.0', 1: '1.0', 2: '0.0', 3: '1.0', 4: 0.0011060200309894951} 
{0: '0.0', 1: '1.0', 2: '0.0', 3: '1.0', 4: 0.06136317757719145} 
{0: '0.0', 1: '1.0', 2: '0.0', 3: '1.0', 4: 0.018046716741669733} 
{0: '0.0', 1: '1.0', 2: '0.0', 3: '1.0', 4: 0.11488351142535194} 
{0: '0.0', 1: '1.0', 2: '0.0', 3: '1.0', 4: 0.3368103740683371} 
{0: '0.0', 1: '1.0', 2: '0.0', 3: '1.0', 4: 0.007955660349966488} 
{0: '0.0', 1: '1.0', 2: '0.0', 3: '1.0', 4: 0.0035349422487156446} 
{0: '0.0', 1: '1.0', 2: '0.0', 3: '1.0', 4: 0.019738199254706934} 
{0: '0.0', 1: '1.0', 2: '0.0', 3: '1.0', 4: 0.16842306568301565} 
{0: '0.0', 1: '1.0', 2: '0.0', 3: '1.0', 4: 2.1959498003305415} 
{0: '0.0', 1: '1.0', 2: '0.0', 3: '1.0', 4: 0.004110223068083209} 
{0: '0.0', 1: '1.0', 2: '0.0', 3: '1.0', 4: 0.053069585997900626} 
{0: '0.0', 1: '1.0', 2: '0.0', 3: '1.0', 4: 7.838441812605784e-05} 
{0: '0.0', 1: '1.0', 2: '0.0', 3: '1.0', 4: 0.030501971544874797} 
{0: '0.0', 1: '1.0', 2: '0.0', 3: '1.0', 4: 7.13989377976132e-05} 
{0: '0.0', 1: '1.0', 2: '0.0', 3: '1.0', 4: 0.4486562537055669} 
{0: '0.0', 1: '1.0', 2: '0.0', 3: '1.0', 4: 1.3797765650574456} 
{0: '0.0', 1: '1.0', 2: '0.0', 3: '1.0', 4: 0.051364896557708754} 
{0: '0.0', 1: '1.0', 2: '0.0', 3: '1.0', 4: 0.12054362813334685} 
{0: '0.0', 1: '1.0', 2: '0.0', 3: '1.0', 4: 0.3694787754916168} 
{0: '0.0', 1: '1.0', 2: '0.0', 3: '1.0', 4: 0.018825218740203084} 
{0: '0.0', 1: '1.0', 2: '0.0', 3: '1.0', 4: 0.3453186873481301} 
{0: '0.0', 1: '1.0', 2: '0.0', 3: '1.0', 4: 0.08304363116489692} 
{0: '0.0', 1: '1.0', 2: '0.0', 3: '1.0', 4: 0.5034697818463744} 
{0: '0.0', 1: '1.0', 2: '0.0', 3: '1.0', 4: 0.29496699678136684} 
{0: '0.0', 1: '1.0', 2: '0.0', 3: '1.0', 4: 0.5742621228577979} 
{0: '0.0', 1: '1.0', 2: '0.0', 3: '1.0', 4: 0.1274143817655583} 
{0: '0.0', 1: '1.0', 2: '0.0', 3: '1.0', 4: 0.6377209831479491} 
{0: '0.0', 1: '1.0', 2: '0.0', 3: '1.0', 4: 0.029242584149134575} 
{0: '0.0', 1: '1.0', 2: '0.0', 3: '1.0', 4: 0.014112003377193387} 
{0: '0.0', 1: '1.0', 2: '0.0', 3: '1.0', 4: 0.5950052161890603} 
{0: '0.0', 1: '1.0', 2: '0.0', 3: '1.0', 4: 0.676451991310078} 
{0: '0.0', 1: '1.0', 2: '0.0', 3: '1.0', 4: 1.5547590156685258} 
{0: '0.0', 1: '1.0', 2: '0.0', 3: '1.0', 4: 0.17401719665256327} 
{0: '0.0', 1: '1.0', 2: '0.0', 3: '1.0', 4: 0.0324549875306326} 
{0: '0.0', 1: '1.0', 2: '0.0', 3: '1.0', 4: 2.3025903364884472} 
{0: '0.0', 1: '1.0', 2: '0.0', 3: '1.0', 4: 1.062194225619234} 
{0: '0.0', 1: '1.0', 2: '0.0', 3: '1.0', 4: 1.0758149112000626} 
{0: '0.0', 1: '1.0', 2: '0.0', 3: '1.0', 4: 0.8435256497320406} 
{0: '0.0', 1: '1.0', 2: '0.0', 3: '1.0', 4: 0.1242754721103863} 
{0: '0.0', 1: '1.0', 2: '0.0', 3: '1.0', 4: 0.11641787703892059} 
{0: '0.0', 1: '1.0', 2: '0.0', 3: '1.0', 4: 0.4116722693379239} 
{0: '0.0', 1: '1.0', 2: '0.0', 3: '1.0', 4: 1.5856602491103868} 
{0: '0.0', 1: '1.0', 2: '0.0', 3: '1.0', 4: 0.5015568308169563} 
{0: '0.0', 1: '1.0', 2: '0.0', 3: '1.0', 4: 0.20161867519777654} 
{0: '0.0', 1: '1.0', 2: '0.0', 3: '1.0', 4: 3.4696321607440903} 
{0: '0.0', 1: '1.0', 2: '0.0', 3: '1.0', 4: 0.5468036253284304} 
{0: '0.0', 1: '1.0', 2: '0.0', 3: '1.0', 4: 0.11658080249346917} 
{0: '0.0', 1: '1.0', 2: '0.0', 3: '1.0', 4: 1.350064460873837} 
{0: '0.0', 1: '1.0', 2: '0.0', 3: '1.0', 4: 0.6396878978695062} 
{0: '0.0', 1: '1.0', 2: '0.0', 3: '1.0', 4: 0.7617225250052184} 
{0: '0.0', 1: '1.0', 2: '0.0', 3: '1.0', 4: 0.12819634023419843} 
{0: '0.0', 1: '1.0', 2: '0.0', 3: '1.0', 4: 0.2291991472980196} 
{0: '0.0', 1: '1.0', 2: '0.0', 3: '1.0', 4: 0.31500335601784174} 
{0: '0.0', 1: '1.0', 2: '0.0', 3: '1.0', 4: 0.17442689479742754} 
{0: '0.0', 1: '1.0', 2: '0.0', 3: '1.0', 4: 0.7024689979003036} 
{0: '0.0', 1: '1.0', 2: '0.0', 3: '1.0', 4: 0.0527905835659987} 
{0: '0.0', 1: '1.0', 2: '0.0', 3: '1.0', 4: 0.0065668203579664726} 
{0: '0.0', 1: '1.0', 2: '0.0', 3: '1.0', 4: 0.10886381272987719} 
{0: '0.0', 1: '1.0', 2: '0.0', 3: '1.0', 4: 0.0033917983673852673} 
{0: '0.0', 1: '1.0', 2: '0.0', 3: '1.0', 4: 0.03702612704094747} 
{0: '0.0', 1: '1.0', 2: '0.0', 3: '1.0', 4: 0.6321213330040597} 
{0: '0.0', 1: '1.0', 2: '0.0', 3: '1.0', 4: 0.018519746534562162} 
{0: '0.0', 1: '1.0', 2: '0.0', 3: '1.0', 4: 0.007630936026255069} 
{0: '0.0', 1: '1.0', 2: '0.0', 3: '1.0', 4: 1.2855668003619214} 
{0: '0.0', 1: '1.0', 2: '0.0', 3: '1.0', 4: 0.04712750408531839} 
{0: '0.0', 1: '1.0', 2: '0.0', 3: '1.0', 4: 0.05070566781008057} 
{0: '0.0', 1: '1.0', 2: '0.0', 3: '1.0', 4: 0.00971703377918708} 
{0: '0.0', 1: '1.0', 2: '0.0', 3: '1.0', 4: 0.16151524932000058} 
{0: '0.0', 1: '1.0', 2: '0.0', 3: '1.0', 4: 0.8619276629501214} 
{0: '0.0', 1: '1.0', 2: '0.0', 3: '1.0', 4: 0.1705994902823985} 
{0: '0.0', 1: '1.0', 2: '0.0', 3: '1.0', 4: 0.4690336855842526} 
{0: '0.0', 1: '1.0', 2: '0.0', 3: '1.0', 4: 0.13866239633103325} 
{0: '0.0', 1: '1.0', 2: '0.0', 3: '1.0', 4: 0.03246498394720085} 
{0: '0.0', 1: '1.0', 2: '0.0', 3: '1.0', 4: 2.7825903613888237} 
{0: '0.0', 1: '1.0', 2: '0.0', 3: '1.0', 4: 0.8323341529223063} 
{0: '0.0', 1: '1.0', 2: '0.0', 3: '1.0', 4: 0.32986980767026286} 
{0: '0.0', 1: '1.0', 2: '0.0', 3: '1.0', 4: 2.776963404971065} 
{0: '0.0', 1: '1.0', 2: '0.0', 3: '1.0', 4: 2.0094450700630504} 
{0: '0.0', 1: '1.0', 2: '0.0', 3: '1.0', 4: 0.17838222877534662} 
{0: '0.0', 1: '1.0', 2: '0.0', 3: '1.0', 4: 1.3076600818123167} 
{0: '0.0', 1: '1.0', 2: '0.0', 3: '1.0', 4: 0.12539311043746598} 
{0: '0.0', 1: '1.0', 2: '0.0', 3: '1.0', 4: 0.3132890367269073} 
{0: '0.0', 1: '1.0', 2: '0.0', 3: '1.0', 4: 0.5263921196162342} 
{0: '0.0', 1: '1.0', 2: '0.0', 3: '1.0', 4: 2.701370756230688} 
{0: '0.0', 1: '1.0', 2: '0.0', 3: '1.0', 4: 0.0022682388753478403} 
{0: '0.0', 1: '1.0', 2: '0.0', 3: '1.0', 4: 0.09586841482757646} 
{0: '0.0', 1: '1.0', 2: '0.0', 3: '1.0', 4: 0.03991113319633206} 
{0: '0.0', 1: '1.0', 2: '0.0', 3: '1.0', 4: 0.014359135784667756} 
{0: '0.0', 1: '1.0', 2: '0.0', 3: '1.0', 4: 0.9904643852446017} 
{0: '0.0', 1: '1.0', 2: '0.0', 3: '1.0', 4: 0.904735338986746} 
{0: '0.0', 1: '1.0', 2: '0.0', 3: '1.0', 4: 0.051045909095030664} 
{0: '0.0', 1: '1.0', 2: '0.0', 3: '1.0', 4: 0.5918073735755363} 
{0: '0.0', 1: '1.0', 2: '0.0', 3: '1.0', 4: 0.0779704269768994} 
{0: '0.0', 1: '1.0', 2: '0.0', 3: '1.0', 4: 2.9641487722963547} 
{0: '0.0', 1: '1.0', 2: '0.0', 3: '1.0', 4: 0.09501042017812483} 
{0: '0.0', 1: '1.0', 2: '0.0', 3: '1.0', 4: 0.6660487252531225} 
{0: '0.0', 1: '1.0', 2: '0.0', 3: '1.0', 4: 0.08759903194734193} 
{0: '0.0', 1: '1.0', 2: '0.0', 3: '1.0', 4: 0.02521489004312686} 
{0: '0.0', 1: '1.0', 2: '0.0', 3: '1.0', 4: 1.5168644456011917} 
{0: '0.0', 1: '1.0', 2: '0.0', 3: '1.0', 4: 0.6670133827223836} 
{0: '0.0', 1: '1.0', 2: '0.0', 3: '1.0', 4: 0.0006146535886940898} 
{0: '0.0', 1: '1.0', 2: '0.0', 3: '1.0', 4: 0.3358353013825929} 
{0: '0.0', 1: '1.0', 2: '0.0', 3: '1.0', 4: 0.016584805194522167} 
{0: '0.0', 1: '1.0', 2: '0.0', 3: '1.0', 4: 3.193957250370753} 
{0: '0.0', 1: '1.0', 2: '0.0', 3: '1.0', 4: 0.6821196565929927} 
{0: '0.0', 1: '1.0', 2: '0.0', 3: '1.0', 4: 0.11677073731649311} 
{0: '0.0', 1: '1.0', 2: '0.0', 3: '1.0', 4: 1.8837792967417673} 
{0: '0.0', 1: '1.0', 2: '0.0', 3: '1.0', 4: 0.0006946848719913523} 
{0: '0.0', 1: '1.0', 2: '0.0', 3: '1.0', 4: 0.07370793536314305} 
{0: '0.0', 1: '1.0', 2: '0.0', 3: '1.0', 4: 0.15770572455562343} 
{0: '0.0', 1: '1.0', 2: '0.0', 3: '1.0', 4: 0.08930914182171394} 
{0: '0.0', 1: '1.0', 2: '0.0', 3: '1.0', 4: 2.778852157384603} 
{0: '0.0', 1: '1.0', 2: '0.0', 3: '1.0', 4: 0.068989675903278} 
{0: '0.0', 1: '1.0', 2: '0.0', 3: '1.0', 4: 0.07219443942328878} 
{0: '0.0', 1: '1.0', 2: '0.0', 3: '1.0', 4: 0.8177186131025109} 
{0: '0.0', 1: '1.0', 2: '0.0', 3: '1.0', 4: 0.00032020150692973755} 
{0: '0.0', 1: '1.0', 2: '0.0', 3: '1.0', 4: 0.13517368898962517} 
{0: '0.0', 1: '1.0', 2: '0.0', 3: '1.0', 4: 0.019877530183188455} 
{0: '0.0', 1: '1.0', 2: '0.0', 3: '1.0', 4: 0.02724807223367948} 
{0: '0.0', 1: '1.0', 2: '0.0', 3: '1.0', 4: 0.5077727370853321} 
{0: '0.0', 1: '1.0', 2: '0.0', 3: '1.0', 4: 0.5331612102096431} 
{0: '0.0', 1: '1.0', 2: '0.0', 3: '1.0', 4: 0.6061082540744847} 
{0: '0.0', 1: '1.0', 2: '0.0', 3: '1.0', 4: 0.33768856454812507} 
{0: '0.0', 1: '1.0', 2: '0.0', 3: '1.0', 4: 0.1803604612560111} 
{0: '0.0', 1: '1.0', 2: '0.0', 3: '1.0', 4: 0.09440582825550017} 
{0: '0.0', 1: '1.0', 2: '0.0', 3: '1.0', 4: 0.2002248965518247} 
{0: '0.0', 1: '1.0', 2: '0.0', 3: '1.0', 4: 0.3216989647470999} 
{0: '0.0', 1: '1.0', 2: '0.0', 3: '1.0', 4: 0.6377466538956962} 
{0: '0.0', 1: '1.0', 2: '0.0', 3: '1.0', 4: 0.4060751707675636} 
{0: '0.0', 1: '1.0', 2: '0.0', 3: '1.0', 4: 0.1221182571320369} 
{0: '0.0', 1: '1.0', 2: '0.0', 3: '1.0', 4: 0.45842862097597864} 
{0: '0.0', 1: '1.0', 2: '0.0', 3: '1.0', 4: 0.3043758794054916} 
{0: '0.0', 1: '1.0', 2: '0.0', 3: '1.0', 4: 0.4324932067762948} 
{0: '0.0', 1: '1.0', 2: '0.0', 3: '1.0', 4: 4.6995208443183385e-07} 
{0: '0.0', 1: '1.0', 2: '0.0', 3: '1.0', 4: 0.00848491901553344} 
{0: '0.0', 1: '1.0', 2: '0.0', 3: '1.0', 4: 0.005252987970917621} 
{0: '0.0', 1: '1.0', 2: '0.0', 3: '1.0', 4: 0.002874742802153123} 
{0: '0.0', 1: '1.0', 2: '0.0', 3: '1.0', 4: 0.02084890600131352} 
{0: '0.0', 1: '1.0', 2: '0.0', 3: '1.0', 4: 0.06393656768953596} 
{0: '0.0', 1: '1.0', 2: '0.0', 3: '1.0', 4: 0.6455305160317735} 
{0: '0.0', 1: '1.0', 2: '0.0', 3: '1.0', 4: 0.09311771415622337} 
{0: '0.0', 1: '1.0', 2: '0.0', 3: '1.0', 4: 0.00044605060761816447} 
{0: '0.0', 1: '1.0', 2: '0.0', 3: '1.0', 4: 0.41908373993742004} 
{0: '0.0', 1: '1.0', 2: '0.0', 3: '1.0', 4: 0.15910017226127052} 
{0: '0.0', 1: '1.0', 2: '0.0', 3: '1.0', 4: 0.8715883646824828} 
{0: '0.0', 1: '1.0', 2: '0.0', 3: '1.0', 4: 0.004601132162909514} 
{0: '0.0', 1: '1.0', 2: '0.0', 3: '1.0', 4: 0.2436666355436628} 
{0: '0.0', 1: '1.0', 2: '0.0', 3: '1.0', 4: 0.0033132302226105996} 
{0: '0.0', 1: '1.0', 2: '0.0', 3: '1.0', 4: 1.0860247029048276} 
{0: '0.0', 1: '1.0', 2: '0.0', 3: '1.0', 4: 0.3315597203691354} 
{0: '0.0', 1: '1.0', 2: '0.0', 3: '1.0', 4: 0.0336664945308111} 
{0: '0.0', 1: '1.0', 2: '0.0', 3: '1.0', 4: 0.004224187003075606} 
{0: '0.0', 1: '1.0', 2: '0.0', 3: '1.0', 4: 0.32169889994267997} 
{0: '0.0', 1: '1.0', 2: '0.0', 3: '1.0', 4: 0.012572259217415852} 
{0: '0.0', 1: '1.0', 2: '0.0', 3: '1.0', 4: 0.07395695060793535} 
{0: '0.0', 1: '1.0', 2: '0.0', 3: '1.0', 4: 0.8026055492459738} 
{0: '0.0', 1: '1.0', 2: '0.0', 3: '1.0', 4: 0.06872987876953493} 
{0: '0.0', 1: '1.0', 2: '0.0', 3: '1.0', 4: 0.1040467800599686} 
{0: '0.0', 1: '1.0', 2: '0.0', 3: '1.0', 4: 0.0654831278525506} 
{0: '0.0', 1: '1.0', 2: '0.0', 3: '1.0', 4: 0.8455860398771425} 
{0: '0.0', 1: '1.0', 2: '0.0', 3: '1.0', 4: 0.5094097931513645} 
{0: '0.0', 1: '1.0', 2: '0.0', 3: '1.0', 4: 0.024592894149674874} 
{0: '0.0', 1: '1.0', 2: '0.0', 3: '1.0', 4: 0.0008367133547383957} 
{0: '0.0', 1: '1.0', 2: '0.0', 3: '1.0', 4: 0.33148872295841236} 
{0: '0.0', 1: '1.0', 2: '0.0', 3: '1.0', 4: 2.773438929749703} 
{0: '0.0', 1: '1.0', 2: '0.0', 3: '1.0', 4: 0.2834887182921687} 
{0: '0.0', 1: '1.0', 2: '0.0', 3: '1.0', 4: 0.5400249475682652} 
{0: '0.0', 1: '1.0', 2: '0.0', 3: '1.0', 4: 0.10061028506598843} 
{0: '0.0', 1: '1.0', 2: '0.0', 3: '1.0', 4: 0.0003334358900668366} 
{0: '0.0', 1: '1.0', 2: '0.0', 3: '1.0', 4: 0.07696543185685253} 
{0: '0.0', 1: '1.0', 2: '0.0', 3: '1.0', 4: 0.2470532445403924} 
{0: '0.0', 1: '1.0', 2: '0.0', 3: '1.0', 4: 0.0009417250029633895} 
{0: '0.0', 1: '1.0', 2: '0.0', 3: '1.0', 4: 0.0008318010167868597} 
{0: '0.0', 1: '1.0', 2: '0.0', 3: '1.0', 4: 3.0254310002184344} 
{0: '0.0', 1: '1.0', 2: '0.0', 3: '1.0', 4: 1.3817508491752544} 
{0: '0.0', 1: '1.0', 2: '0.0', 3: '1.0', 4: 0.0006318359431605112} 
{0: '0.0', 1: '1.0', 2: '0.0', 3: '1.0', 4: 0.1402734433884782} 
{0: '0.0', 1: '1.0', 2: '0.0', 3: '1.0', 4: 2.762513920597407} 
{0: '0.0', 1: '1.0', 2: '0.0', 3: '1.0', 4: 0.019995760195605446} 
{0: '0.0', 1: '1.0', 2: '0.0', 3: '1.0', 4: 0.11477548110788753} 
{0: '0.0', 1: '1.0', 2: '0.0', 3: '1.0', 4: 1.5193973561949916} 
{0: '0.0', 1: '1.0', 2: '0.0', 3: '1.0', 4: 1.3567815715908274} 
{0: '0.0', 1: '1.0', 2: '0.0', 3: '1.0', 4: 1.9549092117694105} 
{0: '0.0', 1: '1.0', 2: '0.0', 3: '1.0', 4: 0.2259874736853375} 
{0: '0.0', 1: '1.0', 2: '0.0', 3: '1.0', 4: 0.22754490871511096} 
{0: '0.0', 1: '1.0', 2: '0.0', 3: '1.0', 4: 1.9523887404112596} 
{0: '0.0', 1: '1.0', 2: '0.0', 3: '1.0', 4: 0.2414937815705733} 
{0: '0.0', 1: '1.0', 2: '0.0', 3: '1.0', 4: 1.9713152757061718} 
{0: '0.0', 1: '1.0', 2: '0.0', 3: '1.0', 4: 0.5843628921705947} 
{0: '0.0', 1: '1.0', 2: '0.0', 3: '1.0', 4: 1.1424820729040992} 
{0: '0.0', 1: '1.0', 2: '0.0', 3: '1.0', 4: 0.043563930671662546} 
{0: '0.0', 1: '1.0', 2: '0.0', 3: '1.0', 4: 0.0067733528045435636} 
{0: '0.0', 1: '1.0', 2: '0.0', 3: '1.0', 4: 0.021349054135757703} 
{0: '0.0', 1: '1.0', 2: '0.0', 3: '1.0', 4: 0.7553072955821748} 
{0: '0.0', 1: '1.0', 2: '0.0', 3: '1.0', 4: 0.33513383006106034} 
{0: '0.0', 1: '1.0', 2: '0.0', 3: '1.0', 4: 0.29597669229759127} 
{0: '0.0', 1: '1.0', 2: '0.0', 3: '1.0', 4: 0.48745562162516354} 
{0: '0.0', 1: '1.0', 2: '0.0', 3: '1.0', 4: 1.3192168947627672} 
{0: '0.0', 1: '1.0', 2: '0.0', 3: '1.0', 4: 0.044799547743631304} 
{0: '0.0', 1: '1.0', 2: '0.0', 3: '1.0', 4: 0.006788083537540956} 
{0: '0.0', 1: '1.0', 2: '0.0', 3: '1.0', 4: 0.019169809320149778} 
{0: '0.0', 1: '1.0', 2: '0.0', 3: '1.0', 4: 0.14126742829126693} 
{0: '0.0', 1: '1.0', 2: '0.0', 3: '1.0', 4: 0.030723930941572965} 
{0: '0.0', 1: '1.0', 2: '0.0', 3: '1.0', 4: 0.006005497332593389} 
{0: '0.0', 1: '1.0', 2: '0.0', 3: '1.0', 4: 0.006157081096724983} 
{0: '0.0', 1: '1.0', 2: '0.0', 3: '1.0', 4: 0.8862995428547933} 
{0: '0.0', 1: '1.0', 2: '0.0', 3: '1.0', 4: 1.730083893282411} 
{0: '0.0', 1: '1.0', 2: '0.0', 3: '1.0', 4: 0.12070637864987871} 
{0: '0.0', 1: '1.0', 2: '0.0', 3: '1.0', 4: 1.54576114763925} 
{0: '0.0', 1: '1.0', 2: '0.0', 3: '1.0', 4: 0.028618830824909566} 
{0: '0.0', 1: '1.0', 2: '0.0', 3: '1.0', 4: 0.8635952759675445} 
{0: '0.0', 1: '1.0', 2: '0.0', 3: '1.0', 4: 0.046387096859480774} 
{0: '0.0', 1: '1.0', 2: '0.0', 3: '1.0', 4: 0.16235051852539803} 
{0: '0.0', 1: '1.0', 2: '0.0', 3: '1.0', 4: 1.0243812809463402} 
{0: '0.0', 1: '1.0', 2: '0.0', 3: '1.0', 4: 1.095861032419821} 
{0: '0.0', 1: '1.0', 2: '0.0', 3: '1.0', 4: 2.547194086933349e-06} 
{0: '0.0', 1: '1.0', 2: '0.0', 3: '1.0', 4: 0.21911301344564357} 
{0: '0.0', 1: '1.0', 2: '0.0', 3: '1.0', 4: 0.2301646327264298} 
{0: '0.0', 1: '1.0', 2: '0.0', 3: '1.0', 4: 0.1446148813911697} 
{0: '0.0', 1: '1.0', 2: '0.0', 3: '1.0', 4: 0.4554534478845123} 
{0: '0.0', 1: '1.0', 2: '0.0', 3: '1.0', 4: 0.7581034597716055} 
{0: '0.0', 1: '1.0', 2: '0.0', 3: '1.0', 4: 0.00044362246216084726} 
{0: '0.0', 1: '1.0', 2: '0.0', 3: '1.0', 4: 0.5254193942429789} 
{0: '0.0', 1: '1.0', 2: '0.0', 3: '1.0', 4: 0.44992279708379757} 
{0: '0.0', 1: '1.0', 2: '0.0', 3: '1.0', 4: 0.03978596396165173} 
{0: '0.0', 1: '1.0', 2: '0.0', 3: '1.0', 4: 0.013968316854489017} 
{0: '0.0', 1: '1.0', 2: '0.0', 3: '1.0', 4: 0.06578698139137044} 
{0: '0.0', 1: '1.0', 2: '0.0', 3: '1.0', 4: 0.31798827262799} 
{0: '0.0', 1: '1.0', 2: '0.0', 3: '1.0', 4: 0.0055353060501170046} 
{0: '0.0', 1: '1.0', 2: '0.0', 3: '1.0', 4: 1.2832294850227999} 
{0: '0.0', 1: '1.0', 2: '0.0', 3: '1.0', 4: 0.13914881230342324} 
{0: '0.0', 1: '1.0', 2: '0.0', 3: '1.0', 4: 0.005327043134491197} 
{0: '0.0', 1: '1.0', 2: '0.0', 3: '1.0', 4: 0.12820671288898108} 
{0: '0.0', 1: '1.0', 2: '0.0', 3: '1.0', 4: 0.7196480650830867} 
{0: '0.0', 1: '1.0', 2: '0.0', 3: '1.0', 4: 0.04288167115122912} 
{0: '0.0', 1: '1.0', 2: '0.0', 3: '1.0', 4: 0.012502375706336428} 
{0: '0.0', 1: '1.0', 2: '0.0', 3: '1.0', 4: 0.2519446461514462} 
{0: '0.0', 1: '1.0', 2: '0.0', 3: '1.0', 4: 2.7284017238028375} 
{0: '0.0', 1: '1.0', 2: '0.0', 3: '1.0', 4: 0.2304609505750746} 
{0: '0.0', 1: '1.0', 2: '0.0', 3: '1.0', 4: 0.2746891716632316} 
{0: '0.0', 1: '1.0', 2: '0.0', 3: '1.0', 4: 0.24934771055189478} 
{0: '0.0', 1: '1.0', 2: '0.0', 3: '1.0', 4: 0.6131917016999026} 
{0: '0.0', 1: '1.0', 2: '0.0', 3: '1.0', 4: 1.1939436236760168} 
{0: '0.0', 1: '1.0', 2: '0.0', 3: '1.0', 4: 0.0666373973425189} 
{0: '0.0', 1: '1.0', 2: '0.0', 3: '1.0', 4: 1.1107148931692865} 
{0: '0.0', 1: '1.0', 2: '0.0', 3: '1.0', 4: 0.2432087004317596} 
{0: '0.0', 1: '1.0', 2: '0.0', 3: '1.0', 4: 1.4355906911187823} 
{0: '0.0', 1: '1.0', 2: '0.0', 3: '1.0', 4: 0.61540818494131} 
{0: '0.0', 1: '1.0', 2: '0.0', 3: '1.0', 4: 0.6869635519395417} 
{0: '0.0', 1: '1.0', 2: '0.0', 3: '1.0', 4: 0.06595308331012548} 
{0: '0.0', 1: '1.0', 2: '0.0', 3: '1.0', 4: 0.0036902598868480247} 
{0: '0.0', 1: '1.0', 2: '0.0', 3: '1.0', 4: 0.4224578694073021} 
{0: '0.0', 1: '1.0', 2: '0.0', 3: '1.0', 4: 1.0117088051433398} 
{0: '0.0', 1: '1.0', 2: '0.0', 3: '1.0', 4: 0.015090057756338269} 
{0: '0.0', 1: '1.0', 2: '0.0', 3: '1.0', 4: 0.770948368561249} 
{0: '0.0', 1: '1.0', 2: '0.0', 3: '1.0', 4: 1.0512945087649512} 
{0: '0.0', 1: '1.0', 2: '0.0', 3: '1.0', 4: 0.09000599234302178} 
{0: '0.0', 1: '1.0', 2: '0.0', 3: '1.0', 4: 0.12997394705127094} 
{0: '0.0', 1: '1.0', 2: '0.0', 3: '1.0', 4: 1.489888113000918} 
{0: '0.0', 1: '1.0', 2: '0.0', 3: '1.0', 4: 0.0073203301349209675} 
{0: '0.0', 1: '1.0', 2: '0.0', 3: '1.0', 4: 0.39551430654418307} 
{0: '0.0', 1: '1.0', 2: '0.0', 3: '1.0', 4: 0.6408031540319209} 
{0: '0.0', 1: '1.0', 2: '0.0', 3: '1.0', 4: 2.0956228565059525} 
{0: '0.0', 1: '1.0', 2: '0.0', 3: '1.0', 4: 0.45946632603131393} 
{0: '0.0', 1: '1.0', 2: '0.0', 3: '1.0', 4: 0.16797746139186015} 
{0: '0.0', 1: '1.0', 2: '0.0', 3: '1.0', 4: 0.17587432580441903} 
{0: '0.0', 1: '1.0', 2: '0.0', 3: '1.0', 4: 1.86855480839135} 
{0: '0.0', 1: '1.0', 2: '0.0', 3: '1.0', 4: 0.27374705126623555} 
{0: '0.0', 1: '1.0', 2: '0.0', 3: '1.0', 4: 0.12183004496562803} 
{0: '0.0', 1: '1.0', 2: '0.0', 3: '1.0', 4: 0.2129188845054908} 
{0: '0.0', 1: '1.0', 2: '0.0', 3: '1.0', 4: 0.08197997484003591} 
{0: '0.0', 1: '1.0', 2: '0.0', 3: '1.0', 4: 0.31566849717547335} 
{0: '0.0', 1: '1.0', 2: '0.0', 3: '1.0', 4: 0.08337104898140142} 
{0: '0.0', 1: '1.0', 2: '0.0', 3: '1.0', 4: 0.07220656213045454} 
{0: '0.0', 1: '1.0', 2: '0.0', 3: '1.0', 4: 0.008290218069705181} 
{0: '0.0', 1: '1.0', 2: '0.0', 3: '1.0', 4: 0.13095174990336858} 
{0: '0.0', 1: '1.0', 2: '0.0', 3: '1.0', 4: 1.0082591008032398} 
{0: '0.0', 1: '1.0', 2: '0.0', 3: '1.0', 4: 0.44118802066069795} 
{0: '0.0', 1: '1.0', 2: '0.0', 3: '1.0', 4: 0.2381481421901868} 
{0: '0.0', 1: '1.0', 2: '0.0', 3: '1.0', 4: 0.03578920803746774} 
{0: '0.0', 1: '1.0', 2: '0.0', 3: '1.0', 4: 0.21232288525675708} 
{0: '0.0', 1: '1.0', 2: '0.0', 3: '1.0', 4: 0.17950851503579807} 
{0: '0.0', 1: '1.0', 2: '0.0', 3: '1.0', 4: 0.5668525679160237} 
{0: '0.0', 1: '1.0', 2: '0.0', 3: '1.0', 4: 1.2209205649295607} 
{0: '0.0', 1: '1.0', 2: '0.0', 3: '1.0', 4: 0.5413982556594643} 
{0: '0.0', 1: '1.0', 2: '0.0', 3: '1.0', 4: 6.493404039464045e-06} 
{0: '0.0', 1: '1.0', 2: '0.0', 3: '1.0', 4: 0.416926149356458} 
{0: '0.0', 1: '1.0', 2: '0.0', 3: '1.0', 4: 0.20610363172446824} 
{0: '0.0', 1: '1.0', 2: '0.0', 3: '1.0', 4: 0.304376094661907} 
{0: '0.0', 1: '1.0', 2: '0.0', 3: '1.0', 4: 4.9097105962235244e-05} 
{0: '0.0', 1: '1.0', 2: '0.0', 3: '1.0', 4: 0.8340568310513552} 
{0: '0.0', 1: '1.0', 2: '0.0', 3: '1.0', 4: 0.2730817046388668} 
{0: '0.0', 1: '1.0', 2: '0.0', 3: '1.0', 4: 0.09251676402580444} 
{0: '0.0', 1: '1.0', 2: '0.0', 3: '1.0', 4: 0.03459231894023258} 
{0: '0.0', 1: '1.0', 2: '0.0', 3: '1.0', 4: 0.09063187986460616} 
{0: '0.0', 1: '1.0', 2: '0.0', 3: '1.0', 4: 0.9497469575809699} 
{0: '0.0', 1: '1.0', 2: '0.0', 3: '1.0', 4: 0.24274472232714064} 
{0: '0.0', 1: '1.0', 2: '0.0', 3: '1.0', 4: 0.20001070798298878} 
{0: '0.0', 1: '1.0', 2: '0.0', 3: '1.0', 4: 0.18286634782492567} 
{0: '0.0', 1: '1.0', 2: '0.0', 3: '1.0', 4: 1.2601439377285693} 
{0: '0.0', 1: '1.0', 2: '0.0', 3: '1.0', 4: 0.34647546477706226} 
{0: '0.0', 1: '1.0', 2: '0.0', 3: '1.0', 4: 0.005320456805803229} 
{0: '0.0', 1: '1.0', 2: '0.0', 3: '1.0', 4: 0.0035407778251225117} 
{0: '0.0', 1: '1.0', 2: '0.0', 3: '1.0', 4: 0.08178288125712255} 
{0: '0.0', 1: '1.0', 2: '0.0', 3: '1.0', 4: 4.3082950045624105e-07} 
{0: '0.0', 1: '1.0', 2: '0.0', 3: '1.0', 4: 0.13114922038201776} 
{0: '0.0', 1: '1.0', 2: '0.0', 3: '1.0', 4: 0.17587760392644605} 
{0: '0.0', 1: '1.0', 2: '0.0', 3: '1.0', 4: 0.4231446537516212} 
{0: '0.0', 1: '1.0', 2: '0.0', 3: '1.0', 4: 0.10263963690098259} 
{0: '0.0', 1: '1.0', 2: '0.0', 3: '1.0', 4: 0.5572872086334674} 
{0: '0.0', 1: '1.0', 2: '0.0', 3: '1.0', 4: 0.007399590635790556} 
{0: '0.0', 1: '1.0', 2: '0.0', 3: '1.0', 4: 0.26355914830604965} 
{0: '0.0', 1: '1.0', 2: '0.0', 3: '1.0', 4: 0.03961277851298348} 
{0: '0.0', 1: '1.0', 2: '0.0', 3: '1.0', 4: 0.09937303755617762} 
{0: '0.0', 1: '1.0', 2: '0.0', 3: '1.0', 4: 0.7014251742547699} 
{0: '0.0', 1: '1.0', 2: '0.0', 3: '1.0', 4: 1.0764821332180314} 
{0: '0.0', 1: '1.0', 2: '0.0', 3: '1.0', 4: 1.8376180377396196} 
{0: '0.0', 1: '1.0', 2: '0.0', 3: '1.0', 4: 0.0033027566995342344} 
{0: '0.0', 1: '1.0', 2: '0.0', 3: '1.0', 4: 0.8679593192825703} 
{0: '0.0', 1: '1.0', 2: '0.0', 3: '1.0', 4: 0.04171176573043809} 
{0: '0.0', 1: '1.0', 2: '0.0', 3: '1.0', 4: 0.014326858731142212} 
{0: '0.0', 1: '1.0', 2: '0.0', 3: '1.0', 4: 0.8200602505152617} 
{0: '0.0', 1: '1.0', 2: '0.0', 3: '1.0', 4: 0.0014537160284114538} 
{0: '0.0', 1: '1.0', 2: '0.0', 3: '1.0', 4: 0.833494680246028} 
{0: '0.0', 1: '1.0', 2: '0.0', 3: '1.0', 4: 0.7667709560345156} 
{0: '0.0', 1: '1.0', 2: '0.0', 3: '1.0', 4: 0.1832606656181338} 
{0: '0.0', 1: '1.0', 2: '0.0', 3: '1.0', 4: 3.8238007241565675} 
{0: '0.0', 1: '1.0', 2: '0.0', 3: '1.0', 4: 0.04196579281018706} 
{0: '0.0', 1: '1.0', 2: '0.0', 3: '1.0', 4: 0.01603290947411599} 
{0: '0.0', 1: '1.0', 2: '0.0', 3: '1.0', 4: 0.06760740438507487} 
{0: '0.0', 1: '1.0', 2: '0.0', 3: '1.0', 4: 0.20517465393222775} 
{0: '0.0', 1: '1.0', 2: '0.0', 3: '1.0', 4: 0.9729038278101361} 
{0: '0.0', 1: '1.0', 2: '0.0', 3: '1.0', 4: 1.1380329631835964} 
{0: '0.0', 1: '1.0', 2: '0.0', 3: '1.0', 4: 0.0009440170756074106} 
{0: '0.0', 1: '1.0', 2: '0.0', 3: '1.0', 4: 0.2317209880500348} 
{0: '0.0', 1: '1.0', 2: '0.0', 3: '1.0', 4: 0.1723849958680557} 
{0: '0.0', 1: '1.0', 2: '0.0', 3: '1.0', 4: 0.5568796774033327} 
{0: '0.0', 1: '1.0', 2: '0.0', 3: '1.0', 4: 0.3846610141103459} 
{0: '0.0', 1: '1.0', 2: '0.0', 3: '1.0', 4: 0.32321404361289446} 
{0: '0.0', 1: '1.0', 2: '0.0', 3: '1.0', 4: 0.7250366318363306} 
{0: '0.0', 1: '1.0', 2: '0.0', 3: '1.0', 4: 0.016776857296523638} 
{0: '0.0', 1: '1.0', 2: '0.0', 3: '1.0', 4: 0.637039585796654} 
{0: '0.0', 1: '1.0', 2: '0.0', 3: '1.0', 4: 1.108109858667737} 
{0: '0.0', 1: '1.0', 2: '0.0', 3: '1.0', 4: 0.06433618462421342} 
{0: '0.0', 1: '1.0', 2: '0.0', 3: '1.0', 4: 0.6203454613640833} 
{0: '0.0', 1: '1.0', 2: '0.0', 3: '1.0', 4: 0.09479334629406688} 
{0: '0.0', 1: '1.0', 2: '0.0', 3: '1.0', 4: 0.4756389592728514} 
{0: '0.0', 1: '1.0', 2: '0.0', 3: '1.0', 4: 4.82744359205582e-06} 
{0: '0.0', 1: '1.0', 2: '0.0', 3: '1.0', 4: 0.02300429413464334} 
{0: '0.0', 1: '1.0', 2: '0.0', 3: '1.0', 4: 0.2135659008258196} 
{0: '0.0', 1: '1.0', 2: '0.0', 3: '1.0', 4: 0.1136264527152219} 
{0: '0.0', 1: '1.0', 2: '0.0', 3: '1.0', 4: 0.6629082084959518} 
{0: '0.0', 1: '1.0', 2: '0.0', 3: '1.0', 4: 0.017200288229505575} 
{0: '0.0', 1: '1.0', 2: '0.0', 3: '1.0', 4: 0.7113264579208126} 
{0: '0.0', 1: '1.0', 2: '0.0', 3: '1.0', 4: 0.00880433487381881} 
{0: '0.0', 1: '1.0', 2: '0.0', 3: '1.0', 4: 0.9146514569538241} 
{0: '0.0', 1: '1.0', 2: '0.0', 3: '1.0', 4: 0.12242267864968558} 
{0: '0.0', 1: '1.0', 2: '0.0', 3: '1.0', 4: 0.8510240453155175} 
{0: '0.0', 1: '1.0', 2: '0.0', 3: '1.0', 4: 0.1182203160809373} 
{0: '0.0', 1: '1.0', 2: '0.0', 3: '1.0', 4: 0.06527567542064763} 
{0: '0.0', 1: '1.0', 2: '0.0', 3: '1.0', 4: 0.016528738818595845} 
{0: '0.0', 1: '1.0', 2: '0.0', 3: '1.0', 4: 0.26628711221149637} 
{0: '0.0', 1: '1.0', 2: '0.0', 3: '1.0', 4: 0.41791565981829704} 
{0: '0.0', 1: '1.0', 2: '0.0', 3: '1.0', 4: 0.50617993179493} 
{0: '0.0', 1: '1.0', 2: '0.0', 3: '1.0', 4: 0.49634783723028325} 
{0: '0.0', 1: '1.0', 2: '0.0', 3: '1.0', 4: 1.915467888391285} 
{0: '0.0', 1: '1.0', 2: '0.0', 3: '1.0', 4: 0.005236938531354719} 
{0: '0.0', 1: '1.0', 2: '0.0', 3: '1.0', 4: 0.03573700911339253} 
{0: '0.0', 1: '1.0', 2: '0.0', 3: '1.0', 4: 0.1909795902477683} 
{0: '0.0', 1: '1.0', 2: '0.0', 3: '1.0', 4: 0.10069227133479111} 
{0: '0.0', 1: '1.0', 2: '0.0', 3: '1.0', 4: 0.3780030648382493} 
{0: '0.0', 1: '1.0', 2: '0.0', 3: '1.0', 4: 0.06227589404707204} 
{0: '0.0', 1: '1.0', 2: '0.0', 3: '1.0', 4: 0.3159043032350223} 
{0: '0.0', 1: '1.0', 2: '0.0', 3: '1.0', 4: 0.2171319623527328} 
{0: '0.0', 1: '1.0', 2: '0.0', 3: '1.0', 4: 0.2623134213830869} 
{0: '0.0', 1: '1.0', 2: '0.0', 3: '1.0', 4: 0.0004955500829494142} 
{0: '0.0', 1: '1.0', 2: '0.0', 3: '1.0', 4: 2.2112705151416656} 
{0: '0.0', 1: '1.0', 2: '0.0', 3: '1.0', 4: 0.9282073873216449} 
{0: '0.0', 1: '1.0', 2: '0.0', 3: '1.0', 4: 0.01988098087396472} 
{0: '0.0', 1: '1.0', 2: '0.0', 3: '1.0', 4: 1.179834367198143} 
{0: '0.0', 1: '1.0', 2: '0.0', 3: '1.0', 4: 0.5756130531362998} 
{0: '0.0', 1: '1.0', 2: '0.0', 3: '1.0', 4: 1.3313364148836746} 
{0: '0.0', 1: '1.0', 2: '0.0', 3: '1.0', 4: 0.03268036983236024} 
{0: '0.0', 1: '1.0', 2: '0.0', 3: '1.0', 4: 0.8891609139111121} 
{0: '0.0', 1: '1.0', 2: '0.0', 3: '1.0', 4: 0.19341325557635394} 
{0: '0.0', 1: '1.0', 2: '0.0', 3: '1.0', 4: 1.3079555832136318} 
{0: '0.0', 1: '1.0', 2: '0.0', 3: '1.0', 4: 0.2108970876355604} 
{0: '0.0', 1: '1.0', 2: '0.0', 3: '1.0', 4: 0.15656764847099514} 
{0: '0.0', 1: '1.0', 2: '0.0', 3: '1.0', 4: 0.27164051716343024} 
{0: '0.0', 1: '1.0', 2: '0.0', 3: '1.0', 4: 0.07713654412191971} 
{0: '0.0', 1: '1.0', 2: '0.0', 3: '1.0', 4: 0.007527973765389115} 
{0: '0.0', 1: '1.0', 2: '0.0', 3: '1.0', 4: 0.25969646357451753} 
{0: '0.0', 1: '1.0', 2: '0.0', 3: '1.0', 4: 0.030458157586366285} 
{0: '0.0', 1: '1.0', 2: '0.0', 3: '1.0', 4: 0.014466373503789707} 
{0: '0.0', 1: '1.0', 2: '0.0', 3: '1.0', 4: 0.7370778811888753} 
{0: '0.0', 1: '1.0', 2: '0.0', 3: '1.0', 4: 1.79301917866019} 
{0: '0.0', 1: '1.0', 2: '0.0', 3: '1.0', 4: 0.10348363647623594} 
{0: '0.0', 1: '1.0', 2: '0.0', 3: '1.0', 4: 0.772756352801414} 
{0: '0.0', 1: '1.0', 2: '0.0', 3: '1.0', 4: 1.2526038987170314} 
{0: '0.0', 1: '1.0', 2: '0.0', 3: '1.0', 4: 1.0574737602932753} 
{0: '0.0', 1: '1.0', 2: '0.0', 3: '1.0', 4: 3.659888300214775} 
{0: '0.0', 1: '1.0', 2: '0.0', 3: '1.0', 4: 0.041253453687688756} 
{0: '0.0', 1: '1.0', 2: '0.0', 3: '1.0', 4: 0.0982838079368416} 
{0: '0.0', 1: '1.0', 2: '0.0', 3: '1.0', 4: 0.598696948833844} 
{0: '0.0', 1: '1.0', 2: '0.0', 3: '1.0', 4: 0.3669845865554849} 
{0: '0.0', 1: '1.0', 2: '0.0', 3: '1.0', 4: 0.5356207713099269} 
{0: '0.0', 1: '1.0', 2: '0.0', 3: '1.0', 4: 1.0147420387715675} 
{0: '0.0', 1: '1.0', 2: '0.0', 3: '1.0', 4: 0.5501134358390304} 
{0: '0.0', 1: '1.0', 2: '0.0', 3: '1.0', 4: 1.1401523856647604} 
{0: '0.0', 1: '1.0', 2: '0.0', 3: '1.0', 4: 0.014611743284545517} 
{0: '0.0', 1: '1.0', 2: '0.0', 3: '1.0', 4: 0.23955911624698042} 
{0: '0.0', 1: '1.0', 2: '0.0', 3: '1.0', 4: 0.26195429944505705} 
{0: '0.0', 1: '1.0', 2: '0.0', 3: '1.0', 4: 0.11254450223990003} 
{0: '0.0', 1: '1.0', 2: '0.0', 3: '1.0', 4: 2.094085031668851} 
{0: '0.0', 1: '1.0', 2: '0.0', 3: '1.0', 4: 0.004038015459958804} 
{0: '0.0', 1: '1.0', 2: '0.0', 3: '1.0', 4: 0.2814278729808274} 
{0: '0.0', 1: '1.0', 2: '0.0', 3: '1.0', 4: 0.10694507203211352} 
{0: '0.0', 1: '1.0', 2: '0.0', 3: '1.0', 4: 0.26341491419548735} 
{0: '0.0', 1: '1.0', 2: '0.0', 3: '1.0', 4: 1.8741199633293162} 
{0: '0.0', 1: '1.0', 2: '0.0', 3: '1.0', 4: 0.07694043313189007} 
{0: '0.0', 1: '1.0', 2: '0.0', 3: '1.0', 4: 2.852427553493071} 
{0: '0.0', 1: '1.0', 2: '0.0', 3: '1.0', 4: 0.026144553570776125} 
{0: '0.0', 1: '1.0', 2: '0.0', 3: '1.0', 4: 1.426750863296433} 
{0: '0.0', 1: '1.0', 2: '0.0', 3: '1.0', 4: 0.0407169800216929} 
{0: '0.0', 1: '1.0', 2: '0.0', 3: '1.0', 4: 5.731836042563029} 
{0: '0.0', 1: '1.0', 2: '0.0', 3: '1.0', 4: 0.9876265019812519} 
{0: '0.0', 1: '1.0', 2: '0.0', 3: '1.0', 4: 0.6390043065658694} 
{0: '0.0', 1: '1.0', 2: '0.0', 3: '1.0', 4: 0.4232247138619086} 
{0: '0.0', 1: '1.0', 2: '0.0', 3: '1.0', 4: 0.05588849379565717} 
{0: '0.0', 1: '1.0', 2: '0.0', 3: '1.0', 4: 0.08398188397217272} 
{0: '0.0', 1: '1.0', 2: '0.0', 3: '1.0', 4: 0.4066693802253762} 
{0: '0.0', 1: '1.0', 2: '0.0', 3: '1.0', 4: 0.8010153305972654} 
{0: '0.0', 1: '1.0', 2: '0.0', 3: '1.0', 4: 1.4951221246563} 
{0: '0.0', 1: '1.0', 2: '0.0', 3: '1.0', 4: 0.5087527466633466} 
{0: '0.0', 1: '1.0', 2: '0.0', 3: '1.0', 4: 0.36331705010979964} 
{0: '0.0', 1: '1.0', 2: '0.0', 3: '1.0', 4: 0.16159945494993513} 
{0: '0.0', 1: '1.0', 2: '0.0', 3: '1.0', 4: 0.03183057826549919} 
{0: '0.0', 1: '1.0', 2: '0.0', 3: '1.0', 4: 0.02940158327947846} 
{0: '0.0', 1: '1.0', 2: '0.0', 3: '1.0', 4: 0.26441935132163047} 
{0: '0.0', 1: '1.0', 2: '0.0', 3: '1.0', 4: 0.2683842240334359} 
{0: '0.0', 1: '1.0', 2: '0.0', 3: '1.0', 4: 0.04290065142018566} 
{0: '0.0', 1: '1.0', 2: '0.0', 3: '1.0', 4: 1.9621418697296429} 
{0: '0.0', 1: '1.0', 2: '0.0', 3: '1.0', 4: 0.8669314580455383} 
{0: '0.0', 1: '1.0', 2: '0.0', 3: '1.0', 4: 0.483114996029182} 
{0: '0.0', 1: '1.0', 2: '0.0', 3: '1.0', 4: 4.544747260962894} 
{0: '0.0', 1: '1.0', 2: '0.0', 3: '1.0', 4: 0.30433526998617616} 
{0: '0.0', 1: '1.0', 2: '0.0', 3: '1.0', 4: 0.12334791952021773} 
{0: '0.0', 1: '1.0', 2: '0.0', 3: '1.0', 4: 0.12692135843245866} 
{0: '0.0', 1: '1.0', 2: '0.0', 3: '1.0', 4: 0.4106519284090211} 
{0: '0.0', 1: '1.0', 2: '0.0', 3: '1.0', 4: 0.0018649713073123524} 
{0: '0.0', 1: '1.0', 2: '0.0', 3: '1.0', 4: 0.9104395048836131} 
{0: '0.0', 1: '1.0', 2: '0.0', 3: '1.0', 4: 1.6239239144238606} 
{0: '0.0', 1: '1.0', 2: '0.0', 3: '1.0', 4: 0.29071028989237463} 
{0: '0.0', 1: '1.0', 2: '0.0', 3: '1.0', 4: 0.059369360120152585} 
{0: '0.0', 1: '1.0', 2: '0.0', 3: '1.0', 4: 0.4467047758303284} 
{0: '0.0', 1: '1.0', 2: '0.0', 3: '1.0', 4: 0.02940561821533562} 
{0: '0.0', 1: '1.0', 2: '0.0', 3: '1.0', 4: 0.0385928028075477} 
{0: '0.0', 1: '1.0', 2: '0.0', 3: '1.0', 4: 0.7840914973225493} 
{0: '0.0', 1: '1.0', 2: '0.0', 3: '1.0', 4: 0.7109493598317794} 
{0: '0.0', 1: '1.0', 2: '0.0', 3: '1.0', 4: 0.1993068388629108} 
{0: '0.0', 1: '1.0', 2: '0.0', 3: '1.0', 4: 0.3673761138878368} 
{0: '0.0', 1: '1.0', 2: '0.0', 3: '1.0', 4: 0.027192854198298016} 
{0: '0.0', 1: '1.0', 2: '0.0', 3: '1.0', 4: 0.1152673326904454} 
{0: '0.0', 1: '1.0', 2: '0.0', 3: '1.0', 4: 0.2940136969190684} 
{0: '0.0', 1: '1.0', 2: '0.0', 3: '1.0', 4: 0.0023578026801285446} 
{0: '0.0', 1: '1.0', 2: '0.0', 3: '1.0', 4: 0.6073773355089288} 
{0: '0.0', 1: '1.0', 2: '0.0', 3: '1.0', 4: 0.023895454752554446} 
{0: '0.0', 1: '1.0', 2: '0.0', 3: '1.0', 4: 0.26258528843884954} 
{0: '0.0', 1: '1.0', 2: '0.0', 3: '1.0', 4: 0.09286838470942724} 
{0: '0.0', 1: '1.0', 2: '0.0', 3: '1.0', 4: 0.01144748762782956} 
{0: '0.0', 1: '1.0', 2: '0.0', 3: '1.0', 4: 0.2917676254149276} 
{0: '0.0', 1: '1.0', 2: '0.0', 3: '1.0', 4: 0.33079938063709746} 
{0: '0.0', 1: '1.0', 2: '0.0', 3: '1.0', 4: 0.6367459010549807} 
{0: '0.0', 1: '1.0', 2: '0.0', 3: '1.0', 4: 0.46742304183898087} 
{0: '0.0', 1: '1.0', 2: '0.0', 3: '1.0', 4: 4.052798096416389} 
{0: '0.0', 1: '1.0', 2: '0.0', 3: '1.0', 4: 0.33407782083462995} 
{0: '0.0', 1: '1.0', 2: '0.0', 3: '1.0', 4: 0.5182255191229918} 
{0: '0.0', 1: '1.0', 2: '0.0', 3: '1.0', 4: 0.29676096795879064} 
{0: '0.0', 1: '1.0', 2: '0.0', 3: '1.0', 4: 0.7522040156137804} 
{0: '0.0', 1: '1.0', 2: '0.0', 3: '1.0', 4: 0.14146208195557858} 
{0: '0.0', 1: '1.0', 2: '0.0', 3: '1.0', 4: 0.1967158819078122} 
{0: '0.0', 1: '1.0', 2: '0.0', 3: '1.0', 4: 0.15697774342554163} 
{0: '0.0', 1: '1.0', 2: '0.0', 3: '1.0', 4: 0.12236543503885725} 
{0: '0.0', 1: '1.0', 2: '0.0', 3: '1.0', 4: 0.29924000183030686} 
{0: '0.0', 1: '1.0', 2: '0.0', 3: '1.0', 4: 1.0346609085464913} 
{0: '0.0', 1: '1.0', 2: '0.0', 3: '1.0', 4: 0.7691373912715279} 
{0: '0.0', 1: '1.0', 2: '0.0', 3: '1.0', 4: 0.4729559797761181} 
{0: '0.0', 1: '1.0', 2: '0.0', 3: '1.0', 4: 0.13355123034139124} 
{0: '0.0', 1: '1.0', 2: '0.0', 3: '1.0', 4: 0.2895332124027203} 
{0: '0.0', 1: '1.0', 2: '0.0', 3: '1.0', 4: 1.9417338954211196} 
{0: '0.0', 1: '1.0', 2: '0.0', 3: '1.0', 4: 0.2523343982403296} 
{0: '0.0', 1: '1.0', 2: '0.0', 3: '1.0', 4: 0.8304807357574705} 
{0: '0.0', 1: '1.0', 2: '0.0', 3: '1.0', 4: 0.740666742564488} 
{0: '0.0', 1: '1.0', 2: '0.0', 3: '1.0', 4: 0.01694465568131358} 
{0: '0.0', 1: '1.0', 2: '0.0', 3: '1.0', 4: 0.10943044092953706} 
{0: '0.0', 1: '1.0', 2: '0.0', 3: '1.0', 4: 0.7152423635238395} 
{0: '0.0', 1: '1.0', 2: '0.0', 3: '1.0', 4: 0.06721780191196264} 
{0: '0.0', 1: '1.0', 2: '0.0', 3: '1.0', 4: 1.1647103383283326} 
{0: '0.0', 1: '1.0', 2: '0.0', 3: '1.0', 4: 0.30173601949379614} 
{0: '0.0', 1: '1.0', 2: '0.0', 3: '1.0', 4: 0.6773697275023665} 
{0: '0.0', 1: '1.0', 2: '0.0', 3: '1.0', 4: 0.3645667142276146} 
{0: '0.0', 1: '1.0', 2: '0.0', 3: '1.0', 4: 0.5749267887594163} 
{0: '0.0', 1: '1.0', 2: '0.0', 3: '1.0', 4: 2.0491789954220025} 
{0: '0.0', 1: '1.0', 2: '0.0', 3: '1.0', 4: 1.049052196667328} 
{0: '0.0', 1: '1.0', 2: '0.0', 3: '1.0', 4: 0.054412653544135645} 
{0: '0.0', 1: '1.0', 2: '0.0', 3: '1.0', 4: 0.15889972806251532} 
{0: '0.0', 1: '1.0', 2: '0.0', 3: '1.0', 4: 0.22934134968828765} 
{0: '0.0', 1: '1.0', 2: '0.0', 3: '1.0', 4: 0.44400362300837265} 
{0: '0.0', 1: '1.0', 2: '0.0', 3: '1.0', 4: 0.04376793673450572} 
{0: '0.0', 1: '1.0', 2: '0.0', 3: '1.0', 4: 0.015915545118131837} 
{0: '0.0', 1: '1.0', 2: '0.0', 3: '1.0', 4: 0.5298259154132939} 
{0: '0.0', 1: '1.0', 2: '0.0', 3: '1.0', 4: 0.009139880902793721} 
{0: '0.0', 1: '1.0', 2: '0.0', 3: '1.0', 4: 0.02386934466848721} 
{0: '0.0', 1: '1.0', 2: '0.0', 3: '1.0', 4: 0.7210381128548706} 
{0: '0.0', 1: '1.0', 2: '0.0', 3: '1.0', 4: 0.30138360381261065} 
{0: '0.0', 1: '1.0', 2: '0.0', 3: '1.0', 4: 0.16756430735966032} 
{0: '0.0', 1: '1.0', 2: '0.0', 3: '1.0', 4: 0.017909972701006048} 
{0: '0.0', 1: '1.0', 2: '0.0', 3: '1.0', 4: 1.3619992059328536} 
{0: '0.0', 1: '1.0', 2: '0.0', 3: '1.0', 4: 1.6576057919900895} 
{0: '0.0', 1: '1.0', 2: '0.0', 3: '1.0', 4: 0.04012484969493331} 
{0: '0.0', 1: '1.0', 2: '0.0', 3: '1.0', 4: 0.1387477607076716} 
{0: '0.0', 1: '1.0', 2: '0.0', 3: '1.0', 4: 0.16520573620542692} 
{0: '0.0', 1: '1.0', 2: '0.0', 3: '1.0', 4: 0.47725817877328064} 
{0: '0.0', 1: '1.0', 2: '0.0', 3: '1.0', 4: 0.34489098162505333} 
{0: '0.0', 1: '1.0', 2: '0.0', 3: '1.0', 4: 1.0462837917263275} 
{0: '0.0', 1: '1.0', 2: '0.0', 3: '1.0', 4: 2.3783783328838} 
{0: '0.0', 1: '1.0', 2: '0.0', 3: '1.0', 4: 0.15288573385836612} 
{0: '0.0', 1: '1.0', 2: '0.0', 3: '1.0', 4: 2.3773450474142073} 
{0: '0.0', 1: '1.0', 2: '0.0', 3: '1.0', 4: 0.31451298341269146} 
{0: '0.0', 1: '1.0', 2: '0.0', 3: '1.0', 4: 0.14959281404852173} 
{0: '0.0', 1: '1.0', 2: '0.0', 3: '1.0', 4: 0.025859033825891817} 
{0: '0.0', 1: '1.0', 2: '0.0', 3: '1.0', 4: 0.003041610374815775} 
{0: '0.0', 1: '1.0', 2: '0.0', 3: '1.0', 4: 0.1901814090839226} 
{0: '0.0', 1: '1.0', 2: '0.0', 3: '1.0', 4: 0.13862308263865133} 
{0: '0.0', 1: '1.0', 2: '0.0', 3: '1.0', 4: 1.3713669655698923} 
{0: '0.0', 1: '1.0', 2: '0.0', 3: '1.0', 4: 0.007846878709627443} 
{0: '0.0', 1: '1.0', 2: '0.0', 3: '1.0', 4: 0.061569117813662956} 
{0: '0.0', 1: '1.0', 2: '0.0', 3: '1.0', 4: 0.3979272074823757} 
{0: '0.0', 1: '1.0', 2: '0.0', 3: '1.0', 4: 0.36659310815067314} 
{0: '0.0', 1: '1.0', 2: '0.0', 3: '1.0', 4: 0.002864809683082948} 
{0: '0.0', 1: '1.0', 2: '0.0', 3: '1.0', 4: 0.7685527564541567} 
{0: '0.0', 1: '1.0', 2: '0.0', 3: '1.0', 4: 0.0043361409244316255} 
{0: '0.0', 1: '1.0', 2: '0.0', 3: '1.0', 4: 0.0004459169380019709} 
{0: '0.0', 1: '1.0', 2: '0.0', 3: '1.0', 4: 0.11367847498733046} 
{0: '0.0', 1: '1.0', 2: '0.0', 3: '1.0', 4: 0.026607576969027665} 
{0: '0.0', 1: '1.0', 2: '0.0', 3: '1.0', 4: 0.8672249059608793} 
{0: '0.0', 1: '1.0', 2: '0.0', 3: '1.0', 4: 1.607654940675946} 
{0: '0.0', 1: '1.0', 2: '0.0', 3: '1.0', 4: 0.004645733763571766} 
{0: '0.0', 1: '1.0', 2: '0.0', 3: '1.0', 4: 0.6880604928858131} 
